arch,idx,oof_prob,y
baseline,0,0.33409637212753296,1
baseline,1,0.4238635003566742,0
baseline,2,0.3099878132343292,0
baseline,3,0.5320954322814941,1
baseline,4,0.5163247585296631,0
baseline,5,0.49305540323257446,0
baseline,6,0.5580808520317078,0
baseline,7,0.35159412026405334,0
baseline,8,0.5269584059715271,1
baseline,9,0.6355206370353699,0
baseline,10,0.4844449460506439,0
baseline,11,0.497417151927948,0
baseline,12,0.3572462499141693,0
baseline,13,0.5156986117362976,1
baseline,14,0.4908348321914673,0
baseline,15,0.428994745016098,0
baseline,16,0.4466274082660675,0
baseline,17,0.31016477942466736,0
baseline,18,0.479413241147995,0
baseline,19,0.13326230645179749,0
baseline,20,0.38466259837150574,0
baseline,21,0.3969164192676544,0
baseline,22,0.48540252447128296,0
baseline,23,0.34693998098373413,0
baseline,24,0.5859906673431396,0
baseline,25,0.600673496723175,0
baseline,26,0.3527516722679138,0
baseline,27,0.5983304977416992,0
baseline,28,0.6102710962295532,1
baseline,29,0.5054419636726379,0
baseline,30,0.48915594816207886,0
baseline,31,0.5150300860404968,1
baseline,32,0.27230727672576904,0
baseline,33,0.3505815863609314,0
baseline,34,0.3482787013053894,0
baseline,35,0.5240364670753479,0
baseline,36,0.22307756543159485,0
baseline,37,0.20515844225883484,0
baseline,38,0.9243394732475281,0
baseline,39,0.5370855331420898,0
baseline,40,0.36793941259384155,0
baseline,41,0.36848369240760803,0
baseline,42,0.44172924757003784,0
baseline,43,0.49424564838409424,0
baseline,44,0.3631616532802582,0
baseline,45,0.46824565529823303,0
baseline,46,0.42403972148895264,1
baseline,47,0.5588716268539429,1
baseline,48,0.5129701495170593,0
baseline,49,0.38244110345840454,0
baseline,50,0.4702534079551697,0
baseline,51,0.3193463385105133,0
baseline,52,0.24349857866764069,0
baseline,53,0.4394114911556244,0
baseline,54,0.4745725393295288,0
baseline,55,0.1056256890296936,0
baseline,56,0.6269358992576599,0
baseline,57,0.5651242733001709,0
baseline,58,0.5114985108375549,0
baseline,59,0.6772357821464539,0
baseline,60,0.3990902006626129,0
baseline,61,0.5445178747177124,0
baseline,62,0.17528745532035828,0
baseline,63,0.49064552783966064,0
baseline,64,0.43517449498176575,0
baseline,65,0.33194640278816223,0
baseline,66,0.3263588547706604,0
baseline,67,0.42628926038742065,1
baseline,68,0.4947725236415863,0
baseline,69,0.38529539108276367,0
baseline,70,0.3030853271484375,0
baseline,71,0.4974125623703003,0
baseline,72,0.3763333559036255,0
baseline,73,0.35323894023895264,0
baseline,74,0.5556107759475708,0
baseline,75,0.3001314401626587,0
baseline,76,0.3471854627132416,0
baseline,77,0.5158580541610718,0
baseline,78,0.4404827952384949,0
baseline,79,0.3607580065727234,0
baseline,80,0.47983407974243164,0
baseline,81,0.537582278251648,0
baseline,82,0.44658195972442627,1
baseline,83,0.3580995500087738,0
baseline,84,0.37609100341796875,0
baseline,85,0.5304250717163086,0
baseline,86,0.5229517221450806,0
baseline,87,0.4431166648864746,0
baseline,88,0.46835651993751526,0
baseline,89,0.36109915375709534,0
baseline,90,0.47179025411605835,0
baseline,91,0.4672515392303467,0
baseline,92,0.41049203276634216,0
baseline,93,0.3865247070789337,0
baseline,94,0.3200719952583313,0
baseline,95,0.46255311369895935,0
baseline,96,0.37394288182258606,0
baseline,97,0.5408984422683716,0
baseline,98,0.38871437311172485,0
baseline,99,0.5536093711853027,0
baseline,100,0.47215357422828674,0
baseline,101,0.4798140227794647,0
baseline,102,0.38131117820739746,0
baseline,103,0.5215300917625427,0
baseline,104,0.010219182819128036,0
baseline,105,0.5725517272949219,0
baseline,106,0.5025875568389893,0
baseline,107,0.3302716910839081,0
baseline,108,0.48338937759399414,0
baseline,109,0.42278915643692017,0
baseline,110,0.49151983857154846,0
baseline,111,0.4901256263256073,0
baseline,112,0.5021363496780396,0
baseline,113,0.5831865668296814,0
baseline,114,0.24509064853191376,0
baseline,115,0.5332489609718323,0
baseline,116,0.30083605647087097,1
baseline,117,0.4700852930545807,0
baseline,118,0.5316715836524963,0
baseline,119,0.4585682451725006,0
baseline,120,0.5923122763633728,0
baseline,121,0.5107598304748535,0
baseline,122,0.47531962394714355,0
baseline,123,0.3810184895992279,0
baseline,124,0.6816146373748779,0
baseline,125,0.6461067199707031,1
baseline,126,0.6640774607658386,0
baseline,127,0.4315723478794098,1
baseline,128,0.5064956545829773,0
baseline,129,0.5153619050979614,0
baseline,130,0.11052132397890091,0
baseline,131,0.5186848044395447,1
baseline,132,0.5227625966072083,1
baseline,133,0.49640610814094543,0
baseline,134,0.539959728717804,0
baseline,135,0.5853152275085449,1
baseline,136,0.43445849418640137,0
baseline,137,0.5509185194969177,0
baseline,138,0.5325203537940979,0
baseline,139,0.4173421859741211,0
baseline,140,0.4974829852581024,1
baseline,141,0.27100759744644165,0
baseline,142,0.4915662705898285,0
baseline,143,0.5269304513931274,0
baseline,144,0.6185891032218933,0
baseline,145,0.4611526429653168,1
baseline,146,0.5942919254302979,0
baseline,147,0.4185689091682434,0
baseline,148,0.6007540225982666,0
baseline,149,0.31675252318382263,1
baseline,150,0.3346501886844635,0
baseline,151,0.5342620015144348,0
baseline,152,0.41408684849739075,0
baseline,153,0.36042773723602295,0
baseline,154,0.4864574372768402,0
baseline,155,0.3408797085285187,1
baseline,156,0.5771944522857666,0
baseline,157,0.4554290175437927,0
baseline,158,0.508652925491333,0
baseline,159,0.48755601048469543,0
baseline,160,0.49525386095046997,0
baseline,161,0.3917594254016876,0
baseline,162,0.5778973698616028,1
baseline,163,0.5727412104606628,0
baseline,164,0.58062744140625,1
baseline,165,0.3914046585559845,0
baseline,166,0.5209175944328308,1
baseline,167,0.4635331630706787,0
baseline,168,0.3449258506298065,0
baseline,169,0.5343455672264099,0
baseline,170,0.6653783321380615,0
baseline,171,0.4508631229400635,1
baseline,172,0.4191809594631195,0
baseline,173,0.5770093202590942,0
baseline,174,0.4644870460033417,0
baseline,175,0.6977510452270508,0
baseline,176,0.47323471307754517,1
baseline,177,0.5117238163948059,0
baseline,178,0.3639439046382904,0
baseline,179,0.4314505159854889,0
baseline,180,0.39795446395874023,0
baseline,181,0.5018787384033203,0
baseline,182,0.4927533268928528,0
baseline,183,0.573590099811554,0
baseline,184,0.65221107006073,0
baseline,185,0.4150063395500183,0
baseline,186,0.42031848430633545,0
baseline,187,0.4885902404785156,0
baseline,188,0.4577135741710663,0
baseline,189,0.38361629843711853,0
baseline,190,0.45209071040153503,0
baseline,191,0.5539438724517822,0
baseline,192,0.49301233887672424,0
baseline,193,0.5823657512664795,0
baseline,194,0.35509902238845825,0
baseline,195,0.3006315231323242,0
baseline,196,0.4848332405090332,1
baseline,197,0.4588756263256073,0
baseline,198,0.5704216957092285,1
baseline,199,0.3191087245941162,0
baseline,200,0.4516911208629608,0
baseline,201,0.5408644080162048,0
baseline,202,0.8262221813201904,0
baseline,203,0.529816746711731,0
baseline,204,0.5751328468322754,0
baseline,205,0.4000580608844757,0
baseline,206,0.5535132884979248,0
baseline,207,0.4287540018558502,0
baseline,208,0.4532034397125244,0
baseline,209,0.38526082038879395,0
baseline,210,0.48621517419815063,0
baseline,211,0.5092904567718506,0
baseline,212,0.716486930847168,0
baseline,213,0.4351089298725128,0
baseline,214,0.4533449411392212,0
baseline,215,0.6244969964027405,0
baseline,216,0.4186730980873108,0
baseline,217,0.5613301992416382,1
baseline,218,0.4800325334072113,0
baseline,219,0.5287203788757324,1
baseline,220,0.4771278500556946,1
baseline,221,0.5648036599159241,1
baseline,222,0.4899772107601166,0
baseline,223,0.5400329828262329,0
baseline,224,0.43266478180885315,1
baseline,225,0.8488722443580627,1
baseline,226,0.560440182685852,1
baseline,227,0.42670464515686035,1
baseline,228,0.6674078702926636,1
baseline,229,0.6132177710533142,0
baseline,230,0.4954347610473633,1
baseline,231,0.565101146697998,0
baseline,232,0.5868152379989624,0
baseline,233,0.4963777959346771,0
baseline,234,0.580120861530304,1
baseline,235,0.5990923047065735,1
baseline,236,0.4650436341762543,0
baseline,237,0.7100999355316162,0
baseline,238,0.5799278616905212,1
baseline,239,0.5313770771026611,1
baseline,240,0.5557058453559875,0
baseline,241,0.5296400189399719,0
baseline,242,0.5073369145393372,0
baseline,243,0.6232771873474121,0
baseline,244,0.6990190744400024,0
baseline,245,0.5434953570365906,0
baseline,246,0.5652634501457214,0
baseline,247,0.5473009943962097,0
baseline,248,0.5521517395973206,0
baseline,249,0.5056352615356445,0
baseline,250,0.6207371950149536,1
baseline,251,0.5241187810897827,1
baseline,252,0.48111966252326965,0
baseline,253,0.5987220406532288,1
baseline,254,0.6661625504493713,1
baseline,255,0.49981755018234253,1
baseline,256,0.5393463969230652,0
baseline,257,0.6378414034843445,1
baseline,258,0.8985600471496582,0
baseline,259,0.7435754537582397,1
baseline,260,0.7717699408531189,1
baseline,261,0.5684905052185059,0
baseline,262,0.44387707114219666,0
baseline,263,0.5319554805755615,0
baseline,264,0.7757349014282227,0
baseline,265,0.5999870896339417,1
baseline,266,0.6359691619873047,1
baseline,267,0.5155526399612427,0
baseline,268,0.6979023814201355,0
baseline,269,0.4351047873497009,0
baseline,270,0.3697391450405121,1
baseline,271,0.5112863183021545,1
baseline,272,0.628654956817627,0
baseline,273,0.4785420298576355,1
baseline,274,0.4590916633605957,0
baseline,275,0.5191711783409119,1
baseline,276,0.5005817413330078,1
baseline,277,0.29328060150146484,0
baseline,278,0.20249497890472412,0
baseline,279,0.45258593559265137,0
baseline,280,0.42804038524627686,0
baseline,281,0.37988272309303284,1
baseline,282,0.7327767014503479,1
baseline,283,0.528779149055481,0
baseline,284,0.5343284606933594,0
baseline,285,0.4016544222831726,0
baseline,286,0.5064428448677063,0
baseline,287,0.44805392622947693,1
baseline,288,0.2761622965335846,0
baseline,289,0.6512276530265808,1
baseline,290,0.4961540699005127,0
baseline,291,0.5198001861572266,0
baseline,292,0.40930935740470886,0
baseline,293,0.4979826807975769,0
baseline,294,0.5199013352394104,0
baseline,295,0.29976382851600647,0
baseline,296,0.4954754114151001,0
baseline,297,0.5626691579818726,1
baseline,298,0.4953451156616211,0
baseline,299,0.49068352580070496,0
baseline,300,0.35949626564979553,0
baseline,301,0.4657652974128723,0
baseline,302,0.5004816055297852,0
baseline,303,0.5241622924804688,0
baseline,304,0.44729676842689514,0
baseline,305,0.45961499214172363,0
baseline,306,0.4665442407131195,0
baseline,307,0.3324178457260132,0
baseline,308,0.4916117787361145,1
baseline,309,0.5589152574539185,0
baseline,310,0.402119517326355,0
baseline,311,0.5802053809165955,0
baseline,312,0.5046645402908325,0
baseline,313,0.343474805355072,0
baseline,314,0.49749279022216797,0
baseline,315,0.17146004736423492,0
baseline,316,0.35514748096466064,0
baseline,317,0.2446000576019287,0
baseline,318,0.5172359347343445,1
baseline,319,0.40982940793037415,0
baseline,320,0.033620741218328476,0
baseline,321,0.5595285892486572,0
baseline,322,0.5121188759803772,0
baseline,323,0.473842591047287,0
baseline,324,0.3811795711517334,0
baseline,325,0.32647544145584106,0
baseline,326,0.5178277492523193,0
baseline,327,0.4894118905067444,0
baseline,328,0.38325169682502747,0
baseline,329,0.42632973194122314,0
baseline,330,0.575819194316864,0
baseline,331,0.525551438331604,0
baseline,332,0.49581846594810486,1
baseline,333,0.5186919569969177,0
baseline,334,0.2839517891407013,0
baseline,335,0.34338125586509705,1
baseline,336,0.5114593505859375,1
baseline,337,0.7114672064781189,0
baseline,338,0.37052497267723083,0
baseline,339,0.41577965021133423,0
baseline,340,0.18079331517219543,0
baseline,341,0.5546121001243591,0
baseline,342,0.5178831815719604,0
baseline,343,0.3646591901779175,0
baseline,344,0.4877915680408478,0
baseline,345,0.4830174148082733,0
baseline,346,0.4595036208629608,0
baseline,347,0.5282999873161316,0
baseline,348,0.5446734428405762,0
baseline,349,0.5120242834091187,1
baseline,350,0.5555117130279541,0
baseline,351,0.33750486373901367,0
baseline,352,0.5061613917350769,1
baseline,353,0.5862261056900024,0
baseline,354,0.4241287410259247,0
baseline,355,0.34501346945762634,0
baseline,356,0.49942559003829956,0
baseline,357,0.486989825963974,0
baseline,358,0.544314980506897,0
baseline,359,0.37790295481681824,0
baseline,360,0.4825291931629181,0
baseline,361,0.4966338872909546,0
baseline,362,0.4097220301628113,0
baseline,363,0.3064226508140564,0
baseline,364,0.5322363376617432,1
baseline,365,0.5153229236602783,0
baseline,366,0.41237208247184753,0
baseline,367,0.5406914949417114,1
baseline,368,0.4511869251728058,0
baseline,369,0.5043033957481384,0
baseline,370,0.22615967690944672,0
baseline,371,0.45725786685943604,0
baseline,372,0.44497060775756836,1
baseline,373,0.5322799682617188,0
baseline,374,0.41103753447532654,0
baseline,375,0.6180467009544373,0
baseline,376,0.5107813477516174,0
baseline,377,0.5102530717849731,0
baseline,378,0.42139044404029846,0
baseline,379,0.2997737228870392,0
baseline,380,0.45954108238220215,0
baseline,381,0.5271812677383423,1
baseline,382,0.3907313346862793,0
baseline,383,0.48316752910614014,0
baseline,384,0.5561535358428955,0
baseline,385,0.44060537219047546,0
baseline,386,0.5285875797271729,0
baseline,387,0.1700018048286438,0
baseline,388,0.5099495053291321,0
baseline,389,0.49929314851760864,0
baseline,390,0.520174503326416,0
baseline,391,0.19598709046840668,1
baseline,392,0.26440712809562683,1
baseline,393,0.4395749866962433,0
baseline,394,0.5820173025131226,1
baseline,395,0.5118167400360107,1
baseline,396,0.2100239396095276,0
baseline,397,0.5158671736717224,0
baseline,398,0.5711018443107605,0
baseline,399,0.521772563457489,0
baseline,400,0.3176664710044861,0
baseline,401,0.4508523643016815,0
baseline,402,0.48046305775642395,1
baseline,403,0.1507829874753952,0
baseline,404,0.45937690138816833,0
baseline,405,0.5667257905006409,0
baseline,406,0.2491333782672882,0
baseline,407,0.4619467258453369,0
baseline,408,0.6140255331993103,0
baseline,409,0.40333670377731323,0
baseline,410,0.5992890000343323,1
baseline,411,0.31994354724884033,0
baseline,412,0.5263810157775879,0
baseline,413,0.38119417428970337,0
baseline,414,0.280163049697876,0
baseline,415,0.5878872871398926,1
baseline,416,0.44724130630493164,0
baseline,417,0.4917318522930145,0
baseline,418,0.2425808608531952,1
baseline,419,0.5189392566680908,0
baseline,420,0.6484419107437134,0
baseline,421,0.5334453582763672,0
baseline,422,0.5855016112327576,1
baseline,423,0.3533329367637634,0
baseline,424,0.48816102743148804,0
baseline,425,0.6450223922729492,0
baseline,426,0.5744326114654541,1
baseline,427,0.45639482140541077,0
baseline,428,0.36139538884162903,0
baseline,429,0.7178207039833069,0
baseline,430,0.653338611125946,0
baseline,431,0.5733152627944946,0
baseline,432,0.492912620306015,1
baseline,433,0.7330924272537231,0
baseline,434,0.6551787257194519,0
baseline,435,0.4446195065975189,0
baseline,436,0.23467384278774261,0
baseline,437,0.43619123101234436,0
baseline,438,0.35088643431663513,0
baseline,439,0.4712396264076233,1
baseline,440,0.5304643511772156,0
baseline,441,0.4723660945892334,0
baseline,442,0.09811121970415115,0
baseline,443,0.6352838277816772,1
baseline,444,0.4697514474391937,1
baseline,445,0.4254763424396515,0
baseline,446,0.5583906173706055,0
baseline,447,0.4186405539512634,1
baseline,448,0.15483105182647705,0
baseline,449,0.6500486731529236,0
baseline,450,0.07134826481342316,0
baseline,451,0.5059196352958679,0
baseline,452,0.5498175621032715,1
baseline,453,0.47570258378982544,1
baseline,454,0.37053242325782776,0
baseline,455,0.6442159414291382,0
baseline,456,0.386107474565506,0
baseline,457,0.5726109147071838,1
baseline,458,0.45520129799842834,1
baseline,459,0.5727781057357788,0
baseline,460,0.46239614486694336,0
baseline,461,0.4542177617549896,1
baseline,462,0.6362836956977844,1
baseline,463,0.5552761554718018,0
baseline,464,0.5335305333137512,0
baseline,465,0.5813615322113037,1
baseline,466,0.49507856369018555,0
baseline,467,0.5286328196525574,0
baseline,468,0.43168944120407104,1
baseline,469,0.7292370796203613,0
baseline,470,0.3588000237941742,0
baseline,471,0.4704081416130066,0
baseline,472,0.7248092293739319,1
baseline,473,0.30812984704971313,0
baseline,474,0.7230004072189331,1
baseline,475,0.4361943006515503,0
baseline,476,0.5201027989387512,0
baseline,477,0.3179003894329071,0
baseline,478,0.7288428544998169,0
baseline,479,0.5897901058197021,0
baseline,480,0.485541433095932,1
baseline,481,0.43624910712242126,1
baseline,482,0.5623299479484558,1
baseline,483,0.4384484589099884,0
baseline,484,0.43476176261901855,0
baseline,485,0.3552536964416504,0
baseline,486,0.7141450643539429,1
baseline,487,0.45616817474365234,0
baseline,488,0.6707830429077148,1
baseline,489,0.4921751618385315,0
baseline,490,0.5007246136665344,1
baseline,491,0.693009614944458,0
baseline,492,0.6586184501647949,1
baseline,493,0.5178414583206177,0
baseline,494,0.383560448884964,0
baseline,495,0.6279301643371582,0
baseline,496,0.48172086477279663,1
slim_16,0,0.41845065355300903,1
slim_16,1,0.4368080794811249,0
slim_16,2,0.394549697637558,0
slim_16,3,0.7205199003219604,1
slim_16,4,0.4984111785888672,0
slim_16,5,0.2778165638446808,0
slim_16,6,0.43231210112571716,0
slim_16,7,0.4527636170387268,0
slim_16,8,0.7114033699035645,1
slim_16,9,0.6585633754730225,0
slim_16,10,0.36236637830734253,0
slim_16,11,0.36538854241371155,0
slim_16,12,0.37258100509643555,0
slim_16,13,0.5009361505508423,1
slim_16,14,0.4428701400756836,0
slim_16,15,0.3073156476020813,0
slim_16,16,0.4127044379711151,0
slim_16,17,0.33722636103630066,0
slim_16,18,0.4709530472755432,0
slim_16,19,0.20170216262340546,0
slim_16,20,0.4067199230194092,0
slim_16,21,0.398485004901886,0
slim_16,22,0.42073485255241394,0
slim_16,23,0.48398733139038086,0
slim_16,24,0.6113844513893127,0
slim_16,25,0.6474112272262573,0
slim_16,26,0.44692057371139526,0
slim_16,27,0.6856892108917236,0
slim_16,28,0.7531355023384094,1
slim_16,29,0.44306257367134094,0
slim_16,30,0.509624183177948,0
slim_16,31,0.6414664387702942,1
slim_16,32,0.3674587607383728,0
slim_16,33,0.429910808801651,0
slim_16,34,0.3573540151119232,0
slim_16,35,0.5054944157600403,0
slim_16,36,0.30988621711730957,0
slim_16,37,0.2847026586532593,0
slim_16,38,0.7765834927558899,0
slim_16,39,0.6344836354255676,0
slim_16,40,0.332716166973114,0
slim_16,41,0.34766706824302673,0
slim_16,42,0.40237531065940857,0
slim_16,43,0.39886507391929626,0
slim_16,44,0.5090093016624451,0
slim_16,45,0.3463626503944397,0
slim_16,46,0.4028012752532959,1
slim_16,47,0.5162190198898315,1
slim_16,48,0.4442773759365082,0
slim_16,49,0.2893237769603729,0
slim_16,50,0.46637189388275146,0
slim_16,51,0.35163721442222595,0
slim_16,52,0.1985933631658554,0
slim_16,53,0.39551734924316406,0
slim_16,54,0.29488494992256165,0
slim_16,55,0.16082337498664856,0
slim_16,56,0.6259322166442871,0
slim_16,57,0.5828229784965515,0
slim_16,58,0.4786910116672516,0
slim_16,59,0.79068922996521,0
slim_16,60,0.41794461011886597,0
slim_16,61,0.5776785612106323,0
slim_16,62,0.16623283922672272,0
slim_16,63,0.5865482091903687,0
slim_16,64,0.5120878219604492,0
slim_16,65,0.29010337591171265,0
slim_16,66,0.29206588864326477,0
slim_16,67,0.43843936920166016,1
slim_16,68,0.4930763840675354,0
slim_16,69,0.4608634114265442,0
slim_16,70,0.3517893850803375,0
slim_16,71,0.4802420139312744,0
slim_16,72,0.39469221234321594,0
slim_16,73,0.3864749073982239,0
slim_16,74,0.5786120295524597,0
slim_16,75,0.4898694157600403,0
slim_16,76,0.33920684456825256,0
slim_16,77,0.40663427114486694,0
slim_16,78,0.599706768989563,0
slim_16,79,0.3789519667625427,0
slim_16,80,0.5201951265335083,0
slim_16,81,0.5651446580886841,0
slim_16,82,0.46186986565589905,1
slim_16,83,0.33188337087631226,0
slim_16,84,0.172847718000412,0
slim_16,85,0.5415937900543213,0
slim_16,86,0.5050297379493713,0
slim_16,87,0.3700503408908844,0
slim_16,88,0.5008867979049683,0
slim_16,89,0.3138802647590637,0
slim_16,90,0.44763755798339844,0
slim_16,91,0.46307018399238586,0
slim_16,92,0.39313745498657227,0
slim_16,93,0.47504064440727234,0
slim_16,94,0.38388076424598694,0
slim_16,95,0.3925052583217621,0
slim_16,96,0.41824766993522644,0
slim_16,97,0.4524576961994171,0
slim_16,98,0.34056270122528076,0
slim_16,99,0.5616268515586853,0
slim_16,100,0.37212926149368286,0
slim_16,101,0.4601075053215027,0
slim_16,102,0.27074989676475525,0
slim_16,103,0.552645206451416,0
slim_16,104,0.07155607640743256,0
slim_16,105,0.5309597253799438,0
slim_16,106,0.4229762554168701,0
slim_16,107,0.37421295046806335,0
slim_16,108,0.5275782942771912,0
slim_16,109,0.39442014694213867,0
slim_16,110,0.6009904742240906,0
slim_16,111,0.5443488955497742,0
slim_16,112,0.513300895690918,0
slim_16,113,0.6152526140213013,0
slim_16,114,0.33178985118865967,0
slim_16,115,0.41852322220802307,0
slim_16,116,0.22707439959049225,1
slim_16,117,0.44602859020233154,0
slim_16,118,0.49332621693611145,0
slim_16,119,0.42061492800712585,0
slim_16,120,0.6017704606056213,0
slim_16,121,0.45536625385284424,0
slim_16,122,0.635111927986145,0
slim_16,123,0.2173633873462677,0
slim_16,124,0.648575484752655,0
slim_16,125,0.7387903928756714,1
slim_16,126,0.7564632892608643,0
slim_16,127,0.5698503851890564,1
slim_16,128,0.49148622155189514,0
slim_16,129,0.39279183745384216,0
slim_16,130,0.20581233501434326,0
slim_16,131,0.40193042159080505,1
slim_16,132,0.558275580406189,1
slim_16,133,0.5172545313835144,0
slim_16,134,0.6288430690765381,0
slim_16,135,0.5939339399337769,1
slim_16,136,0.3660248816013336,0
slim_16,137,0.5351331233978271,0
slim_16,138,0.4876275658607483,0
slim_16,139,0.32812124490737915,0
slim_16,140,0.5303283333778381,1
slim_16,141,0.23436543345451355,0
slim_16,142,0.2606786787509918,0
slim_16,143,0.6473715305328369,0
slim_16,144,0.6618096232414246,0
slim_16,145,0.4566064178943634,1
slim_16,146,0.5843914747238159,0
slim_16,147,0.4711996018886566,0
slim_16,148,0.6358840465545654,0
slim_16,149,0.2693290710449219,1
slim_16,150,0.5202969908714294,0
slim_16,151,0.2976859211921692,0
slim_16,152,0.4282756745815277,0
slim_16,153,0.4521441161632538,0
slim_16,154,0.4788207411766052,0
slim_16,155,0.43069809675216675,1
slim_16,156,0.6592857241630554,0
slim_16,157,0.43937668204307556,0
slim_16,158,0.3564842641353607,0
slim_16,159,0.4926441013813019,0
slim_16,160,0.259700208902359,0
slim_16,161,0.2871129810810089,0
slim_16,162,0.724574625492096,1
slim_16,163,0.5458570122718811,0
slim_16,164,0.605211615562439,1
slim_16,165,0.4457095265388489,0
slim_16,166,0.5297155380249023,1
slim_16,167,0.530023455619812,0
slim_16,168,0.27337580919265747,0
slim_16,169,0.5029028654098511,0
slim_16,170,0.4910510182380676,0
slim_16,171,0.4138622283935547,1
slim_16,172,0.4138556122779846,0
slim_16,173,0.6034225821495056,0
slim_16,174,0.4152354896068573,0
slim_16,175,0.6362945437431335,0
slim_16,176,0.41626375913619995,1
slim_16,177,0.6195247769355774,0
slim_16,178,0.08534980565309525,0
slim_16,179,0.423994779586792,0
slim_16,180,0.3537687659263611,0
slim_16,181,0.4621673822402954,0
slim_16,182,0.47874772548675537,0
slim_16,183,0.6202749013900757,0
slim_16,184,0.5473915338516235,0
slim_16,185,0.44077304005622864,0
slim_16,186,0.09505318105220795,0
slim_16,187,0.5657304525375366,0
slim_16,188,0.3238590359687805,0
slim_16,189,0.3929576277732849,0
slim_16,190,0.43481799960136414,0
slim_16,191,0.6102629899978638,0
slim_16,192,0.5582014322280884,0
slim_16,193,0.6052513122558594,0
slim_16,194,0.4293227791786194,0
slim_16,195,0.37148433923721313,0
slim_16,196,0.4653761386871338,1
slim_16,197,0.5172567367553711,0
slim_16,198,0.6004257798194885,1
slim_16,199,0.42105406522750854,0
slim_16,200,0.4322177767753601,0
slim_16,201,0.5107948184013367,0
slim_16,202,0.7767528295516968,0
slim_16,203,0.442602276802063,0
slim_16,204,0.44863805174827576,0
slim_16,205,0.3317369520664215,0
slim_16,206,0.44471776485443115,0
slim_16,207,0.45918020606040955,0
slim_16,208,0.5127649903297424,0
slim_16,209,0.35470065474510193,0
slim_16,210,0.4045819342136383,0
slim_16,211,0.4598881006240845,0
slim_16,212,0.7148430347442627,0
slim_16,213,0.4515513777732849,0
slim_16,214,0.32222187519073486,0
slim_16,215,0.6607786417007446,0
slim_16,216,0.4311203062534332,0
slim_16,217,0.5772106647491455,1
slim_16,218,0.5375881195068359,0
slim_16,219,0.6472392678260803,1
slim_16,220,0.48606234788894653,1
slim_16,221,0.5659576058387756,1
slim_16,222,0.48356470465660095,0
slim_16,223,0.4643927812576294,0
slim_16,224,0.6102439761161804,1
slim_16,225,0.8007267713546753,1
slim_16,226,0.6809238791465759,1
slim_16,227,0.43663308024406433,1
slim_16,228,0.7834619879722595,1
slim_16,229,0.777924120426178,0
slim_16,230,0.5131742358207703,1
slim_16,231,0.581945538520813,0
slim_16,232,0.612359344959259,0
slim_16,233,0.5337139964103699,0
slim_16,234,0.6263086795806885,1
slim_16,235,0.6521264910697937,1
slim_16,236,0.17009031772613525,0
slim_16,237,0.7908390760421753,0
slim_16,238,0.566246509552002,1
slim_16,239,0.5274310111999512,1
slim_16,240,0.6374457478523254,0
slim_16,241,0.5623765587806702,0
slim_16,242,0.5319751501083374,0
slim_16,243,0.6985556483268738,0
slim_16,244,0.7689383029937744,0
slim_16,245,0.5209060907363892,0
slim_16,246,0.6077088117599487,0
slim_16,247,0.4429711401462555,0
slim_16,248,0.5854175686836243,0
slim_16,249,0.45150479674339294,0
slim_16,250,0.6886314749717712,1
slim_16,251,0.4881306290626526,1
slim_16,252,0.3802525997161865,0
slim_16,253,0.623693585395813,1
slim_16,254,0.7944234013557434,1
slim_16,255,0.43529263138771057,1
slim_16,256,0.3230961561203003,0
slim_16,257,0.6341696977615356,1
slim_16,258,0.8825088143348694,0
slim_16,259,0.6437214612960815,1
slim_16,260,0.7639456987380981,1
slim_16,261,0.6098079085350037,0
slim_16,262,0.369274765253067,0
slim_16,263,0.6480214595794678,0
slim_16,264,0.7666863799095154,0
slim_16,265,0.7918245196342468,1
slim_16,266,0.6736738085746765,1
slim_16,267,0.5945119857788086,0
slim_16,268,0.7756463885307312,0
slim_16,269,0.3583739995956421,0
slim_16,270,0.2518271505832672,1
slim_16,271,0.5206015706062317,1
slim_16,272,0.6022133827209473,0
slim_16,273,0.4983603060245514,1
slim_16,274,0.39945998787879944,0
slim_16,275,0.549530565738678,1
slim_16,276,0.5367110967636108,1
slim_16,277,0.2125110775232315,0
slim_16,278,0.2842376232147217,0
slim_16,279,0.5982204079627991,0
slim_16,280,0.44592759013175964,0
slim_16,281,0.38714998960494995,1
slim_16,282,0.7505191564559937,1
slim_16,283,0.4920209050178528,0
slim_16,284,0.5245814323425293,0
slim_16,285,0.29757586121559143,0
slim_16,286,0.535710334777832,0
slim_16,287,0.5568599104881287,1
slim_16,288,0.24532753229141235,0
slim_16,289,0.5974204540252686,1
slim_16,290,0.372045636177063,0
slim_16,291,0.47343355417251587,0
slim_16,292,0.5491178035736084,0
slim_16,293,0.5880346298217773,0
slim_16,294,0.7203809022903442,0
slim_16,295,0.3982820212841034,0
slim_16,296,0.34447288513183594,0
slim_16,297,0.598510205745697,1
slim_16,298,0.3757874369621277,0
slim_16,299,0.4861547648906708,0
slim_16,300,0.23586219549179077,0
slim_16,301,0.420340359210968,0
slim_16,302,0.2923187017440796,0
slim_16,303,0.576040506362915,0
slim_16,304,0.5382313132286072,0
slim_16,305,0.5020811557769775,0
slim_16,306,0.4088115990161896,0
slim_16,307,0.3770356774330139,0
slim_16,308,0.5020130276679993,1
slim_16,309,0.5746927261352539,0
slim_16,310,0.45962584018707275,0
slim_16,311,0.5640912055969238,0
slim_16,312,0.45370420813560486,0
slim_16,313,0.2561923861503601,0
slim_16,314,0.551210343837738,0
slim_16,315,0.3253169655799866,0
slim_16,316,0.43899932503700256,0
slim_16,317,0.28895384073257446,0
slim_16,318,0.5332242846488953,1
slim_16,319,0.26943230628967285,0
slim_16,320,0.19811958074569702,0
slim_16,321,0.5500823259353638,0
slim_16,322,0.6018487215042114,0
slim_16,323,0.6163280606269836,0
slim_16,324,0.466785192489624,0
slim_16,325,0.4079895615577698,0
slim_16,326,0.49196815490722656,0
slim_16,327,0.5918290019035339,0
slim_16,328,0.27730709314346313,0
slim_16,329,0.36947187781333923,0
slim_16,330,0.6977759003639221,0
slim_16,331,0.5340319275856018,0
slim_16,332,0.601224422454834,1
slim_16,333,0.34741973876953125,0
slim_16,334,0.21709449589252472,0
slim_16,335,0.45535340905189514,1
slim_16,336,0.5913373827934265,1
slim_16,337,0.7592618465423584,0
slim_16,338,0.4507942199707031,0
slim_16,339,0.4012111723423004,0
slim_16,340,0.1613345593214035,0
slim_16,341,0.5541841387748718,0
slim_16,342,0.5739398002624512,0
slim_16,343,0.48690715432167053,0
slim_16,344,0.5397316813468933,0
slim_16,345,0.5407257080078125,0
slim_16,346,0.193745955824852,0
slim_16,347,0.39763763546943665,0
slim_16,348,0.6640819907188416,0
slim_16,349,0.4820344150066376,1
slim_16,350,0.2096576690673828,0
slim_16,351,0.2535717785358429,0
slim_16,352,0.37886831164360046,1
slim_16,353,0.4046797454357147,0
slim_16,354,0.3722502291202545,0
slim_16,355,0.3159628212451935,0
slim_16,356,0.5526527166366577,0
slim_16,357,0.4606578052043915,0
slim_16,358,0.4407127797603607,0
slim_16,359,0.415896475315094,0
slim_16,360,0.38726937770843506,0
slim_16,361,0.5378556251525879,0
slim_16,362,0.38805297017097473,0
slim_16,363,0.21944324672222137,0
slim_16,364,0.496060311794281,1
slim_16,365,0.4526713192462921,0
slim_16,366,0.46227964758872986,0
slim_16,367,0.5725331902503967,1
slim_16,368,0.13903185725212097,0
slim_16,369,0.5481658577919006,0
slim_16,370,0.14321374893188477,0
slim_16,371,0.5083016157150269,0
slim_16,372,0.32997098565101624,1
slim_16,373,0.47764480113983154,0
slim_16,374,0.33259886503219604,0
slim_16,375,0.6742048263549805,0
slim_16,376,0.4400315284729004,0
slim_16,377,0.49819064140319824,0
slim_16,378,0.5196443200111389,0
slim_16,379,0.39902347326278687,0
slim_16,380,0.49492472410202026,0
slim_16,381,0.4734545052051544,1
slim_16,382,0.4986863136291504,0
slim_16,383,0.4594138264656067,0
slim_16,384,0.5501655340194702,0
slim_16,385,0.5555161833763123,0
slim_16,386,0.42336827516555786,0
slim_16,387,0.2865203320980072,0
slim_16,388,0.3342877924442291,0
slim_16,389,0.48364412784576416,0
slim_16,390,0.44236621260643005,0
slim_16,391,0.29134392738342285,1
slim_16,392,0.41707128286361694,1
slim_16,393,0.3817059099674225,0
slim_16,394,0.5727049112319946,1
slim_16,395,0.4811677932739258,1
slim_16,396,0.3360925018787384,0
slim_16,397,0.5632573962211609,0
slim_16,398,0.6020461916923523,0
slim_16,399,0.4217333197593689,0
slim_16,400,0.40661293268203735,0
slim_16,401,0.3984016180038452,0
slim_16,402,0.44062286615371704,1
slim_16,403,0.32253432273864746,0
slim_16,404,0.45470288395881653,0
slim_16,405,0.6367400288581848,0
slim_16,406,0.3968602418899536,0
slim_16,407,0.4953661262989044,0
slim_16,408,0.6590415835380554,0
slim_16,409,0.5433058738708496,0
slim_16,410,0.5981408953666687,1
slim_16,411,0.317328542470932,0
slim_16,412,0.4320923388004303,0
slim_16,413,0.380510151386261,0
slim_16,414,0.22411243617534637,0
slim_16,415,0.7110216617584229,1
slim_16,416,0.35593417286872864,0
slim_16,417,0.49244317412376404,0
slim_16,418,0.16381323337554932,1
slim_16,419,0.391624391078949,0
slim_16,420,0.5700557827949524,0
slim_16,421,0.39592862129211426,0
slim_16,422,0.6699821949005127,1
slim_16,423,0.3856480121612549,0
slim_16,424,0.4877204895019531,0
slim_16,425,0.7235758900642395,0
slim_16,426,0.5748823881149292,1
slim_16,427,0.2594391405582428,0
slim_16,428,0.4467332065105438,0
slim_16,429,0.5619627237319946,0
slim_16,430,0.6069402694702148,0
slim_16,431,0.6147097945213318,0
slim_16,432,0.4416106045246124,1
slim_16,433,0.7033864855766296,0
slim_16,434,0.7409484386444092,0
slim_16,435,0.11411541700363159,0
slim_16,436,0.21227918565273285,0
slim_16,437,0.49070805311203003,0
slim_16,438,0.3018249273300171,0
slim_16,439,0.47038769721984863,1
slim_16,440,0.3804679811000824,0
slim_16,441,0.42066383361816406,0
slim_16,442,0.16708767414093018,0
slim_16,443,0.582133412361145,1
slim_16,444,0.47298893332481384,1
slim_16,445,0.421906054019928,0
slim_16,446,0.49913835525512695,0
slim_16,447,0.437682181596756,1
slim_16,448,0.33939579129219055,0
slim_16,449,0.7121858596801758,0
slim_16,450,0.28427261114120483,0
slim_16,451,0.49005037546157837,0
slim_16,452,0.3565211892127991,1
slim_16,453,0.5113229751586914,1
slim_16,454,0.40466663241386414,0
slim_16,455,0.7793788313865662,0
slim_16,456,0.2883550822734833,0
slim_16,457,0.4984656572341919,1
slim_16,458,0.4777366816997528,1
slim_16,459,0.6231545209884644,0
slim_16,460,0.4281616508960724,0
slim_16,461,0.5460686087608337,1
slim_16,462,0.6595004200935364,1
slim_16,463,0.517606258392334,0
slim_16,464,0.5506006479263306,0
slim_16,465,0.5831827521324158,1
slim_16,466,0.1984957605600357,0
slim_16,467,0.49931156635284424,0
slim_16,468,0.5028884410858154,1
slim_16,469,0.7444310188293457,0
slim_16,470,0.369855672121048,0
slim_16,471,0.3902220129966736,0
slim_16,472,0.8222820162773132,1
slim_16,473,0.261001855134964,0
slim_16,474,0.6764804720878601,1
slim_16,475,0.39212560653686523,0
slim_16,476,0.5062892436981201,0
slim_16,477,0.21026161313056946,0
slim_16,478,0.6679156422615051,0
slim_16,479,0.6683730483055115,0
slim_16,480,0.19855251908302307,1
slim_16,481,0.401441365480423,1
slim_16,482,0.48130548000335693,1
slim_16,483,0.5048993825912476,0
slim_16,484,0.5063997507095337,0
slim_16,485,0.3044695258140564,0
slim_16,486,0.8274063467979431,1
slim_16,487,0.426850289106369,0
slim_16,488,0.8054279088973999,1
slim_16,489,0.37139302492141724,0
slim_16,490,0.4826841354370117,1
slim_16,491,0.5362464785575867,0
slim_16,492,0.8328009247779846,1
slim_16,493,0.6654611825942993,0
slim_16,494,0.3744202256202698,0
slim_16,495,0.5995938181877136,0
slim_16,496,0.5389601588249207,1
slim_8,0,0.28617796301841736,1
slim_8,1,0.4546529948711395,0
slim_8,2,0.281436949968338,0
slim_8,3,0.6379478573799133,1
slim_8,4,0.44327834248542786,0
slim_8,5,0.2561039328575134,0
slim_8,6,0.41318535804748535,0
slim_8,7,0.31145891547203064,0
slim_8,8,0.6392350792884827,1
slim_8,9,0.5719676613807678,0
slim_8,10,0.3314860463142395,0
slim_8,11,0.29371750354766846,0
slim_8,12,0.3600618243217468,0
slim_8,13,0.44430023431777954,1
slim_8,14,0.3702169358730316,0
slim_8,15,0.27235662937164307,0
slim_8,16,0.4823055863380432,0
slim_8,17,0.2744543254375458,0
slim_8,18,0.4905056059360504,0
slim_8,19,0.3408662676811218,0
slim_8,20,0.46271201968193054,0
slim_8,21,0.43102550506591797,0
slim_8,22,0.3574800491333008,0
slim_8,23,0.3188907206058502,0
slim_8,24,0.4239486753940582,0
slim_8,25,0.45356154441833496,0
slim_8,26,0.3181535601615906,0
slim_8,27,0.5637587904930115,0
slim_8,28,0.7268104553222656,1
slim_8,29,0.38164395093917847,0
slim_8,30,0.5337597131729126,0
slim_8,31,0.5895633697509766,1
slim_8,32,0.32505112886428833,0
slim_8,33,0.48234331607818604,0
slim_8,34,0.3302891254425049,0
slim_8,35,0.5206142067909241,0
slim_8,36,0.29549846053123474,0
slim_8,37,0.40745776891708374,0
slim_8,38,0.8719553351402283,0
slim_8,39,0.6013344526290894,0
slim_8,40,0.40054312348365784,0
slim_8,41,0.3166920840740204,0
slim_8,42,0.3351607918739319,0
slim_8,43,0.3629451096057892,0
slim_8,44,0.3193388283252716,0
slim_8,45,0.43927687406539917,0
slim_8,46,0.5405451059341431,1
slim_8,47,0.5099940896034241,1
slim_8,48,0.47123631834983826,0
slim_8,49,0.32513681054115295,0
slim_8,50,0.4798446595668793,0
slim_8,51,0.36290961503982544,0
slim_8,52,0.30434805154800415,0
slim_8,53,0.3283941149711609,0
slim_8,54,0.2586733400821686,0
slim_8,55,0.1675824075937271,0
slim_8,56,0.4268902540206909,0
slim_8,57,0.5371683239936829,0
slim_8,58,0.4458000957965851,0
slim_8,59,0.7326955199241638,0
slim_8,60,0.41356080770492554,0
slim_8,61,0.5501064658164978,0
slim_8,62,0.23117853701114655,0
slim_8,63,0.3507779538631439,0
slim_8,64,0.5195598602294922,0
slim_8,65,0.3348170518875122,0
slim_8,66,0.23321688175201416,0
slim_8,67,0.4609028100967407,1
slim_8,68,0.48731955885887146,0
slim_8,69,0.5529235601425171,0
slim_8,70,0.33008742332458496,0
slim_8,71,0.5258653163909912,0
slim_8,72,0.4135652482509613,0
slim_8,73,0.2846585810184479,0
slim_8,74,0.5496643781661987,0
slim_8,75,0.436190664768219,0
slim_8,76,0.2760009467601776,0
slim_8,77,0.4045715034008026,0
slim_8,78,0.516797661781311,0
slim_8,79,0.3676300644874573,0
slim_8,80,0.5434809327125549,0
slim_8,81,0.5296164155006409,0
slim_8,82,0.37916114926338196,1
slim_8,83,0.279057115316391,0
slim_8,84,0.34641191363334656,0
slim_8,85,0.49852514266967773,0
slim_8,86,0.4982739984989166,0
slim_8,87,0.37248435616493225,0
slim_8,88,0.4081647992134094,0
slim_8,89,0.3660283386707306,0
slim_8,90,0.4043334126472473,0
slim_8,91,0.439992755651474,0
slim_8,92,0.4172598123550415,0
slim_8,93,0.5107791423797607,0
slim_8,94,0.2907981872558594,0
slim_8,95,0.37255069613456726,0
slim_8,96,0.36818939447402954,0
slim_8,97,0.47457003593444824,0
slim_8,98,0.2428535670042038,0
slim_8,99,0.5126624703407288,0
slim_8,100,0.3793778717517853,0
slim_8,101,0.40775883197784424,0
slim_8,102,0.4409683644771576,0
slim_8,103,0.5292477607727051,0
slim_8,104,0.09643258154392242,0
slim_8,105,0.6549410820007324,0
slim_8,106,0.38845664262771606,0
slim_8,107,0.3711513876914978,0
slim_8,108,0.5207372903823853,0
slim_8,109,0.30268365144729614,0
slim_8,110,0.5831557512283325,0
slim_8,111,0.5602589845657349,0
slim_8,112,0.5345982909202576,0
slim_8,113,0.6130946278572083,0
slim_8,114,0.36718711256980896,0
slim_8,115,0.36690303683280945,0
slim_8,116,0.12396273761987686,1
slim_8,117,0.4483106732368469,0
slim_8,118,0.5642958879470825,0
slim_8,119,0.43504685163497925,0
slim_8,120,0.4264657199382782,0
slim_8,121,0.42698410153388977,0
slim_8,122,0.5589247941970825,0
slim_8,123,0.2715640962123871,0
slim_8,124,0.7116698622703552,0
slim_8,125,0.48499244451522827,1
slim_8,126,0.6438471078872681,0
slim_8,127,0.548078179359436,1
slim_8,128,0.43471208214759827,0
slim_8,129,0.41822171211242676,0
slim_8,130,0.21123069524765015,0
slim_8,131,0.4157027006149292,1
slim_8,132,0.5510005950927734,1
slim_8,133,0.4514402747154236,0
slim_8,134,0.591826856136322,0
slim_8,135,0.6022268533706665,1
slim_8,136,0.34523624181747437,0
slim_8,137,0.5066196322441101,0
slim_8,138,0.3897748589515686,0
slim_8,139,0.23289909958839417,0
slim_8,140,0.5363983511924744,1
slim_8,141,0.1530434936285019,0
slim_8,142,0.28552669286727905,0
slim_8,143,0.5933986306190491,0
slim_8,144,0.685036838054657,0
slim_8,145,0.393563836812973,1
slim_8,146,0.5767578482627869,0
slim_8,147,0.4618127942085266,0
slim_8,148,0.6250772476196289,0
slim_8,149,0.1650456041097641,1
slim_8,150,0.487341046333313,0
slim_8,151,0.3912248909473419,0
slim_8,152,0.44585391879081726,0
slim_8,153,0.3697970509529114,0
slim_8,154,0.4755259156227112,0
slim_8,155,0.30441194772720337,1
slim_8,156,0.6528961062431335,0
slim_8,157,0.3834076523780823,0
slim_8,158,0.4045619070529938,0
slim_8,159,0.5076017379760742,0
slim_8,160,0.26977166533470154,0
slim_8,161,0.257407009601593,0
slim_8,162,0.5899481773376465,1
slim_8,163,0.4240737557411194,0
slim_8,164,0.5794955492019653,1
slim_8,165,0.5189297199249268,0
slim_8,166,0.40877974033355713,1
slim_8,167,0.5158729553222656,0
slim_8,168,0.3317165970802307,0
slim_8,169,0.5738058686256409,0
slim_8,170,0.523801326751709,0
slim_8,171,0.4212714433670044,1
slim_8,172,0.33427178859710693,0
slim_8,173,0.548793613910675,0
slim_8,174,0.4062342941761017,0
slim_8,175,0.6428835988044739,0
slim_8,176,0.3512529134750366,1
slim_8,177,0.59382563829422,0
slim_8,178,0.11953964829444885,0
slim_8,179,0.3928055763244629,0
slim_8,180,0.24796047806739807,0
slim_8,181,0.46735453605651855,0
slim_8,182,0.42161935567855835,0
slim_8,183,0.6281416416168213,0
slim_8,184,0.6030735373497009,0
slim_8,185,0.424142062664032,0
slim_8,186,0.14561006426811218,0
slim_8,187,0.5618163347244263,0
slim_8,188,0.34788528084754944,0
slim_8,189,0.2546127736568451,0
slim_8,190,0.41345342993736267,0
slim_8,191,0.642209529876709,0
slim_8,192,0.474460631608963,0
slim_8,193,0.6374877095222473,0
slim_8,194,0.5195683240890503,0
slim_8,195,0.4660150706768036,0
slim_8,196,0.5320243239402771,1
slim_8,197,0.5215763449668884,0
slim_8,198,0.6398261785507202,1
slim_8,199,0.4420902729034424,0
slim_8,200,0.35945388674736023,0
slim_8,201,0.5021443963050842,0
slim_8,202,0.4837164580821991,0
slim_8,203,0.47619083523750305,0
slim_8,204,0.5449029803276062,0
slim_8,205,0.23011574149131775,0
slim_8,206,0.5206142067909241,0
slim_8,207,0.46529415249824524,0
slim_8,208,0.5313462018966675,0
slim_8,209,0.3064483404159546,0
slim_8,210,0.3710066080093384,0
slim_8,211,0.4603973925113678,0
slim_8,212,0.46733540296554565,0
slim_8,213,0.43593162298202515,0
slim_8,214,0.3512036204338074,0
slim_8,215,0.6685300469398499,0
slim_8,216,0.4283406138420105,0
slim_8,217,0.5290465950965881,1
slim_8,218,0.4538819491863251,0
slim_8,219,0.4846372902393341,1
slim_8,220,0.440750390291214,1
slim_8,221,0.6068089604377747,1
slim_8,222,0.5304431319236755,0
slim_8,223,0.44796985387802124,0
slim_8,224,0.5572192668914795,1
slim_8,225,0.742139995098114,1
slim_8,226,0.6384570002555847,1
slim_8,227,0.40280258655548096,1
slim_8,228,0.6971210837364197,1
slim_8,229,0.7068742513656616,0
slim_8,230,0.5350068807601929,1
slim_8,231,0.6146287322044373,0
slim_8,232,0.4521455764770508,0
slim_8,233,0.4679408073425293,0
slim_8,234,0.6415730118751526,1
slim_8,235,0.6029571294784546,1
slim_8,236,0.361131876707077,0
slim_8,237,0.5145047307014465,0
slim_8,238,0.43343862891197205,1
slim_8,239,0.44767263531684875,1
slim_8,240,0.5960593819618225,0
slim_8,241,0.5027583241462708,0
slim_8,242,0.5281040668487549,0
slim_8,243,0.6764198541641235,0
slim_8,244,0.48211753368377686,0
slim_8,245,0.5987473130226135,0
slim_8,246,0.6145877838134766,0
slim_8,247,0.45495569705963135,0
slim_8,248,0.5421115159988403,0
slim_8,249,0.45532235503196716,0
slim_8,250,0.6883209347724915,1
slim_8,251,0.43712204694747925,1
slim_8,252,0.43679600954055786,0
slim_8,253,0.46604153513908386,1
slim_8,254,0.7062225937843323,1
slim_8,255,0.47086262702941895,1
slim_8,256,0.48462629318237305,0
slim_8,257,0.652585506439209,1
slim_8,258,0.8452754020690918,0
slim_8,259,0.6415596604347229,1
slim_8,260,0.4113759398460388,1
slim_8,261,0.5538848638534546,0
slim_8,262,0.3572269678115845,0
slim_8,263,0.4622030258178711,0
slim_8,264,0.716064989566803,0
slim_8,265,0.7389921545982361,1
slim_8,266,0.6485235691070557,1
slim_8,267,0.47058337926864624,0
slim_8,268,0.4900767207145691,0
slim_8,269,0.3604094088077545,0
slim_8,270,0.31759506464004517,1
slim_8,271,0.5932155847549438,1
slim_8,272,0.6948072910308838,0
slim_8,273,0.4001287519931793,1
slim_8,274,0.29977089166641235,0
slim_8,275,0.5460711121559143,1
slim_8,276,0.4132547080516815,1
slim_8,277,0.27262476086616516,0
slim_8,278,0.2689965069293976,0
slim_8,279,0.35701248049736023,0
slim_8,280,0.326803058385849,0
slim_8,281,0.3412935733795166,1
slim_8,282,0.7972561717033386,1
slim_8,283,0.4283089339733124,0
slim_8,284,0.4754064679145813,0
slim_8,285,0.3452809154987335,0
slim_8,286,0.5111685395240784,0
slim_8,287,0.36186182498931885,1
slim_8,288,0.3957982361316681,0
slim_8,289,0.5901882648468018,1
slim_8,290,0.331490695476532,0
slim_8,291,0.45154890418052673,0
slim_8,292,0.32783034443855286,0
slim_8,293,0.5539776682853699,0
slim_8,294,0.6273324489593506,0
slim_8,295,0.43812745809555054,0
slim_8,296,0.3896869122982025,0
slim_8,297,0.6474831700325012,1
slim_8,298,0.39741051197052,0
slim_8,299,0.5150995254516602,0
slim_8,300,0.3047156035900116,0
slim_8,301,0.4579869508743286,0
slim_8,302,0.35369402170181274,0
slim_8,303,0.5178252458572388,0
slim_8,304,0.561014711856842,0
slim_8,305,0.5221072435379028,0
slim_8,306,0.335204541683197,0
slim_8,307,0.2939838171005249,0
slim_8,308,0.4493444859981537,1
slim_8,309,0.580451250076294,0
slim_8,310,0.5318326354026794,0
slim_8,311,0.5691978335380554,0
slim_8,312,0.5347135663032532,0
slim_8,313,0.19514402747154236,0
slim_8,314,0.5434930920600891,0
slim_8,315,0.29507073760032654,0
slim_8,316,0.31014856696128845,0
slim_8,317,0.27581295371055603,0
slim_8,318,0.44639456272125244,1
slim_8,319,0.31811484694480896,0
slim_8,320,0.21623101830482483,0
slim_8,321,0.5911093354225159,0
slim_8,322,0.4608287811279297,0
slim_8,323,0.3649149537086487,0
slim_8,324,0.452043741941452,0
slim_8,325,0.48461052775382996,0
slim_8,326,0.4035654067993164,0
slim_8,327,0.5498744249343872,0
slim_8,328,0.33783286809921265,0
slim_8,329,0.4839043617248535,0
slim_8,330,0.392027348279953,0
slim_8,331,0.5837826132774353,0
slim_8,332,0.3991960287094116,1
slim_8,333,0.44693028926849365,0
slim_8,334,0.3251793086528778,0
slim_8,335,0.5305156707763672,1
slim_8,336,0.5524199604988098,1
slim_8,337,0.670475423336029,0
slim_8,338,0.3480999171733856,0
slim_8,339,0.40575098991394043,0
slim_8,340,0.22604486346244812,0
slim_8,341,0.5732236504554749,0
slim_8,342,0.3987524211406708,0
slim_8,343,0.5715686082839966,0
slim_8,344,0.39862728118896484,0
slim_8,345,0.46573856472969055,0
slim_8,346,0.18271493911743164,0
slim_8,347,0.462193101644516,0
slim_8,348,0.588243305683136,0
slim_8,349,0.4190731942653656,1
slim_8,350,0.21166838705539703,0
slim_8,351,0.2959182560443878,0
slim_8,352,0.4174416959285736,1
slim_8,353,0.4575231969356537,0
slim_8,354,0.42805370688438416,0
slim_8,355,0.3501187860965729,0
slim_8,356,0.45319339632987976,0
slim_8,357,0.5206142067909241,0
slim_8,358,0.44995054602622986,0
slim_8,359,0.43745794892311096,0
slim_8,360,0.3473846912384033,0
slim_8,361,0.38412752747535706,0
slim_8,362,0.38485607504844666,0
slim_8,363,0.32840320467948914,0
slim_8,364,0.5394890904426575,1
slim_8,365,0.5371204614639282,0
slim_8,366,0.526397168636322,0
slim_8,367,0.5657144784927368,1
slim_8,368,0.16532747447490692,0
slim_8,369,0.5562602877616882,0
slim_8,370,0.24584989249706268,0
slim_8,371,0.43802499771118164,0
slim_8,372,0.4037488102912903,1
slim_8,373,0.5588734745979309,0
slim_8,374,0.4541779160499573,0
slim_8,375,0.41920754313468933,0
slim_8,376,0.4005448818206787,0
slim_8,377,0.5135580897331238,0
slim_8,378,0.5379584431648254,0
slim_8,379,0.42906346917152405,0
slim_8,380,0.40394678711891174,0
slim_8,381,0.4875808358192444,1
slim_8,382,0.5149055123329163,0
slim_8,383,0.46619105339050293,0
slim_8,384,0.5442119836807251,0
slim_8,385,0.5551318526268005,0
slim_8,386,0.41318371891975403,0
slim_8,387,0.30310869216918945,0
slim_8,388,0.33249303698539734,0
slim_8,389,0.5206142067909241,0
slim_8,390,0.4510153532028198,0
slim_8,391,0.3897661566734314,1
slim_8,392,0.4411941468715668,1
slim_8,393,0.4057053029537201,0
slim_8,394,0.4224404990673065,1
slim_8,395,0.45614323019981384,1
slim_8,396,0.3727617561817169,0
slim_8,397,0.5735042691230774,0
slim_8,398,0.6100513935089111,0
slim_8,399,0.4667757451534271,0
slim_8,400,0.5447178483009338,0
slim_8,401,0.40057066082954407,0
slim_8,402,0.46819931268692017,1
slim_8,403,0.3705071806907654,0
slim_8,404,0.42389675974845886,0
slim_8,405,0.4562586843967438,0
slim_8,406,0.437281996011734,0
slim_8,407,0.5337907671928406,0
slim_8,408,0.4429049789905548,0
slim_8,409,0.5240489840507507,0
slim_8,410,0.6207919120788574,1
slim_8,411,0.3786006271839142,0
slim_8,412,0.42835304141044617,0
slim_8,413,0.2850677967071533,0
slim_8,414,0.2449348419904709,0
slim_8,415,0.6695088744163513,1
slim_8,416,0.37815794348716736,0
slim_8,417,0.5133269429206848,0
slim_8,418,0.18157728016376495,1
slim_8,419,0.399008572101593,0
slim_8,420,0.6555241942405701,0
slim_8,421,0.42518019676208496,0
slim_8,422,0.4735219478607178,1
slim_8,423,0.48488473892211914,0
slim_8,424,0.4792725145816803,0
slim_8,425,0.630534291267395,0
slim_8,426,0.6322884559631348,1
slim_8,427,0.27148139476776123,0
slim_8,428,0.3905719816684723,0
slim_8,429,0.61259925365448,0
slim_8,430,0.6029189825057983,0
slim_8,431,0.5416684746742249,0
slim_8,432,0.40648216009140015,1
slim_8,433,0.4568440616130829,0
slim_8,434,0.6850845813751221,0
slim_8,435,0.14226573705673218,0
slim_8,436,0.39718443155288696,0
slim_8,437,0.5160956382751465,0
slim_8,438,0.26542240381240845,0
slim_8,439,0.45570921897888184,1
slim_8,440,0.3968276083469391,0
slim_8,441,0.35438400506973267,0
slim_8,442,0.3183336853981018,0
slim_8,443,0.6787745952606201,1
slim_8,444,0.4305759370326996,1
slim_8,445,0.3311067521572113,0
slim_8,446,0.4755709171295166,0
slim_8,447,0.3999737501144409,1
slim_8,448,0.24926865100860596,0
slim_8,449,0.6075305342674255,0
slim_8,450,0.24679341912269592,0
slim_8,451,0.4359090328216553,0
slim_8,452,0.3988885283470154,1
slim_8,453,0.5565362572669983,1
slim_8,454,0.4640648663043976,0
slim_8,455,0.7010700106620789,0
slim_8,456,0.3570221960544586,0
slim_8,457,0.46706438064575195,1
slim_8,458,0.45485588908195496,1
slim_8,459,0.4518946409225464,0
slim_8,460,0.34627917408943176,0
slim_8,461,0.516797661781311,1
slim_8,462,0.44041457772254944,1
slim_8,463,0.48764070868492126,0
slim_8,464,0.5129002928733826,0
slim_8,465,0.6722228527069092,1
slim_8,466,0.46430662274360657,0
slim_8,467,0.48827362060546875,0
slim_8,468,0.4973122775554657,1
slim_8,469,0.44254931807518005,0
slim_8,470,0.47765007615089417,0
slim_8,471,0.4010477066040039,0
slim_8,472,0.8188616633415222,1
slim_8,473,0.18679721653461456,0
slim_8,474,0.7580969333648682,1
slim_8,475,0.35912927985191345,0
slim_8,476,0.5315424799919128,0
slim_8,477,0.24121803045272827,0
slim_8,478,0.6578412055969238,0
slim_8,479,0.6167107224464417,0
slim_8,480,0.29697850346565247,1
slim_8,481,0.37378135323524475,1
slim_8,482,0.48062556982040405,1
slim_8,483,0.40625008940696716,0
slim_8,484,0.4309263825416565,0
slim_8,485,0.3298839032649994,0
slim_8,486,0.8018721342086792,1
slim_8,487,0.346780925989151,0
slim_8,488,0.7885254621505737,1
slim_8,489,0.30950480699539185,0
slim_8,490,0.5193113088607788,1
slim_8,491,0.74629145860672,0
slim_8,492,0.8170708417892456,1
slim_8,493,0.639320433139801,0
slim_8,494,0.23076355457305908,0
slim_8,495,0.45489034056663513,0
slim_8,496,0.504899799823761,1
slim_16_d06,0,0.42142626643180847,1
slim_16_d06,1,0.5177031755447388,0
slim_16_d06,2,0.4004000127315521,0
slim_16_d06,3,0.573416531085968,1
slim_16_d06,4,0.5299320220947266,0
slim_16_d06,5,0.2852852940559387,0
slim_16_d06,6,0.43558982014656067,0
slim_16_d06,7,0.4341197907924652,0
slim_16_d06,8,0.5698320269584656,1
slim_16_d06,9,0.5893365740776062,0
slim_16_d06,10,0.33898335695266724,0
slim_16_d06,11,0.3209291696548462,0
slim_16_d06,12,0.31480368971824646,0
slim_16_d06,13,0.4796721935272217,1
slim_16_d06,14,0.4157196581363678,0
slim_16_d06,15,0.2767409682273865,0
slim_16_d06,16,0.4518871009349823,0
slim_16_d06,17,0.4128965139389038,0
slim_16_d06,18,0.5032042264938354,0
slim_16_d06,19,0.36986783146858215,0
slim_16_d06,20,0.4910709261894226,0
slim_16_d06,21,0.42034512758255005,0
slim_16_d06,22,0.43134474754333496,0
slim_16_d06,23,0.4534350335597992,0
slim_16_d06,24,0.5572093725204468,0
slim_16_d06,25,0.5881646871566772,0
slim_16_d06,26,0.4360235035419464,0
slim_16_d06,27,0.6245872974395752,0
slim_16_d06,28,0.6904019713401794,1
slim_16_d06,29,0.4169793128967285,0
slim_16_d06,30,0.48712193965911865,0
slim_16_d06,31,0.5586702823638916,1
slim_16_d06,32,0.3511573076248169,0
slim_16_d06,33,0.4292847514152527,0
slim_16_d06,34,0.408598929643631,0
slim_16_d06,35,0.5378186702728271,0
slim_16_d06,36,0.3148132562637329,0
slim_16_d06,37,0.4022926390171051,0
slim_16_d06,38,0.8712494969367981,0
slim_16_d06,39,0.5592789649963379,0
slim_16_d06,40,0.4191448390483856,0
slim_16_d06,41,0.3930647075176239,0
slim_16_d06,42,0.3799479007720947,0
slim_16_d06,43,0.34429818391799927,0
slim_16_d06,44,0.45576250553131104,0
slim_16_d06,45,0.45818307995796204,0
slim_16_d06,46,0.5057578086853027,1
slim_16_d06,47,0.5036618709564209,1
slim_16_d06,48,0.5030655860900879,0
slim_16_d06,49,0.3864932954311371,0
slim_16_d06,50,0.5209503769874573,0
slim_16_d06,51,0.414437472820282,0
slim_16_d06,52,0.32323333621025085,0
slim_16_d06,53,0.3370174467563629,0
slim_16_d06,54,0.25669482350349426,0
slim_16_d06,55,0.18201282620429993,0
slim_16_d06,56,0.5424115061759949,0
slim_16_d06,57,0.5462065935134888,0
slim_16_d06,58,0.45842093229293823,0
slim_16_d06,59,0.6947043538093567,0
slim_16_d06,60,0.3547019064426422,0
slim_16_d06,61,0.5704537034034729,0
slim_16_d06,62,0.311707466840744,0
slim_16_d06,63,0.5392062664031982,0
slim_16_d06,64,0.4979713261127472,0
slim_16_d06,65,0.4552169740200043,0
slim_16_d06,66,0.3080410957336426,0
slim_16_d06,67,0.4920773506164551,1
slim_16_d06,68,0.5144959688186646,0
slim_16_d06,69,0.3787071704864502,0
slim_16_d06,70,0.3967095613479614,0
slim_16_d06,71,0.517753541469574,0
slim_16_d06,72,0.4324444830417633,0
slim_16_d06,73,0.30539050698280334,0
slim_16_d06,74,0.5599822998046875,0
slim_16_d06,75,0.4004671573638916,0
slim_16_d06,76,0.3946840167045593,0
slim_16_d06,77,0.3737373948097229,0
slim_16_d06,78,0.45789945125579834,0
slim_16_d06,79,0.41374415159225464,0
slim_16_d06,80,0.5276206731796265,0
slim_16_d06,81,0.53522127866745,0
slim_16_d06,82,0.3832910358905792,1
slim_16_d06,83,0.374117910861969,0
slim_16_d06,84,0.4177127778530121,0
slim_16_d06,85,0.5433664321899414,0
slim_16_d06,86,0.49080875515937805,0
slim_16_d06,87,0.4341522455215454,0
slim_16_d06,88,0.5078079700469971,0
slim_16_d06,89,0.3826655149459839,0
slim_16_d06,90,0.41950684785842896,0
slim_16_d06,91,0.44107574224472046,0
slim_16_d06,92,0.4015285074710846,0
slim_16_d06,93,0.44823694229125977,0
slim_16_d06,94,0.4080315828323364,0
slim_16_d06,95,0.39831507205963135,0
slim_16_d06,96,0.42488911747932434,0
slim_16_d06,97,0.5506373047828674,0
slim_16_d06,98,0.34598931670188904,0
slim_16_d06,99,0.5447121262550354,0
slim_16_d06,100,0.4073821008205414,0
slim_16_d06,101,0.3866885304450989,0
slim_16_d06,102,0.4689280390739441,0
slim_16_d06,103,0.5259031653404236,0
slim_16_d06,104,0.1222083792090416,0
slim_16_d06,105,0.7047218680381775,0
slim_16_d06,106,0.4266282916069031,0
slim_16_d06,107,0.37320688366889954,0
slim_16_d06,108,0.5126990079879761,0
slim_16_d06,109,0.3356325030326843,0
slim_16_d06,110,0.503162682056427,0
slim_16_d06,111,0.5590607523918152,0
slim_16_d06,112,0.5116544961929321,0
slim_16_d06,113,0.6064457297325134,0
slim_16_d06,114,0.36423459649086,0
slim_16_d06,115,0.4027259051799774,0
slim_16_d06,116,0.2827676832675934,1
slim_16_d06,117,0.44959068298339844,0
slim_16_d06,118,0.6371102333068848,0
slim_16_d06,119,0.40952473878860474,0
slim_16_d06,120,0.5509417057037354,0
slim_16_d06,121,0.4480785131454468,0
slim_16_d06,122,0.5743167400360107,0
slim_16_d06,123,0.36764034628868103,0
slim_16_d06,124,0.7114918231964111,0
slim_16_d06,125,0.616235613822937,1
slim_16_d06,126,0.6190433502197266,0
slim_16_d06,127,0.4619230329990387,1
slim_16_d06,128,0.5147555470466614,0
slim_16_d06,129,0.4604376256465912,0
slim_16_d06,130,0.208382710814476,0
slim_16_d06,131,0.45778679847717285,1
slim_16_d06,132,0.5602743029594421,1
slim_16_d06,133,0.45931774377822876,0
slim_16_d06,134,0.6246408224105835,0
slim_16_d06,135,0.6207352876663208,1
slim_16_d06,136,0.44129276275634766,0
slim_16_d06,137,0.5467206239700317,0
slim_16_d06,138,0.4319319725036621,0
slim_16_d06,139,0.37488654255867004,0
slim_16_d06,140,0.5362851619720459,1
slim_16_d06,141,0.2324853241443634,0
slim_16_d06,142,0.2600932717323303,0
slim_16_d06,143,0.5965437293052673,0
slim_16_d06,144,0.6438606381416321,0
slim_16_d06,145,0.47100549936294556,1
slim_16_d06,146,0.5666861534118652,0
slim_16_d06,147,0.41974562406539917,0
slim_16_d06,148,0.5869177579879761,0
slim_16_d06,149,0.2696323096752167,1
slim_16_d06,150,0.43536293506622314,0
slim_16_d06,151,0.4732842743396759,0
slim_16_d06,152,0.4362833797931671,0
slim_16_d06,153,0.37410664558410645,0
slim_16_d06,154,0.4754895269870758,0
slim_16_d06,155,0.4538041651248932,1
slim_16_d06,156,0.6784251928329468,0
slim_16_d06,157,0.46557295322418213,0
slim_16_d06,158,0.4539554715156555,0
slim_16_d06,159,0.5101130604743958,0
slim_16_d06,160,0.23575662076473236,0
slim_16_d06,161,0.2983161211013794,0
slim_16_d06,162,0.5634425282478333,1
slim_16_d06,163,0.5836528539657593,0
slim_16_d06,164,0.6038524508476257,1
slim_16_d06,165,0.45213064551353455,0
slim_16_d06,166,0.47541508078575134,1
slim_16_d06,167,0.5096887946128845,0
slim_16_d06,168,0.3771640956401825,0
slim_16_d06,169,0.5537680387496948,0
slim_16_d06,170,0.6823809146881104,0
slim_16_d06,171,0.40062183141708374,1
slim_16_d06,172,0.4464298486709595,0
slim_16_d06,173,0.6399710178375244,0
slim_16_d06,174,0.3934415876865387,0
slim_16_d06,175,0.7407605648040771,0
slim_16_d06,176,0.3986462354660034,1
slim_16_d06,177,0.5092790126800537,0
slim_16_d06,178,0.23142997920513153,0
slim_16_d06,179,0.45852646231651306,0
slim_16_d06,180,0.27461010217666626,0
slim_16_d06,181,0.4886593520641327,0
slim_16_d06,182,0.43836596608161926,0
slim_16_d06,183,0.5970130562782288,0
slim_16_d06,184,0.7495067715644836,0
slim_16_d06,185,0.43866732716560364,0
slim_16_d06,186,0.28461068868637085,0
slim_16_d06,187,0.5288177132606506,0
slim_16_d06,188,0.36838018894195557,0
slim_16_d06,189,0.2710475027561188,0
slim_16_d06,190,0.467583030462265,0
slim_16_d06,191,0.5216580629348755,0
slim_16_d06,192,0.500078558921814,0
slim_16_d06,193,0.5432197451591492,0
slim_16_d06,194,0.4337451159954071,0
slim_16_d06,195,0.41603419184684753,0
slim_16_d06,196,0.532966136932373,1
slim_16_d06,197,0.4895264804363251,0
slim_16_d06,198,0.5906677842140198,1
slim_16_d06,199,0.4086208939552307,0
slim_16_d06,200,0.3426070511341095,0
slim_16_d06,201,0.5120058059692383,0
slim_16_d06,202,0.7480733394622803,0
slim_16_d06,203,0.5051730871200562,0
slim_16_d06,204,0.5869428515434265,0
slim_16_d06,205,0.31530308723449707,0
slim_16_d06,206,0.5261979699134827,0
slim_16_d06,207,0.4477884769439697,0
slim_16_d06,208,0.4915613830089569,0
slim_16_d06,209,0.38402265310287476,0
slim_16_d06,210,0.40620937943458557,0
slim_16_d06,211,0.4750654101371765,0
slim_16_d06,212,0.6984167098999023,0
slim_16_d06,213,0.4139650762081146,0
slim_16_d06,214,0.38600367307662964,0
slim_16_d06,215,0.6364165544509888,0
slim_16_d06,216,0.4870513379573822,0
slim_16_d06,217,0.5670527219772339,1
slim_16_d06,218,0.5285975933074951,0
slim_16_d06,219,0.6412546634674072,1
slim_16_d06,220,0.4933331310749054,1
slim_16_d06,221,0.6152732372283936,1
slim_16_d06,222,0.5308820009231567,0
slim_16_d06,223,0.4629744291305542,0
slim_16_d06,224,0.5332133769989014,1
slim_16_d06,225,0.8404446244239807,1
slim_16_d06,226,0.6243804097175598,1
slim_16_d06,227,0.5059145092964172,1
slim_16_d06,228,0.6992853879928589,1
slim_16_d06,229,0.7386322021484375,0
slim_16_d06,230,0.5301393866539001,1
slim_16_d06,231,0.5588158369064331,0
slim_16_d06,232,0.520992636680603,0
slim_16_d06,233,0.49588024616241455,0
slim_16_d06,234,0.6058859825134277,1
slim_16_d06,235,0.6382697820663452,1
slim_16_d06,236,0.43903231620788574,0
slim_16_d06,237,0.7132461667060852,0
slim_16_d06,238,0.5357392430305481,1
slim_16_d06,239,0.5207077860832214,1
slim_16_d06,240,0.5437300205230713,0
slim_16_d06,241,0.5544072985649109,0
slim_16_d06,242,0.5273511409759521,0
slim_16_d06,243,0.600925087928772,0
slim_16_d06,244,0.687353789806366,0
slim_16_d06,245,0.6252040863037109,0
slim_16_d06,246,0.45845893025398254,0
slim_16_d06,247,0.4222170412540436,0
slim_16_d06,248,0.6128181219100952,0
slim_16_d06,249,0.4476793706417084,0
slim_16_d06,250,0.6444805860519409,1
slim_16_d06,251,0.4417867064476013,1
slim_16_d06,252,0.4695581793785095,0
slim_16_d06,253,0.6182426810264587,1
slim_16_d06,254,0.6800622940063477,1
slim_16_d06,255,0.46951061487197876,1
slim_16_d06,256,0.5139340758323669,0
slim_16_d06,257,0.7323986887931824,1
slim_16_d06,258,0.9186839461326599,0
slim_16_d06,259,0.7159628868103027,1
slim_16_d06,260,0.7033696174621582,1
slim_16_d06,261,0.5955162048339844,0
slim_16_d06,262,0.4489554762840271,0
slim_16_d06,263,0.5688225626945496,0
slim_16_d06,264,0.6903764605522156,0
slim_16_d06,265,0.7037642002105713,1
slim_16_d06,266,0.6890666484832764,1
slim_16_d06,267,0.5292297601699829,0
slim_16_d06,268,0.6890079975128174,0
slim_16_d06,269,0.3950153589248657,0
slim_16_d06,270,0.3591279983520508,1
slim_16_d06,271,0.6295834183692932,1
slim_16_d06,272,0.6573404669761658,0
slim_16_d06,273,0.44747450947761536,1
slim_16_d06,274,0.371543824672699,0
slim_16_d06,275,0.5615141987800598,1
slim_16_d06,276,0.4606761634349823,1
slim_16_d06,277,0.2795904576778412,0
slim_16_d06,278,0.3527440130710602,0
slim_16_d06,279,0.5063121914863586,0
slim_16_d06,280,0.3704218864440918,0
slim_16_d06,281,0.4589933156967163,1
slim_16_d06,282,0.726317822933197,1
slim_16_d06,283,0.5445718765258789,0
slim_16_d06,284,0.5622437000274658,0
slim_16_d06,285,0.38840946555137634,0
slim_16_d06,286,0.5471542477607727,0
slim_16_d06,287,0.4566531479358673,1
slim_16_d06,288,0.4392889738082886,0
slim_16_d06,289,0.6518259048461914,1
slim_16_d06,290,0.3685441017150879,0
slim_16_d06,291,0.4915402829647064,0
slim_16_d06,292,0.5048516988754272,0
slim_16_d06,293,0.526739239692688,0
slim_16_d06,294,0.5677367448806763,0
slim_16_d06,295,0.4507650136947632,0
slim_16_d06,296,0.42953354120254517,0
slim_16_d06,297,0.6770411133766174,1
slim_16_d06,298,0.3844072222709656,0
slim_16_d06,299,0.5198342204093933,0
slim_16_d06,300,0.36259475350379944,0
slim_16_d06,301,0.4392220079898834,0
slim_16_d06,302,0.33129632472991943,0
slim_16_d06,303,0.540478527545929,0
slim_16_d06,304,0.46100518107414246,0
slim_16_d06,305,0.4882896840572357,0
slim_16_d06,306,0.3671098053455353,0
slim_16_d06,307,0.4109148383140564,0
slim_16_d06,308,0.52121502161026,1
slim_16_d06,309,0.6522950530052185,0
slim_16_d06,310,0.3966846466064453,0
slim_16_d06,311,0.6583739519119263,0
slim_16_d06,312,0.4901908040046692,0
slim_16_d06,313,0.3084224760532379,0
slim_16_d06,314,0.522969126701355,0
slim_16_d06,315,0.2746965289115906,0
slim_16_d06,316,0.4349095821380615,0
slim_16_d06,317,0.37224432826042175,0
slim_16_d06,318,0.4085787832736969,1
slim_16_d06,319,0.36966219544410706,0
slim_16_d06,320,0.23898084461688995,0
slim_16_d06,321,0.561366617679596,0
slim_16_d06,322,0.5418617725372314,0
slim_16_d06,323,0.5223843455314636,0
slim_16_d06,324,0.47201797366142273,0
slim_16_d06,325,0.4034777879714966,0
slim_16_d06,326,0.4579472541809082,0
slim_16_d06,327,0.5383267402648926,0
slim_16_d06,328,0.4006573259830475,0
slim_16_d06,329,0.49625611305236816,0
slim_16_d06,330,0.5299689173698425,0
slim_16_d06,331,0.5830704569816589,0
slim_16_d06,332,0.5079255104064941,1
slim_16_d06,333,0.5171977877616882,0
slim_16_d06,334,0.337181955575943,0
slim_16_d06,335,0.4620051980018616,1
slim_16_d06,336,0.5369924902915955,1
slim_16_d06,337,0.6933626532554626,0
slim_16_d06,338,0.4241988956928253,0
slim_16_d06,339,0.4379565715789795,0
slim_16_d06,340,0.31094110012054443,0
slim_16_d06,341,0.637736439704895,0
slim_16_d06,342,0.5178364515304565,0
slim_16_d06,343,0.3654084801673889,0
slim_16_d06,344,0.49532392621040344,0
slim_16_d06,345,0.49781352281570435,0
slim_16_d06,346,0.18916620314121246,0
slim_16_d06,347,0.4723372161388397,0
slim_16_d06,348,0.5749708414077759,0
slim_16_d06,349,0.45853695273399353,1
slim_16_d06,350,0.2820156216621399,0
slim_16_d06,351,0.3407205045223236,0
slim_16_d06,352,0.39668339490890503,1
slim_16_d06,353,0.463712215423584,0
slim_16_d06,354,0.4889233708381653,0
slim_16_d06,355,0.346158891916275,0
slim_16_d06,356,0.5088158249855042,0
slim_16_d06,357,0.531944990158081,0
slim_16_d06,358,0.43217748403549194,0
slim_16_d06,359,0.34925755858421326,0
slim_16_d06,360,0.37052732706069946,0
slim_16_d06,361,0.4584656357765198,0
slim_16_d06,362,0.41458722949028015,0
slim_16_d06,363,0.33940809965133667,0
slim_16_d06,364,0.5337178111076355,1
slim_16_d06,365,0.5427623987197876,0
slim_16_d06,366,0.39769962430000305,0
slim_16_d06,367,0.6162775754928589,1
slim_16_d06,368,0.2390120029449463,0
slim_16_d06,369,0.5444715619087219,0
slim_16_d06,370,0.34602630138397217,0
slim_16_d06,371,0.5202932953834534,0
slim_16_d06,372,0.4295184016227722,1
slim_16_d06,373,0.6036390662193298,0
slim_16_d06,374,0.4957754611968994,0
slim_16_d06,375,0.5515777468681335,0
slim_16_d06,376,0.48456841707229614,0
slim_16_d06,377,0.5048801898956299,0
slim_16_d06,378,0.47606608271598816,0
slim_16_d06,379,0.4067959785461426,0
slim_16_d06,380,0.4507357180118561,0
slim_16_d06,381,0.4800103008747101,1
slim_16_d06,382,0.44292107224464417,0
slim_16_d06,383,0.4582773745059967,0
slim_16_d06,384,0.5815773010253906,0
slim_16_d06,385,0.435311883687973,0
slim_16_d06,386,0.40033093094825745,0
slim_16_d06,387,0.29644787311553955,0
slim_16_d06,388,0.34115299582481384,0
slim_16_d06,389,0.497712641954422,0
slim_16_d06,390,0.45018771290779114,0
slim_16_d06,391,0.3708350658416748,1
slim_16_d06,392,0.37808361649513245,1
slim_16_d06,393,0.42790332436561584,0
slim_16_d06,394,0.4679993689060211,1
slim_16_d06,395,0.5194957256317139,1
slim_16_d06,396,0.3344356417655945,0
slim_16_d06,397,0.5169976353645325,0
slim_16_d06,398,0.6004519462585449,0
slim_16_d06,399,0.4438106119632721,0
slim_16_d06,400,0.4618931710720062,0
slim_16_d06,401,0.39525559544563293,0
slim_16_d06,402,0.4700627326965332,1
slim_16_d06,403,0.352931946516037,0
slim_16_d06,404,0.41576090455055237,0
slim_16_d06,405,0.5210707187652588,0
slim_16_d06,406,0.37811943888664246,0
slim_16_d06,407,0.5048151612281799,0
slim_16_d06,408,0.628358006477356,0
slim_16_d06,409,0.5017284154891968,0
slim_16_d06,410,0.6529391407966614,1
slim_16_d06,411,0.4412931203842163,0
slim_16_d06,412,0.4411817193031311,0
slim_16_d06,413,0.3123455047607422,0
slim_16_d06,414,0.30074936151504517,0
slim_16_d06,415,0.6373744010925293,1
slim_16_d06,416,0.37945491075515747,0
slim_16_d06,417,0.5098708271980286,0
slim_16_d06,418,0.251411497592926,1
slim_16_d06,419,0.39998459815979004,0
slim_16_d06,420,0.6448718905448914,0
slim_16_d06,421,0.41341570019721985,0
slim_16_d06,422,0.5947093367576599,1
slim_16_d06,423,0.4290919601917267,0
slim_16_d06,424,0.5143531560897827,0
slim_16_d06,425,0.6190423369407654,0
slim_16_d06,426,0.612480103969574,1
slim_16_d06,427,0.2533123195171356,0
slim_16_d06,428,0.4016711413860321,0
slim_16_d06,429,0.6658514738082886,0
slim_16_d06,430,0.7006285786628723,0
slim_16_d06,431,0.6036994457244873,0
slim_16_d06,432,0.3852818012237549,1
slim_16_d06,433,0.6876055002212524,0
slim_16_d06,434,0.6518222093582153,0
slim_16_d06,435,0.2301817089319229,0
slim_16_d06,436,0.4435924291610718,0
slim_16_d06,437,0.49611324071884155,0
slim_16_d06,438,0.3674786686897278,0
slim_16_d06,439,0.43058207631111145,1
slim_16_d06,440,0.3559170663356781,0
slim_16_d06,441,0.42946186661720276,0
slim_16_d06,442,0.35853683948516846,0
slim_16_d06,443,0.6903152465820312,1
slim_16_d06,444,0.44426748156547546,1
slim_16_d06,445,0.3576432764530182,0
slim_16_d06,446,0.5060584545135498,0
slim_16_d06,447,0.42631417512893677,1
slim_16_d06,448,0.24264274537563324,0
slim_16_d06,449,0.6089311838150024,0
slim_16_d06,450,0.240036740899086,0
slim_16_d06,451,0.4794871211051941,0
slim_16_d06,452,0.4933127760887146,1
slim_16_d06,453,0.4229891896247864,1
slim_16_d06,454,0.47760987281799316,0
slim_16_d06,455,0.7181434035301208,0
slim_16_d06,456,0.4151582419872284,0
slim_16_d06,457,0.509016752243042,1
slim_16_d06,458,0.5050346851348877,1
slim_16_d06,459,0.5753587484359741,0
slim_16_d06,460,0.37847810983657837,0
slim_16_d06,461,0.49613964557647705,1
slim_16_d06,462,0.6201298236846924,1
slim_16_d06,463,0.43408870697021484,0
slim_16_d06,464,0.5467720031738281,0
slim_16_d06,465,0.6233694553375244,1
slim_16_d06,466,0.5040411353111267,0
slim_16_d06,467,0.45375722646713257,0
slim_16_d06,468,0.5063528418540955,1
slim_16_d06,469,0.6416534185409546,0
slim_16_d06,470,0.4531334638595581,0
slim_16_d06,471,0.3907071650028229,0
slim_16_d06,472,0.8642764091491699,1
slim_16_d06,473,0.24493981897830963,0
slim_16_d06,474,0.7026551961898804,1
slim_16_d06,475,0.4299740493297577,0
slim_16_d06,476,0.5293402075767517,0
slim_16_d06,477,0.28689703345298767,0
slim_16_d06,478,0.6940667629241943,0
slim_16_d06,479,0.6310334205627441,0
slim_16_d06,480,0.29229411482810974,1
slim_16_d06,481,0.38783273100852966,1
slim_16_d06,482,0.5068773627281189,1
slim_16_d06,483,0.5247423052787781,0
slim_16_d06,484,0.3922484815120697,0
slim_16_d06,485,0.33064207434654236,0
slim_16_d06,486,0.8318917155265808,1
slim_16_d06,487,0.36055606603622437,0
slim_16_d06,488,0.7357504963874817,1
slim_16_d06,489,0.3885471820831299,0
slim_16_d06,490,0.5343534350395203,1
slim_16_d06,491,0.6527719497680664,0
slim_16_d06,492,0.7910556197166443,1
slim_16_d06,493,0.641094446182251,0
slim_16_d06,494,0.27105972170829773,0
slim_16_d06,495,0.5527134537696838,0
slim_16_d06,496,0.5474376082420349,1
slim_idrop,0,0.4007440209388733,1
slim_idrop,1,0.4260653555393219,0
slim_idrop,2,0.3499523401260376,0
slim_idrop,3,0.5492329001426697,1
slim_idrop,4,0.44688886404037476,0
slim_idrop,5,0.29167813062667847,0
slim_idrop,6,0.47820231318473816,0
slim_idrop,7,0.40812259912490845,0
slim_idrop,8,0.5568421483039856,1
slim_idrop,9,0.5923671126365662,0
slim_idrop,10,0.3579368591308594,0
slim_idrop,11,0.38291534781455994,0
slim_idrop,12,0.37564021348953247,0
slim_idrop,13,0.4075244963169098,1
slim_idrop,14,0.36050015687942505,0
slim_idrop,15,0.29040324687957764,0
slim_idrop,16,0.42219582200050354,0
slim_idrop,17,0.3547115623950958,0
slim_idrop,18,0.487474650144577,0
slim_idrop,19,0.18703219294548035,0
slim_idrop,20,0.38837382197380066,0
slim_idrop,21,0.4003382921218872,0
slim_idrop,22,0.35442915558815,0
slim_idrop,23,0.432547390460968,0
slim_idrop,24,0.5979401469230652,0
slim_idrop,25,0.6259066462516785,0
slim_idrop,26,0.41789621114730835,0
slim_idrop,27,0.5910971760749817,0
slim_idrop,28,0.5920884013175964,1
slim_idrop,29,0.4932800531387329,0
slim_idrop,30,0.5118764042854309,0
slim_idrop,31,0.6377754211425781,1
slim_idrop,32,0.3266197443008423,0
slim_idrop,33,0.38636669516563416,0
slim_idrop,34,0.4008030295372009,0
slim_idrop,35,0.505754292011261,0
slim_idrop,36,0.27859053015708923,0
slim_idrop,37,0.2722425162792206,0
slim_idrop,38,0.8441835641860962,0
slim_idrop,39,0.5861083269119263,0
slim_idrop,40,0.3924637734889984,0
slim_idrop,41,0.34258508682250977,0
slim_idrop,42,0.35495924949645996,0
slim_idrop,43,0.41674983501434326,0
slim_idrop,44,0.42368385195732117,0
slim_idrop,45,0.4214615821838379,0
slim_idrop,46,0.4732173681259155,1
slim_idrop,47,0.5436065196990967,1
slim_idrop,48,0.47339752316474915,0
slim_idrop,49,0.32913708686828613,0
slim_idrop,50,0.4866533875465393,0
slim_idrop,51,0.3552022874355316,0
slim_idrop,52,0.20954002439975739,0
slim_idrop,53,0.3290259838104248,0
slim_idrop,54,0.29138219356536865,0
slim_idrop,55,0.1612066775560379,0
slim_idrop,56,0.5831388235092163,0
slim_idrop,57,0.5131831169128418,0
slim_idrop,58,0.44092366099357605,0
slim_idrop,59,0.6961904168128967,0
slim_idrop,60,0.42457982897758484,0
slim_idrop,61,0.5088207721710205,0
slim_idrop,62,0.17625363171100616,0
slim_idrop,63,0.4981456995010376,0
slim_idrop,64,0.4734969437122345,0
slim_idrop,65,0.2517010569572449,0
slim_idrop,66,0.3016330599784851,0
slim_idrop,67,0.44407185912132263,1
slim_idrop,68,0.49027544260025024,0
slim_idrop,69,0.4429435133934021,0
slim_idrop,70,0.34932971000671387,0
slim_idrop,71,0.4920687973499298,0
slim_idrop,72,0.4070454239845276,0
slim_idrop,73,0.3679932653903961,0
slim_idrop,74,0.5057142972946167,0
slim_idrop,75,0.42659875750541687,0
slim_idrop,76,0.3164699971675873,0
slim_idrop,77,0.47960543632507324,0
slim_idrop,78,0.53693687915802,0
slim_idrop,79,0.38309457898139954,0
slim_idrop,80,0.4988654553890228,0
slim_idrop,81,0.5212093591690063,0
slim_idrop,82,0.4520187973976135,1
slim_idrop,83,0.3136449456214905,0
slim_idrop,84,0.15987715125083923,0
slim_idrop,85,0.48888570070266724,0
slim_idrop,86,0.5018573999404907,0
slim_idrop,87,0.3682929277420044,0
slim_idrop,88,0.4864354133605957,0
slim_idrop,89,0.3134905695915222,0
slim_idrop,90,0.37246739864349365,0
slim_idrop,91,0.42828133702278137,0
slim_idrop,92,0.41156837344169617,0
slim_idrop,93,0.4379202723503113,0
slim_idrop,94,0.3565554916858673,0
slim_idrop,95,0.46597227454185486,0
slim_idrop,96,0.4175962209701538,0
slim_idrop,97,0.4171750247478485,0
slim_idrop,98,0.3045530617237091,0
slim_idrop,99,0.5577264428138733,0
slim_idrop,100,0.3784731924533844,0
slim_idrop,101,0.44710445404052734,0
slim_idrop,102,0.27353766560554504,0
slim_idrop,103,0.5178461074829102,0
slim_idrop,104,0.09067067503929138,0
slim_idrop,105,0.5204894542694092,0
slim_idrop,106,0.4981239140033722,0
slim_idrop,107,0.4033505916595459,0
slim_idrop,108,0.5169099569320679,0
slim_idrop,109,0.4053320586681366,0
slim_idrop,110,0.5745559930801392,0
slim_idrop,111,0.5649713277816772,0
slim_idrop,112,0.5149790048599243,0
slim_idrop,113,0.6159223318099976,0
slim_idrop,114,0.3492821753025055,0
slim_idrop,115,0.5131218433380127,0
slim_idrop,116,0.2015644758939743,1
slim_idrop,117,0.539982795715332,0
slim_idrop,118,0.4984593391418457,0
slim_idrop,119,0.4292236566543579,0
slim_idrop,120,0.5842618346214294,0
slim_idrop,121,0.510762095451355,0
slim_idrop,122,0.49536651372909546,0
slim_idrop,123,0.2266395539045334,0
slim_idrop,124,0.7309408783912659,0
slim_idrop,125,0.6796108484268188,1
slim_idrop,126,0.7277495861053467,0
slim_idrop,127,0.5110176205635071,1
slim_idrop,128,0.4343424141407013,0
slim_idrop,129,0.4521837532520294,0
slim_idrop,130,0.17178809642791748,0
slim_idrop,131,0.5081088542938232,1
slim_idrop,132,0.5235800743103027,1
slim_idrop,133,0.4928759038448334,0
slim_idrop,134,0.6328359246253967,0
slim_idrop,135,0.6052711009979248,1
slim_idrop,136,0.37870123982429504,0
slim_idrop,137,0.5074792504310608,0
slim_idrop,138,0.4345911145210266,0
slim_idrop,139,0.30865105986595154,0
slim_idrop,140,0.4758542478084564,1
slim_idrop,141,0.23948851227760315,0
slim_idrop,142,0.39698800444602966,0
slim_idrop,143,0.6034521460533142,0
slim_idrop,144,0.6594732999801636,0
slim_idrop,145,0.4585689902305603,1
slim_idrop,146,0.5547627806663513,0
slim_idrop,147,0.4789113998413086,0
slim_idrop,148,0.6179333329200745,0
slim_idrop,149,0.23781585693359375,1
slim_idrop,150,0.4818480312824249,0
slim_idrop,151,0.3640419840812683,0
slim_idrop,152,0.4265017509460449,0
slim_idrop,153,0.39687541127204895,0
slim_idrop,154,0.49357470870018005,0
slim_idrop,155,0.39065513014793396,1
slim_idrop,156,0.719312846660614,0
slim_idrop,157,0.4159645438194275,0
slim_idrop,158,0.4477194547653198,0
slim_idrop,159,0.4617134630680084,0
slim_idrop,160,0.4394805431365967,0
slim_idrop,161,0.26482093334198,0
slim_idrop,162,0.6057603359222412,1
slim_idrop,163,0.5443867444992065,0
slim_idrop,164,0.5865945219993591,1
slim_idrop,165,0.4155127704143524,0
slim_idrop,166,0.5015333890914917,1
slim_idrop,167,0.5105499029159546,0
slim_idrop,168,0.2891700267791748,0
slim_idrop,169,0.5669946670532227,0
slim_idrop,170,0.62781822681427,0
slim_idrop,171,0.4374721348285675,1
slim_idrop,172,0.4163692593574524,0
slim_idrop,173,0.5425986051559448,0
slim_idrop,174,0.41205114126205444,0
slim_idrop,175,0.6472020745277405,0
slim_idrop,176,0.33597666025161743,1
slim_idrop,177,0.5746382474899292,0
slim_idrop,178,0.17691422998905182,0
slim_idrop,179,0.42034098505973816,0
slim_idrop,180,0.3196726143360138,0
slim_idrop,181,0.4218742847442627,0
slim_idrop,182,0.46024268865585327,0
slim_idrop,183,0.5957744121551514,0
slim_idrop,184,0.7005041837692261,0
slim_idrop,185,0.42013227939605713,0
slim_idrop,186,0.18622124195098877,0
slim_idrop,187,0.5027915239334106,0
slim_idrop,188,0.35842159390449524,0
slim_idrop,189,0.36062830686569214,0
slim_idrop,190,0.3941812813282013,0
slim_idrop,191,0.6202985644340515,0
slim_idrop,192,0.45901280641555786,0
slim_idrop,193,0.6320206522941589,0
slim_idrop,194,0.3515850305557251,0
slim_idrop,195,0.3416843116283417,0
slim_idrop,196,0.5412586331367493,1
slim_idrop,197,0.4880980849266052,0
slim_idrop,198,0.6283918619155884,1
slim_idrop,199,0.39291703701019287,0
slim_idrop,200,0.4012294411659241,0
slim_idrop,201,0.5091801881790161,0
slim_idrop,202,0.8125711679458618,0
slim_idrop,203,0.48815399408340454,0
slim_idrop,204,0.5451403260231018,0
slim_idrop,205,0.3248457610607147,0
slim_idrop,206,0.51324063539505,0
slim_idrop,207,0.4648040533065796,0
slim_idrop,208,0.4771430492401123,0
slim_idrop,209,0.3694431185722351,0
slim_idrop,210,0.5062686800956726,0
slim_idrop,211,0.4448690414428711,0
slim_idrop,212,0.7325812578201294,0
slim_idrop,213,0.42763108015060425,0
slim_idrop,214,0.3528688848018646,0
slim_idrop,215,0.6394574046134949,0
slim_idrop,216,0.32609984278678894,0
slim_idrop,217,0.5724129676818848,1
slim_idrop,218,0.46070733666419983,0
slim_idrop,219,0.6436060667037964,1
slim_idrop,220,0.4602047801017761,1
slim_idrop,221,0.5706392526626587,1
slim_idrop,222,0.507540762424469,0
slim_idrop,223,0.4639607071876526,0
slim_idrop,224,0.5372952818870544,1
slim_idrop,225,0.7416931986808777,1
slim_idrop,226,0.6326444745063782,1
slim_idrop,227,0.35533958673477173,1
slim_idrop,228,0.6868807673454285,1
slim_idrop,229,0.6813754439353943,0
slim_idrop,230,0.5179696679115295,1
slim_idrop,231,0.6691950559616089,0
slim_idrop,232,0.5618864893913269,0
slim_idrop,233,0.4299246072769165,0
slim_idrop,234,0.5651845932006836,1
slim_idrop,235,0.6329864263534546,1
slim_idrop,236,0.14928753674030304,0
slim_idrop,237,0.7381232380867004,0
slim_idrop,238,0.5838782787322998,1
slim_idrop,239,0.5053375363349915,1
slim_idrop,240,0.702474057674408,0
slim_idrop,241,0.5762166976928711,0
slim_idrop,242,0.5434606671333313,0
slim_idrop,243,0.6742144227027893,0
slim_idrop,244,0.711820662021637,0
slim_idrop,245,0.5606132745742798,0
slim_idrop,246,0.5885784029960632,0
slim_idrop,247,0.5857493281364441,0
slim_idrop,248,0.5558785200119019,0
slim_idrop,249,0.4733980596065521,0
slim_idrop,250,0.6446892619132996,1
slim_idrop,251,0.4449770152568817,1
slim_idrop,252,0.406588077545166,0
slim_idrop,253,0.6295015215873718,1
slim_idrop,254,0.5990382432937622,1
slim_idrop,255,0.5542224645614624,1
slim_idrop,256,0.4191844165325165,0
slim_idrop,257,0.7232109308242798,1
slim_idrop,258,0.909871518611908,0
slim_idrop,259,0.7015380859375,1
slim_idrop,260,0.7792503237724304,1
slim_idrop,261,0.6001201272010803,0
slim_idrop,262,0.3760964274406433,0
slim_idrop,263,0.569017767906189,0
slim_idrop,264,0.685055136680603,0
slim_idrop,265,0.6809830665588379,1
slim_idrop,266,0.6569499373435974,1
slim_idrop,267,0.5376132726669312,0
slim_idrop,268,0.7536381483078003,0
slim_idrop,269,0.40136533975601196,0
slim_idrop,270,0.26176172494888306,1
slim_idrop,271,0.6095025539398193,1
slim_idrop,272,0.7186525464057922,0
slim_idrop,273,0.45726436376571655,1
slim_idrop,274,0.3113614320755005,0
slim_idrop,275,0.5421460270881653,1
slim_idrop,276,0.4789792001247406,1
slim_idrop,277,0.24489563703536987,0
slim_idrop,278,0.30764836072921753,0
slim_idrop,279,0.5010379552841187,0
slim_idrop,280,0.3176708519458771,0
slim_idrop,281,0.35683947801589966,1
slim_idrop,282,0.7526977062225342,1
slim_idrop,283,0.45683375000953674,0
slim_idrop,284,0.49909451603889465,0
slim_idrop,285,0.33105313777923584,0
slim_idrop,286,0.5177130699157715,0
slim_idrop,287,0.5080837607383728,1
slim_idrop,288,0.2263534516096115,0
slim_idrop,289,0.6083713173866272,1
slim_idrop,290,0.3715043365955353,0
slim_idrop,291,0.43134254217147827,0
slim_idrop,292,0.467534601688385,0
slim_idrop,293,0.49955883622169495,0
slim_idrop,294,0.5595036745071411,0
slim_idrop,295,0.4197961390018463,0
slim_idrop,296,0.3409024477005005,0
slim_idrop,297,0.5731704831123352,1
slim_idrop,298,0.38980644941329956,0
slim_idrop,299,0.49047982692718506,0
slim_idrop,300,0.33359643816947937,0
slim_idrop,301,0.3939681649208069,0
slim_idrop,302,0.3043028712272644,0
slim_idrop,303,0.5322895050048828,0
slim_idrop,304,0.5206334590911865,0
slim_idrop,305,0.4897380769252777,0
slim_idrop,306,0.34594103693962097,0
slim_idrop,307,0.36724090576171875,0
slim_idrop,308,0.465314656496048,1
slim_idrop,309,0.5663125514984131,0
slim_idrop,310,0.45249053835868835,0
slim_idrop,311,0.6175926327705383,0
slim_idrop,312,0.4367832839488983,0
slim_idrop,313,0.2727733254432678,0
slim_idrop,314,0.47438719868659973,0
slim_idrop,315,0.24084144830703735,0
slim_idrop,316,0.40599724650382996,0
slim_idrop,317,0.2986706495285034,0
slim_idrop,318,0.4985324442386627,1
slim_idrop,319,0.323894739151001,0
slim_idrop,320,0.21357014775276184,0
slim_idrop,321,0.5568467378616333,0
slim_idrop,322,0.5873537063598633,0
slim_idrop,323,0.5339906811714172,0
slim_idrop,324,0.45696723461151123,0
slim_idrop,325,0.38418474793434143,0
slim_idrop,326,0.4509897530078888,0
slim_idrop,327,0.4836544990539551,0
slim_idrop,328,0.28710463643074036,0
slim_idrop,329,0.4467114210128784,0
slim_idrop,330,0.6103335618972778,0
slim_idrop,331,0.5775786638259888,0
slim_idrop,332,0.5042954087257385,1
slim_idrop,333,0.45075976848602295,0
slim_idrop,334,0.21363505721092224,0
slim_idrop,335,0.413316547870636,1
slim_idrop,336,0.5163979530334473,1
slim_idrop,337,0.7284621000289917,0
slim_idrop,338,0.4616706967353821,0
slim_idrop,339,0.40363138914108276,0
slim_idrop,340,0.2537335157394409,0
slim_idrop,341,0.5406532287597656,0
slim_idrop,342,0.5448282957077026,0
slim_idrop,343,0.45476844906806946,0
slim_idrop,344,0.5092779397964478,0
slim_idrop,345,0.4358316957950592,0
slim_idrop,346,0.2552778124809265,0
slim_idrop,347,0.43868836760520935,0
slim_idrop,348,0.6553217172622681,0
slim_idrop,349,0.4211561381816864,1
slim_idrop,350,0.27347099781036377,0
slim_idrop,351,0.28301993012428284,0
slim_idrop,352,0.375137597322464,1
slim_idrop,353,0.513085663318634,0
slim_idrop,354,0.4104018807411194,0
slim_idrop,355,0.3544081449508667,0
slim_idrop,356,0.5000547170639038,0
slim_idrop,357,0.5730218887329102,0
slim_idrop,358,0.4585963785648346,0
slim_idrop,359,0.4285951256752014,0
slim_idrop,360,0.38965490460395813,0
slim_idrop,361,0.497193843126297,0
slim_idrop,362,0.40185609459877014,0
slim_idrop,363,0.3218887746334076,0
slim_idrop,364,0.4748276472091675,1
slim_idrop,365,0.5181781649589539,0
slim_idrop,366,0.5086995363235474,0
slim_idrop,367,0.46991121768951416,1
slim_idrop,368,0.18295466899871826,0
slim_idrop,369,0.5330324172973633,0
slim_idrop,370,0.21984554827213287,0
slim_idrop,371,0.4486410617828369,0
slim_idrop,372,0.3082984685897827,1
slim_idrop,373,0.5422114133834839,0
slim_idrop,374,0.31274911761283875,0
slim_idrop,375,0.6068677306175232,0
slim_idrop,376,0.41928860545158386,0
slim_idrop,377,0.5180665850639343,0
slim_idrop,378,0.48078468441963196,0
slim_idrop,379,0.3912217617034912,0
slim_idrop,380,0.470447301864624,0
slim_idrop,381,0.47012215852737427,1
slim_idrop,382,0.48124608397483826,0
slim_idrop,383,0.46251025795936584,0
slim_idrop,384,0.5386539697647095,0
slim_idrop,385,0.5315651297569275,0
slim_idrop,386,0.4338812828063965,0
slim_idrop,387,0.31818509101867676,0
slim_idrop,388,0.3591078221797943,0
slim_idrop,389,0.4754045307636261,0
slim_idrop,390,0.4294950067996979,0
slim_idrop,391,0.28028959035873413,1
slim_idrop,392,0.4265938401222229,1
slim_idrop,393,0.3476434350013733,0
slim_idrop,394,0.5066770911216736,1
slim_idrop,395,0.44538164138793945,1
slim_idrop,396,0.3067114055156708,0
slim_idrop,397,0.5685810446739197,0
slim_idrop,398,0.6239564418792725,0
slim_idrop,399,0.43486958742141724,0
slim_idrop,400,0.40594664216041565,0
slim_idrop,401,0.4281359314918518,0
slim_idrop,402,0.48296836018562317,1
slim_idrop,403,0.33430832624435425,0
slim_idrop,404,0.42962467670440674,0
slim_idrop,405,0.5850179195404053,0
slim_idrop,406,0.37649065256118774,0
slim_idrop,407,0.518417477607727,0
slim_idrop,408,0.6363100409507751,0
slim_idrop,409,0.43142709136009216,0
slim_idrop,410,0.5856547355651855,1
slim_idrop,411,0.23840196430683136,0
slim_idrop,412,0.41499683260917664,0
slim_idrop,413,0.37966546416282654,0
slim_idrop,414,0.28299272060394287,0
slim_idrop,415,0.6755507588386536,1
slim_idrop,416,0.4109094440937042,0
slim_idrop,417,0.4690283536911011,0
slim_idrop,418,0.2032719999551773,1
slim_idrop,419,0.5484833717346191,0
slim_idrop,420,0.5776898860931396,0
slim_idrop,421,0.4219260811805725,0
slim_idrop,422,0.5951092839241028,1
slim_idrop,423,0.39409011602401733,0
slim_idrop,424,0.48010918498039246,0
slim_idrop,425,0.643879234790802,0
slim_idrop,426,0.6325068473815918,1
slim_idrop,427,0.298208087682724,0
slim_idrop,428,0.3847418427467346,0
slim_idrop,429,0.6863827705383301,0
slim_idrop,430,0.5606154799461365,0
slim_idrop,431,0.5087913274765015,0
slim_idrop,432,0.5264432430267334,1
slim_idrop,433,0.7097765803337097,0
slim_idrop,434,0.6434171795845032,0
slim_idrop,435,0.1776411086320877,0
slim_idrop,436,0.23755939304828644,0
slim_idrop,437,0.4903903901576996,0
slim_idrop,438,0.32625094056129456,0
slim_idrop,439,0.4199819266796112,1
slim_idrop,440,0.42710018157958984,0
slim_idrop,441,0.4359606206417084,0
slim_idrop,442,0.16560666263103485,0
slim_idrop,443,0.5698443651199341,1
slim_idrop,444,0.4708172678947449,1
slim_idrop,445,0.4120078384876251,0
slim_idrop,446,0.6044805645942688,0
slim_idrop,447,0.40235668420791626,1
slim_idrop,448,0.27892565727233887,0
slim_idrop,449,0.6370454430580139,0
slim_idrop,450,0.25331172347068787,0
slim_idrop,451,0.538831353187561,0
slim_idrop,452,0.42614805698394775,1
slim_idrop,453,0.5130611062049866,1
slim_idrop,454,0.31153884530067444,0
slim_idrop,455,0.7405507564544678,0
slim_idrop,456,0.2614419758319855,0
slim_idrop,457,0.5417456030845642,1
slim_idrop,458,0.3887428045272827,1
slim_idrop,459,0.6124709844589233,0
slim_idrop,460,0.5046218037605286,0
slim_idrop,461,0.5215461850166321,1
slim_idrop,462,0.6369236707687378,1
slim_idrop,463,0.47688525915145874,0
slim_idrop,464,0.5449762344360352,0
slim_idrop,465,0.6628831028938293,1
slim_idrop,466,0.22439832985401154,0
slim_idrop,467,0.5155584812164307,0
slim_idrop,468,0.539038360118866,1
slim_idrop,469,0.710843563079834,0
slim_idrop,470,0.42765480279922485,0
slim_idrop,471,0.5093490481376648,0
slim_idrop,472,0.858692467212677,1
slim_idrop,473,0.2686495780944824,0
slim_idrop,474,0.7719561457633972,1
slim_idrop,475,0.42087966203689575,0
slim_idrop,476,0.5368578433990479,0
slim_idrop,477,0.2853502929210663,0
slim_idrop,478,0.6380895972251892,0
slim_idrop,479,0.4852011501789093,0
slim_idrop,480,0.2768706679344177,1
slim_idrop,481,0.39859217405319214,1
slim_idrop,482,0.4858779013156891,1
slim_idrop,483,0.41246429085731506,0
slim_idrop,484,0.4808046221733093,0
slim_idrop,485,0.33480289578437805,0
slim_idrop,486,0.8074284195899963,1
slim_idrop,487,0.4341919720172882,0
slim_idrop,488,0.6969115138053894,1
slim_idrop,489,0.37861064076423645,0
slim_idrop,490,0.4803372621536255,1
slim_idrop,491,0.7034351825714111,0
slim_idrop,492,0.7407963275909424,1
slim_idrop,493,0.6795552372932434,0
slim_idrop,494,0.317770779132843,0
slim_idrop,495,0.5391370058059692,0
slim_idrop,496,0.5944671630859375,1
slim_32,0,0.3967497944831848,1
slim_32,1,0.3769870698451996,0
slim_32,2,0.34902772307395935,0
slim_32,3,0.5558364987373352,1
slim_32,4,0.49166014790534973,0
slim_32,5,0.4193118214607239,0
slim_32,6,0.468214213848114,0
slim_32,7,0.3913268446922302,0
slim_32,8,0.5627864599227905,1
slim_32,9,0.6053692698478699,0
slim_32,10,0.3840818703174591,0
slim_32,11,0.41862213611602783,0
slim_32,12,0.41629907488822937,0
slim_32,13,0.4931548833847046,1
slim_32,14,0.46337974071502686,0
slim_32,15,0.3243001699447632,0
slim_32,16,0.4333706200122833,0
slim_32,17,0.32924163341522217,0
slim_32,18,0.48059314489364624,0
slim_32,19,0.2109263837337494,0
slim_32,20,0.35283327102661133,0
slim_32,21,0.3881235718727112,0
slim_32,22,0.46708908677101135,0
slim_32,23,0.39825350046157837,0
slim_32,24,0.575164794921875,0
slim_32,25,0.6714792251586914,0
slim_32,26,0.39039289951324463,0
slim_32,27,0.58861243724823,0
slim_32,28,0.8190838694572449,1
slim_32,29,0.4512086510658264,0
slim_32,30,0.5651438236236572,0
slim_32,31,0.6074150800704956,1
slim_32,32,0.2961253523826599,0
slim_32,33,0.46458375453948975,0
slim_32,34,0.35890433192253113,0
slim_32,35,0.4995022118091583,0
slim_32,36,0.27760204672813416,0
slim_32,37,0.2728896141052246,0
slim_32,38,0.7963311672210693,0
slim_32,39,0.6642679572105408,0
slim_32,40,0.3352217972278595,0
slim_32,41,0.30296215415000916,0
slim_32,42,0.37677451968193054,0
slim_32,43,0.4285739064216614,0
slim_32,44,0.40754419565200806,0
slim_32,45,0.3897644877433777,0
slim_32,46,0.4361525774002075,1
slim_32,47,0.5505091547966003,1
slim_32,48,0.47850149869918823,0
slim_32,49,0.36468586325645447,0
slim_32,50,0.5007528066635132,0
slim_32,51,0.3177712857723236,0
slim_32,52,0.2604524493217468,0
slim_32,53,0.36743614077568054,0
slim_32,54,0.3712354302406311,0
slim_32,55,0.16631919145584106,0
slim_32,56,0.6154075264930725,0
slim_32,57,0.6556031107902527,0
slim_32,58,0.5119538903236389,0
slim_32,59,0.7401952147483826,0
slim_32,60,0.4754658639431,0
slim_32,61,0.611939013004303,0
slim_32,62,0.21618755161762238,0
slim_32,63,0.5341631174087524,0
slim_32,64,0.49198293685913086,0
slim_32,65,0.2841372489929199,0
slim_32,66,0.23974251747131348,0
slim_32,67,0.48615485429763794,1
slim_32,68,0.5172784328460693,0
slim_32,69,0.42060431838035583,0
slim_32,70,0.33378326892852783,0
slim_32,71,0.49041521549224854,0
slim_32,72,0.3892735242843628,0
slim_32,73,0.33049705624580383,0
slim_32,74,0.6028168201446533,0
slim_32,75,0.3987354040145874,0
slim_32,76,0.27324801683425903,0
slim_32,77,0.4723644554615021,0
slim_32,78,0.6713840961456299,0
slim_32,79,0.3508928716182709,0
slim_32,80,0.5930451154708862,0
slim_32,81,0.5777090191841125,0
slim_32,82,0.44527357816696167,1
slim_32,83,0.2416384369134903,0
slim_32,84,0.2735018730163574,0
slim_32,85,0.5466823577880859,0
slim_32,86,0.5083059668540955,0
slim_32,87,0.4082862138748169,0
slim_32,88,0.5128255486488342,0
slim_32,89,0.34121137857437134,0
slim_32,90,0.42302757501602173,0
slim_32,91,0.460970014333725,0
slim_32,92,0.38632717728614807,0
slim_32,93,0.5030396580696106,0
slim_32,94,0.3535017669200897,0
slim_32,95,0.3937530517578125,0
slim_32,96,0.4191311001777649,0
slim_32,97,0.5489777326583862,0
slim_32,98,0.22216063737869263,0
slim_32,99,0.5814957022666931,0
slim_32,100,0.36684077978134155,0
slim_32,101,0.5216842293739319,0
slim_32,102,0.3736298978328705,0
slim_32,103,0.5765113234519958,0
slim_32,104,0.09088782966136932,0
slim_32,105,0.5340906381607056,0
slim_32,106,0.4421968162059784,0
slim_32,107,0.3978976011276245,0
slim_32,108,0.516115665435791,0
slim_32,109,0.2809969484806061,0
slim_32,110,0.5529603362083435,0
slim_32,111,0.5639556050300598,0
slim_32,112,0.521312415599823,0
slim_32,113,0.6125694513320923,0
slim_32,114,0.327384889125824,0
slim_32,115,0.40412068367004395,0
slim_32,116,0.10899097472429276,1
slim_32,117,0.7083105444908142,0
slim_32,118,0.4618787169456482,0
slim_32,119,0.47476625442504883,0
slim_32,120,0.6398744583129883,0
slim_32,121,0.43897107243537903,0
slim_32,122,0.4434073865413666,0
slim_32,123,0.30570051074028015,0
slim_32,124,0.6423965096473694,0
slim_32,125,0.7262901663780212,1
slim_32,126,0.7481521368026733,0
slim_32,127,0.5188567638397217,1
slim_32,128,0.45324933528900146,0
slim_32,129,0.47021809220314026,0
slim_32,130,0.19128479063510895,0
slim_32,131,0.32210761308670044,1
slim_32,132,0.4976149797439575,1
slim_32,133,0.5214670300483704,0
slim_32,134,0.6199679374694824,0
slim_32,135,0.6029372811317444,1
slim_32,136,0.3945194184780121,0
slim_32,137,0.5475838780403137,0
slim_32,138,0.405105859041214,0
slim_32,139,0.24553602933883667,0
slim_32,140,0.5218974947929382,1
slim_32,141,0.13551431894302368,0
slim_32,142,0.4847097396850586,0
slim_32,143,0.6476905345916748,0
slim_32,144,0.7056052088737488,0
slim_32,145,0.4745628237724304,1
slim_32,146,0.5418621897697449,0
slim_32,147,0.4479048252105713,0
slim_32,148,0.6931098103523254,0
slim_32,149,0.14485874772071838,1
slim_32,150,0.5185078978538513,0
slim_32,151,0.3636016845703125,0
slim_32,152,0.41318705677986145,0
slim_32,153,0.4152125418186188,0
slim_32,154,0.4720851182937622,0
slim_32,155,0.39259782433509827,1
slim_32,156,0.6972682476043701,0
slim_32,157,0.3850671648979187,0
slim_32,158,0.3983727693557739,0
slim_32,159,0.5037216544151306,0
slim_32,160,0.5056470632553101,0
slim_32,161,0.23323939740657806,0
slim_32,162,0.6646233201026917,1
slim_32,163,0.5654030442237854,0
slim_32,164,0.80202317237854,1
slim_32,165,0.463503360748291,0
slim_32,166,0.4748542606830597,1
slim_32,167,0.5442330241203308,0
slim_32,168,0.3127557635307312,0
slim_32,169,0.5159645676612854,0
slim_32,170,0.4969121217727661,0
slim_32,171,0.46013566851615906,1
slim_32,172,0.43813613057136536,0
slim_32,173,0.5624376535415649,0
slim_32,174,0.45774537324905396,0
slim_32,175,0.5897502303123474,0
slim_32,176,0.3579758405685425,1
slim_32,177,0.6468155384063721,0
slim_32,178,0.13922759890556335,0
slim_32,179,0.3962184488773346,0
slim_32,180,0.36579588055610657,0
slim_32,181,0.4161514639854431,0
slim_32,182,0.4675133526325226,0
slim_32,183,0.6059324741363525,0
slim_32,184,0.5675526261329651,0
slim_32,185,0.3768655061721802,0
slim_32,186,0.1388922482728958,0
slim_32,187,0.47205790877342224,0
slim_32,188,0.36460649967193604,0
slim_32,189,0.3350641429424286,0
slim_32,190,0.44330504536628723,0
slim_32,191,0.5692252516746521,0
slim_32,192,0.4397079646587372,0
slim_32,193,0.6045565009117126,0
slim_32,194,0.39545246958732605,0
slim_32,195,0.4021114706993103,0
slim_32,196,0.49907931685447693,1
slim_32,197,0.5183095335960388,0
slim_32,198,0.5900002121925354,1
slim_32,199,0.414864718914032,0
slim_32,200,0.447079062461853,0
slim_32,201,0.47286516427993774,0
slim_32,202,0.795455813407898,0
slim_32,203,0.47501611709594727,0
slim_32,204,0.5590865015983582,0
slim_32,205,0.21728387475013733,0
slim_32,206,0.47585317492485046,0
slim_32,207,0.45936834812164307,0
slim_32,208,0.5254486799240112,0
slim_32,209,0.2971494197845459,0
slim_32,210,0.5617760419845581,0
slim_32,211,0.4012249708175659,0
slim_32,212,0.7186087965965271,0
slim_32,213,0.3818766474723816,0
slim_32,214,0.35589277744293213,0
slim_32,215,0.6228551864624023,0
slim_32,216,0.4481448233127594,0
slim_32,217,0.5396544933319092,1
slim_32,218,0.515893816947937,0
slim_32,219,0.632968544960022,1
slim_32,220,0.45245426893234253,1
slim_32,221,0.5915991067886353,1
slim_32,222,0.46634435653686523,0
slim_32,223,0.4684291183948517,0
slim_32,224,0.6569488644599915,1
slim_32,225,0.7528175115585327,1
slim_32,226,0.6415252089500427,1
slim_32,227,0.4305189251899719,1
slim_32,228,0.6435038447380066,1
slim_32,229,0.8526864051818848,0
slim_32,230,0.5422698855400085,1
slim_32,231,0.5655399560928345,0
slim_32,232,0.6470187306404114,0
slim_32,233,0.42617878317832947,0
slim_32,234,0.6137402057647705,1
slim_32,235,0.757385790348053,1
slim_32,236,0.32425060868263245,0
slim_32,237,0.7992729544639587,0
slim_32,238,0.5626149773597717,1
slim_32,239,0.5528261065483093,1
slim_32,240,0.5724786520004272,0
slim_32,241,0.7824512124061584,0
slim_32,242,0.4814462661743164,0
slim_32,243,0.6240187287330627,0
slim_32,244,0.7691512107849121,0
slim_32,245,0.5894768238067627,0
slim_32,246,0.6169547438621521,0
slim_32,247,0.7843742966651917,0
slim_32,248,0.5730562210083008,0
slim_32,249,0.48212507367134094,0
slim_32,250,0.7205917835235596,1
slim_32,251,0.45388907194137573,1
slim_32,252,0.4279889762401581,0
slim_32,253,0.624998152256012,1
slim_32,254,0.526761531829834,1
slim_32,255,0.5474737882614136,1
slim_32,256,0.376102089881897,0
slim_32,257,0.6943106651306152,1
slim_32,258,0.945280909538269,0
slim_32,259,0.7525673508644104,1
slim_32,260,0.8600770235061646,1
slim_32,261,0.6790764927864075,0
slim_32,262,0.3843982517719269,0
slim_32,263,0.5951454639434814,0
slim_32,264,0.7380728721618652,0
slim_32,265,0.7602992057800293,1
slim_32,266,0.6989498734474182,1
slim_32,267,0.6217250227928162,0
slim_32,268,0.7901995778083801,0
slim_32,269,0.36823010444641113,0
slim_32,270,0.3162091076374054,1
slim_32,271,0.6081164479255676,1
slim_32,272,0.635370671749115,0
slim_32,273,0.4403943121433258,1
slim_32,274,0.3595440685749054,0
slim_32,275,0.5703945755958557,1
slim_32,276,0.5102261304855347,1
slim_32,277,0.22782862186431885,0
slim_32,278,0.26203474402427673,0
slim_32,279,0.5058045387268066,0
slim_32,280,0.355383038520813,0
slim_32,281,0.3558553457260132,1
slim_32,282,0.7430781722068787,1
slim_32,283,0.503761351108551,0
slim_32,284,0.568239152431488,0
slim_32,285,0.3763473629951477,0
slim_32,286,0.5803447365760803,0
slim_32,287,0.46581774950027466,1
slim_32,288,0.3850944936275482,0
slim_32,289,0.5762065649032593,1
slim_32,290,0.44738277792930603,0
slim_32,291,0.49031150341033936,0
slim_32,292,0.47666165232658386,0
slim_32,293,0.5442340970039368,0
slim_32,294,0.5896158814430237,0
slim_32,295,0.3757477104663849,0
slim_32,296,0.3602863550186157,0
slim_32,297,0.6236234903335571,1
slim_32,298,0.42621251940727234,0
slim_32,299,0.440629243850708,0
slim_32,300,0.3317755162715912,0
slim_32,301,0.4430209994316101,0
slim_32,302,0.3145740032196045,0
slim_32,303,0.572869062423706,0
slim_32,304,0.5278433561325073,0
slim_32,305,0.5035638213157654,0
slim_32,306,0.3941529095172882,0
slim_32,307,0.3618745505809784,0
slim_32,308,0.48017922043800354,1
slim_32,309,0.6019008755683899,0
slim_32,310,0.4482043981552124,0
slim_32,311,0.604262113571167,0
slim_32,312,0.47301623225212097,0
slim_32,313,0.1898311823606491,0
slim_32,314,0.47499653697013855,0
slim_32,315,0.220943883061409,0
slim_32,316,0.38435444235801697,0
slim_32,317,0.2951812148094177,0
slim_32,318,0.5162067413330078,1
slim_32,319,0.3730680048465729,0
slim_32,320,0.24164436757564545,0
slim_32,321,0.5653290748596191,0
slim_32,322,0.6142482757568359,0
slim_32,323,0.5379669070243835,0
slim_32,324,0.44759103655815125,0
slim_32,325,0.41767242550849915,0
slim_32,326,0.45197856426239014,0
slim_32,327,0.49066540598869324,0
slim_32,328,0.3401559591293335,0
slim_32,329,0.40400218963623047,0
slim_32,330,0.5878652334213257,0
slim_32,331,0.5845126509666443,0
slim_32,332,0.5228785276412964,1
slim_32,333,0.3680562973022461,0
slim_32,334,0.272101491689682,0
slim_32,335,0.4588739275932312,1
slim_32,336,0.5538631081581116,1
slim_32,337,0.7541049718856812,0
slim_32,338,0.42433837056159973,0
slim_32,339,0.4203542470932007,0
slim_32,340,0.27303454279899597,0
slim_32,341,0.5819677114486694,0
slim_32,342,0.5522556304931641,0
slim_32,343,0.42957577109336853,0
slim_32,344,0.4948878884315491,0
slim_32,345,0.41993120312690735,0
slim_32,346,0.31721004843711853,0
slim_32,347,0.45663633942604065,0
slim_32,348,0.6356426477432251,0
slim_32,349,0.4540485143661499,1
slim_32,350,0.29660531878471375,0
slim_32,351,0.2977069020271301,0
slim_32,352,0.4471362233161926,1
slim_32,353,0.46904870867729187,0
slim_32,354,0.4352757930755615,0
slim_32,355,0.3724880516529083,0
slim_32,356,0.5565119981765747,0
slim_32,357,0.4272707402706146,0
slim_32,358,0.45046666264533997,0
slim_32,359,0.36943212151527405,0
slim_32,360,0.4008534848690033,0
slim_32,361,0.4576666057109833,0
slim_32,362,0.3649718165397644,0
slim_32,363,0.3115962743759155,0
slim_32,364,0.4562888741493225,1
slim_32,365,0.44630172848701477,0
slim_32,366,0.4266197979450226,0
slim_32,367,0.6156728863716125,1
slim_32,368,0.195595845580101,0
slim_32,369,0.5623071789741516,0
slim_32,370,0.2880547046661377,0
slim_32,371,0.6236628890037537,0
slim_32,372,0.36527615785598755,1
slim_32,373,0.5667961239814758,0
slim_32,374,0.3643413782119751,0
slim_32,375,0.6074236631393433,0
slim_32,376,0.48111286759376526,0
slim_32,377,0.5242104530334473,0
slim_32,378,0.4853118658065796,0
slim_32,379,0.33518630266189575,0
slim_32,380,0.4430657923221588,0
slim_32,381,0.47018423676490784,1
slim_32,382,0.4458460807800293,0
slim_32,383,0.462524950504303,0
slim_32,384,0.5657229423522949,0
slim_32,385,0.5204240083694458,0
slim_32,386,0.44805482029914856,0
slim_32,387,0.22945508360862732,0
slim_32,388,0.4372553825378418,0
slim_32,389,0.4712505340576172,0
slim_32,390,0.4440179765224457,0
slim_32,391,0.3197439908981323,1
slim_32,392,0.3568226397037506,1
slim_32,393,0.40293389558792114,0
slim_32,394,0.5194713473320007,1
slim_32,395,0.43370887637138367,1
slim_32,396,0.3212151825428009,0
slim_32,397,0.5539699792861938,0
slim_32,398,0.5863350033760071,0
slim_32,399,0.441379576921463,0
slim_32,400,0.438854455947876,0
slim_32,401,0.4124760627746582,0
slim_32,402,0.574853777885437,1
slim_32,403,0.3992501497268677,0
slim_32,404,0.3943485617637634,0
slim_32,405,0.6354932188987732,0
slim_32,406,0.32585570216178894,0
slim_32,407,0.4850594401359558,0
slim_32,408,0.6617994904518127,0
slim_32,409,0.45989561080932617,0
slim_32,410,0.6275777220726013,1
slim_32,411,0.2581998407840729,0
slim_32,412,0.48296648263931274,0
slim_32,413,0.24995537102222443,0
slim_32,414,0.29796135425567627,0
slim_32,415,0.8363373875617981,1
slim_32,416,0.39199376106262207,0
slim_32,417,0.464798241853714,0
slim_32,418,0.22644463181495667,1
slim_32,419,0.6991594433784485,0
slim_32,420,0.5898677110671997,0
slim_32,421,0.45652371644973755,0
slim_32,422,0.6614837050437927,1
slim_32,423,0.42118898034095764,0
slim_32,424,0.5100224018096924,0
slim_32,425,0.48095476627349854,0
slim_32,426,0.5899569988250732,1
slim_32,427,0.3541155457496643,0
slim_32,428,0.44270059466362,0
slim_32,429,0.6272814869880676,0
slim_32,430,0.6067761182785034,0
slim_32,431,0.6359620690345764,0
slim_32,432,0.5786911845207214,1
slim_32,433,0.7091723084449768,0
slim_32,434,0.6491531133651733,0
slim_32,435,0.18203437328338623,0
slim_32,436,0.3374691307544708,0
slim_32,437,0.44795605540275574,0
slim_32,438,0.24121320247650146,0
slim_32,439,0.5016592144966125,1
slim_32,440,0.6361711025238037,0
slim_32,441,0.3875662386417389,0
slim_32,442,0.19962731003761292,0
slim_32,443,0.6106204986572266,1
slim_32,444,0.4607720673084259,1
slim_32,445,0.3142470419406891,0
slim_32,446,0.5566915273666382,0
slim_32,447,0.4245111644268036,1
slim_32,448,0.2823946177959442,0
slim_32,449,0.7078551054000854,0
slim_32,450,0.22449254989624023,0
slim_32,451,0.4839598536491394,0
slim_32,452,0.44014373421669006,1
slim_32,453,0.43932846188545227,1
slim_32,454,0.29627636075019836,0
slim_32,455,0.7607249617576599,0
slim_32,456,0.3429621756076813,0
slim_32,457,0.5431265234947205,1
slim_32,458,0.4953366816043854,1
slim_32,459,0.5778873562812805,0
slim_32,460,0.5461789965629578,0
slim_32,461,0.5936952233314514,1
slim_32,462,0.6075116395950317,1
slim_32,463,0.5259088277816772,0
slim_32,464,0.48254552483558655,0
slim_32,465,0.5767725110054016,1
slim_32,466,0.30349001288414,0
slim_32,467,0.4958008825778961,0
slim_32,468,0.49541133642196655,1
slim_32,469,0.7094520926475525,0
slim_32,470,0.37385526299476624,0
slim_32,471,0.671157717704773,0
slim_32,472,0.8040220141410828,1
slim_32,473,0.20794512331485748,0
slim_32,474,0.6576974987983704,1
slim_32,475,0.4032098352909088,0
slim_32,476,0.4887647032737732,0
slim_32,477,0.25139114260673523,0
slim_32,478,0.6790642142295837,0
slim_32,479,0.7314248085021973,0
slim_32,480,0.23515112698078156,1
slim_32,481,0.3498501181602478,1
slim_32,482,0.5590758919715881,1
slim_32,483,0.46771547198295593,0
slim_32,484,0.5801500678062439,0
slim_32,485,0.29722633957862854,0
slim_32,486,0.7535710334777832,1
slim_32,487,0.4517081677913666,0
slim_32,488,0.760239839553833,1
slim_32,489,0.35132840275764465,0
slim_32,490,0.502536952495575,1
slim_32,491,0.5707616209983826,0
slim_32,492,0.8728836178779602,1
slim_32,493,0.6301613450050354,0
slim_32,494,0.3710269033908844,0
slim_32,495,0.6935316920280457,0
slim_32,496,0.5302020311355591,1
wide_64_8,0,0.37846019864082336,1
wide_64_8,1,0.5274444818496704,0
wide_64_8,2,0.3686041533946991,0
wide_64_8,3,0.5018519163131714,1
wide_64_8,4,0.4916918873786926,0
wide_64_8,5,0.5014293789863586,0
wide_64_8,6,0.4581620395183563,0
wide_64_8,7,0.4126562774181366,0
wide_64_8,8,0.5621702075004578,1
wide_64_8,9,0.6215173006057739,0
wide_64_8,10,0.391377329826355,0
wide_64_8,11,0.3941234052181244,0
wide_64_8,12,0.3312027156352997,0
wide_64_8,13,0.3914034068584442,1
wide_64_8,14,0.3719027638435364,0
wide_64_8,15,0.353644460439682,0
wide_64_8,16,0.4348725974559784,0
wide_64_8,17,0.35923582315444946,0
wide_64_8,18,0.4994412958621979,0
wide_64_8,19,0.19153541326522827,0
wide_64_8,20,0.4380149245262146,0
wide_64_8,21,0.4041878283023834,0
wide_64_8,22,0.3659970164299011,0
wide_64_8,23,0.42205092310905457,0
wide_64_8,24,0.58262699842453,0
wide_64_8,25,0.5847665071487427,0
wide_64_8,26,0.40231332182884216,0
wide_64_8,27,0.5689219236373901,0
wide_64_8,28,0.6482172012329102,1
wide_64_8,29,0.40173205733299255,0
wide_64_8,30,0.48256951570510864,0
wide_64_8,31,0.609535813331604,1
wide_64_8,32,0.4619136154651642,0
wide_64_8,33,0.43612563610076904,0
wide_64_8,34,0.38877761363983154,0
wide_64_8,35,0.5349699258804321,0
wide_64_8,36,0.3867405652999878,0
wide_64_8,37,0.32394906878471375,0
wide_64_8,38,0.8842151165008545,0
wide_64_8,39,0.7593421936035156,0
wide_64_8,40,0.474685937166214,0
wide_64_8,41,0.32710298895835876,0
wide_64_8,42,0.38312435150146484,0
wide_64_8,43,0.41952547430992126,0
wide_64_8,44,0.4428184926509857,0
wide_64_8,45,0.4432470500469208,0
wide_64_8,46,0.4643567204475403,1
wide_64_8,47,0.48208773136138916,1
wide_64_8,48,0.445484459400177,0
wide_64_8,49,0.35248130559921265,0
wide_64_8,50,0.5090776681900024,0
wide_64_8,51,0.2862859070301056,0
wide_64_8,52,0.25245827436447144,0
wide_64_8,53,0.37118691205978394,0
wide_64_8,54,0.38892269134521484,0
wide_64_8,55,0.32035112380981445,0
wide_64_8,56,0.5065939426422119,0
wide_64_8,57,0.5350801944732666,0
wide_64_8,58,0.4097650349140167,0
wide_64_8,59,0.6862552165985107,0
wide_64_8,60,0.40022069215774536,0
wide_64_8,61,0.5116462707519531,0
wide_64_8,62,0.20296825468540192,0
wide_64_8,63,0.5318348407745361,0
wide_64_8,64,0.4616450071334839,0
wide_64_8,65,0.4981461465358734,0
wide_64_8,66,0.191383495926857,0
wide_64_8,67,0.3795064687728882,1
wide_64_8,68,0.49736443161964417,0
wide_64_8,69,0.429234117269516,0
wide_64_8,70,0.3875287175178528,0
wide_64_8,71,0.4702824652194977,0
wide_64_8,72,0.4173348844051361,0
wide_64_8,73,0.19219201803207397,0
wide_64_8,74,0.5184532403945923,0
wide_64_8,75,0.36650726199150085,0
wide_64_8,76,0.26520201563835144,0
wide_64_8,77,0.4341348111629486,0
wide_64_8,78,0.4727524220943451,0
wide_64_8,79,0.312622994184494,0
wide_64_8,80,0.5340921878814697,0
wide_64_8,81,0.5254184007644653,0
wide_64_8,82,0.4727524220943451,1
wide_64_8,83,0.21437299251556396,0
wide_64_8,84,0.34393686056137085,0
wide_64_8,85,0.5018194317817688,0
wide_64_8,86,0.44401517510414124,0
wide_64_8,87,0.43007785081863403,0
wide_64_8,88,0.45258212089538574,0
wide_64_8,89,0.34916940331459045,0
wide_64_8,90,0.37441587448120117,0
wide_64_8,91,0.43951159715652466,0
wide_64_8,92,0.37917059659957886,0
wide_64_8,93,0.48504552245140076,0
wide_64_8,94,0.36649420857429504,0
wide_64_8,95,0.44250935316085815,0
wide_64_8,96,0.40696412324905396,0
wide_64_8,97,0.5579316020011902,0
wide_64_8,98,0.2664034962654114,0
wide_64_8,99,0.5202639102935791,0
wide_64_8,100,0.39389556646347046,0
wide_64_8,101,0.44134169816970825,0
wide_64_8,102,0.3857368528842926,0
wide_64_8,103,0.4780546724796295,0
wide_64_8,104,0.30075737833976746,0
wide_64_8,105,0.500636875629425,0
wide_64_8,106,0.4860023260116577,0
wide_64_8,107,0.3325033485889435,0
wide_64_8,108,0.443787544965744,0
wide_64_8,109,0.2705176770687103,0
wide_64_8,110,0.5245689153671265,0
wide_64_8,111,0.5123737454414368,0
wide_64_8,112,0.4736894369125366,0
wide_64_8,113,0.5129642486572266,0
wide_64_8,114,0.2325734794139862,0
wide_64_8,115,0.44408145546913147,0
wide_64_8,116,0.1798161417245865,1
wide_64_8,117,0.4781157672405243,0
wide_64_8,118,0.48077139258384705,0
wide_64_8,119,0.43381816148757935,0
wide_64_8,120,0.49694231152534485,0
wide_64_8,121,0.45267874002456665,0
wide_64_8,122,0.4263170063495636,0
wide_64_8,123,0.3222178816795349,0
wide_64_8,124,0.5816071629524231,0
wide_64_8,125,0.6166669726371765,1
wide_64_8,126,0.5585165023803711,0
wide_64_8,127,0.4496481418609619,1
wide_64_8,128,0.4170738458633423,0
wide_64_8,129,0.43740352988243103,0
wide_64_8,130,0.3293772339820862,0
wide_64_8,131,0.43957626819610596,1
wide_64_8,132,0.49958300590515137,1
wide_64_8,133,0.4878404140472412,0
wide_64_8,134,0.593704104423523,0
wide_64_8,135,0.5225905776023865,1
wide_64_8,136,0.41539525985717773,0
wide_64_8,137,0.4959268867969513,0
wide_64_8,138,0.4727524220943451,0
wide_64_8,139,0.39743945002555847,0
wide_64_8,140,0.4243595004081726,1
wide_64_8,141,0.09408635646104813,0
wide_64_8,142,0.43786805868148804,0
wide_64_8,143,0.46390271186828613,0
wide_64_8,144,0.5656435489654541,0
wide_64_8,145,0.43726858496665955,1
wide_64_8,146,0.5538514852523804,0
wide_64_8,147,0.37328097224235535,0
wide_64_8,148,0.603221595287323,0
wide_64_8,149,0.15436813235282898,1
wide_64_8,150,0.3666970431804657,0
wide_64_8,151,0.4468236267566681,0
wide_64_8,152,0.441186785697937,0
wide_64_8,153,0.42538365721702576,0
wide_64_8,154,0.4727524220943451,0
wide_64_8,155,0.3726291358470917,1
wide_64_8,156,0.5228374600410461,0
wide_64_8,157,0.4591248631477356,0
wide_64_8,158,0.42621052265167236,0
wide_64_8,159,0.4060416519641876,0
wide_64_8,160,0.4364972710609436,0
wide_64_8,161,0.45025038719177246,0
wide_64_8,162,0.6195572018623352,1
wide_64_8,163,0.5297055840492249,0
wide_64_8,164,0.5357531309127808,1
wide_64_8,165,0.40624046325683594,0
wide_64_8,166,0.4544312357902527,1
wide_64_8,167,0.4727524220943451,0
wide_64_8,168,0.36634552478790283,0
wide_64_8,169,0.4381501376628876,0
wide_64_8,170,0.4883350729942322,0
wide_64_8,171,0.36604195833206177,1
wide_64_8,172,0.4096285104751587,0
wide_64_8,173,0.5189286470413208,0
wide_64_8,174,0.4315301477909088,0
wide_64_8,175,0.5603529214859009,0
wide_64_8,176,0.40608781576156616,1
wide_64_8,177,0.5159567594528198,0
wide_64_8,178,0.4236984848976135,0
wide_64_8,179,0.36332082748413086,0
wide_64_8,180,0.37548041343688965,0
wide_64_8,181,0.41868969798088074,0
wide_64_8,182,0.45023807883262634,0
wide_64_8,183,0.5205886960029602,0
wide_64_8,184,0.7044053077697754,0
wide_64_8,185,0.4343387186527252,0
wide_64_8,186,0.38113245368003845,0
wide_64_8,187,0.4778808653354645,0
wide_64_8,188,0.37857338786125183,0
wide_64_8,189,0.28196626901626587,0
wide_64_8,190,0.44286948442459106,0
wide_64_8,191,0.6127929091453552,0
wide_64_8,192,0.42239612340927124,0
wide_64_8,193,0.5964334607124329,0
wide_64_8,194,0.333241730928421,0
wide_64_8,195,0.429234117269516,0
wide_64_8,196,0.4382994472980499,1
wide_64_8,197,0.4727524220943451,0
wide_64_8,198,0.5453614592552185,1
wide_64_8,199,0.4113794267177582,0
wide_64_8,200,0.39928334951400757,0
wide_64_8,201,0.48548465967178345,0
wide_64_8,202,0.8565794825553894,0
wide_64_8,203,0.440854012966156,0
wide_64_8,204,0.5562052130699158,0
wide_64_8,205,0.40879541635513306,0
wide_64_8,206,0.5080952644348145,0
wide_64_8,207,0.44011548161506653,0
wide_64_8,208,0.48422056436538696,0
wide_64_8,209,0.2370026409626007,0
wide_64_8,210,0.44989147782325745,0
wide_64_8,211,0.3532516062259674,0
wide_64_8,212,0.7241005897521973,0
wide_64_8,213,0.17418168485164642,0
wide_64_8,214,0.43726858496665955,0
wide_64_8,215,0.5999685525894165,0
wide_64_8,216,0.4450121819972992,0
wide_64_8,217,0.5176571011543274,1
wide_64_8,218,0.4621136784553528,0
wide_64_8,219,0.5029637217521667,1
wide_64_8,220,0.4727524220943451,1
wide_64_8,221,0.5401832461357117,1
wide_64_8,222,0.45936402678489685,0
wide_64_8,223,0.47699540853500366,0
wide_64_8,224,0.5369539856910706,1
wide_64_8,225,0.6695802807807922,1
wide_64_8,226,0.5033934116363525,1
wide_64_8,227,0.4521848261356354,1
wide_64_8,228,0.688177227973938,1
wide_64_8,229,0.6299291849136353,0
wide_64_8,230,0.48793432116508484,1
wide_64_8,231,0.5189651846885681,0
wide_64_8,232,0.4839942157268524,0
wide_64_8,233,0.4129401445388794,0
wide_64_8,234,0.5181875824928284,1
wide_64_8,235,0.5286872982978821,1
wide_64_8,236,0.4022349417209625,0
wide_64_8,237,0.7612876892089844,0
wide_64_8,238,0.5917389392852783,1
wide_64_8,239,0.5024963021278381,1
wide_64_8,240,0.46179288625717163,0
wide_64_8,241,0.5313825607299805,0
wide_64_8,242,0.40949609875679016,0
wide_64_8,243,0.66025310754776,0
wide_64_8,244,0.719200849533081,0
wide_64_8,245,0.44528597593307495,0
wide_64_8,246,0.4962313771247864,0
wide_64_8,247,0.5148031115531921,0
wide_64_8,248,0.4815426468849182,0
wide_64_8,249,0.430449515581131,0
wide_64_8,250,0.6595786809921265,1
wide_64_8,251,0.3927585482597351,1
wide_64_8,252,0.4228334128856659,0
wide_64_8,253,0.604020893573761,1
wide_64_8,254,0.5674281716346741,1
wide_64_8,255,0.45951005816459656,1
wide_64_8,256,0.45752453804016113,0
wide_64_8,257,0.5704314112663269,1
wide_64_8,258,0.8605629205703735,0
wide_64_8,259,0.6418725252151489,1
wide_64_8,260,0.5855216979980469,1
wide_64_8,261,0.5181342959403992,0
wide_64_8,262,0.4195786714553833,0
wide_64_8,263,0.4528236985206604,0
wide_64_8,264,0.6273317337036133,0
wide_64_8,265,0.8621410131454468,1
wide_64_8,266,0.6697244048118591,1
wide_64_8,267,0.45653629302978516,0
wide_64_8,268,0.7413156628608704,0
wide_64_8,269,0.41797885298728943,0
wide_64_8,270,0.42305079102516174,1
wide_64_8,271,0.5101901888847351,1
wide_64_8,272,0.6696341037750244,0
wide_64_8,273,0.4355267286300659,1
wide_64_8,274,0.3683474659919739,0
wide_64_8,275,0.5312703251838684,1
wide_64_8,276,0.46132469177246094,1
wide_64_8,277,0.43397220969200134,0
wide_64_8,278,0.2814882695674896,0
wide_64_8,279,0.5022737979888916,0
wide_64_8,280,0.3715135455131531,0
wide_64_8,281,0.5054634213447571,1
wide_64_8,282,0.5877355337142944,1
wide_64_8,283,0.45847874879837036,0
wide_64_8,284,0.4705575108528137,0
wide_64_8,285,0.3918308615684509,0
wide_64_8,286,0.5223724842071533,0
wide_64_8,287,0.46028122305870056,1
wide_64_8,288,0.37528377771377563,0
wide_64_8,289,0.5315306186676025,1
wide_64_8,290,0.37583160400390625,0
wide_64_8,291,0.4111698865890503,0
wide_64_8,292,0.5177238583564758,0
wide_64_8,293,0.4974275827407837,0
wide_64_8,294,0.5506476163864136,0
wide_64_8,295,0.4284408390522003,0
wide_64_8,296,0.42939040064811707,0
wide_64_8,297,0.5666065812110901,1
wide_64_8,298,0.4269242584705353,0
wide_64_8,299,0.46471285820007324,0
wide_64_8,300,0.39207524061203003,0
wide_64_8,301,0.38621601462364197,0
wide_64_8,302,0.43555977940559387,0
wide_64_8,303,0.6504496932029724,0
wide_64_8,304,0.5199945569038391,0
wide_64_8,305,0.4901617765426636,0
wide_64_8,306,0.3696971535682678,0
wide_64_8,307,0.3702794015407562,0
wide_64_8,308,0.4746801257133484,1
wide_64_8,309,0.5557636022567749,0
wide_64_8,310,0.429234117269516,0
wide_64_8,311,0.6549644470214844,0
wide_64_8,312,0.4644942879676819,0
wide_64_8,313,0.08985473215579987,0
wide_64_8,314,0.4232918322086334,0
wide_64_8,315,0.38954511284828186,0
wide_64_8,316,0.3914607763290405,0
wide_64_8,317,0.34466344118118286,0
wide_64_8,318,0.3208213448524475,1
wide_64_8,319,0.3852172791957855,0
wide_64_8,320,0.3220391869544983,0
wide_64_8,321,0.4983656406402588,0
wide_64_8,322,0.5337765216827393,0
wide_64_8,323,0.5305760502815247,0
wide_64_8,324,0.4727524220943451,0
wide_64_8,325,0.4282078146934509,0
wide_64_8,326,0.4323514699935913,0
wide_64_8,327,0.5032678246498108,0
wide_64_8,328,0.4015771746635437,0
wide_64_8,329,0.47547686100006104,0
wide_64_8,330,0.5160136222839355,0
wide_64_8,331,0.49440306425094604,0
wide_64_8,332,0.49241751432418823,1
wide_64_8,333,0.5600795149803162,0
wide_64_8,334,0.30927202105522156,0
wide_64_8,335,0.4424622356891632,1
wide_64_8,336,0.48762086033821106,1
wide_64_8,337,0.7194619178771973,0
wide_64_8,338,0.4042196571826935,0
wide_64_8,339,0.4083653390407562,0
wide_64_8,340,0.38746654987335205,0
wide_64_8,341,0.5109333395957947,0
wide_64_8,342,0.518427848815918,0
wide_64_8,343,0.43080732226371765,0
wide_64_8,344,0.47728660702705383,0
wide_64_8,345,0.4255177676677704,0
wide_64_8,346,0.4063158929347992,0
wide_64_8,347,0.4657924473285675,0
wide_64_8,348,0.5960725545883179,0
wide_64_8,349,0.39875534176826477,1
wide_64_8,350,0.4021017551422119,0
wide_64_8,351,0.29844793677330017,0
wide_64_8,352,0.46082979440689087,1
wide_64_8,353,0.4358229637145996,0
wide_64_8,354,0.46491530537605286,0
wide_64_8,355,0.36867237091064453,0
wide_64_8,356,0.4491109848022461,0
wide_64_8,357,0.43476247787475586,0
wide_64_8,358,0.5118903517723083,0
wide_64_8,359,0.32967764139175415,0
wide_64_8,360,0.48958098888397217,0
wide_64_8,361,0.45433229207992554,0
wide_64_8,362,0.42225179076194763,0
wide_64_8,363,0.4225526452064514,0
wide_64_8,364,0.5285405516624451,1
wide_64_8,365,0.44026267528533936,0
wide_64_8,366,0.429234117269516,0
wide_64_8,367,0.532488226890564,1
wide_64_8,368,0.361257404088974,0
wide_64_8,369,0.4968617260456085,0
wide_64_8,370,0.5022911429405212,0
wide_64_8,371,0.5241189002990723,0
wide_64_8,372,0.40058547258377075,1
wide_64_8,373,0.5144124627113342,0
wide_64_8,374,0.4098527133464813,0
wide_64_8,375,0.5384284853935242,0
wide_64_8,376,0.439326673746109,0
wide_64_8,377,0.4410659074783325,0
wide_64_8,378,0.4216366708278656,0
wide_64_8,379,0.35253047943115234,0
wide_64_8,380,0.45358705520629883,0
wide_64_8,381,0.4578857421875,1
wide_64_8,382,0.44361814856529236,0
wide_64_8,383,0.4260099530220032,0
wide_64_8,384,0.5564074516296387,0
wide_64_8,385,0.4853724241256714,0
wide_64_8,386,0.42796093225479126,0
wide_64_8,387,0.41184842586517334,0
wide_64_8,388,0.4956100285053253,0
wide_64_8,389,0.48848965764045715,0
wide_64_8,390,0.4494772255420685,0
wide_64_8,391,0.30404627323150635,1
wide_64_8,392,0.3506546914577484,1
wide_64_8,393,0.43726858496665955,0
wide_64_8,394,0.4779753088951111,1
wide_64_8,395,0.46130695939064026,1
wide_64_8,396,0.20191827416419983,0
wide_64_8,397,0.429234117269516,0
wide_64_8,398,0.5170083045959473,0
wide_64_8,399,0.4565173089504242,0
wide_64_8,400,0.44100451469421387,0
wide_64_8,401,0.41297808289527893,0
wide_64_8,402,0.461544394493103,1
wide_64_8,403,0.40836262702941895,0
wide_64_8,404,0.46477892994880676,0
wide_64_8,405,0.567991316318512,0
wide_64_8,406,0.3602912127971649,0
wide_64_8,407,0.4339521825313568,0
wide_64_8,408,0.5985437631607056,0
wide_64_8,409,0.49014362692832947,0
wide_64_8,410,0.5969893336296082,1
wide_64_8,411,0.498983770608902,0
wide_64_8,412,0.5047177672386169,0
wide_64_8,413,0.2401791363954544,0
wide_64_8,414,0.3886396586894989,0
wide_64_8,415,0.5101824998855591,1
wide_64_8,416,0.44606056809425354,0
wide_64_8,417,0.4623255133628845,0
wide_64_8,418,0.31407320499420166,1
wide_64_8,419,0.47588545083999634,0
wide_64_8,420,0.5478787422180176,0
wide_64_8,421,0.5016508102416992,0
wide_64_8,422,0.47458168864250183,1
wide_64_8,423,0.17865754663944244,0
wide_64_8,424,0.4563116133213043,0
wide_64_8,425,0.7966543436050415,0
wide_64_8,426,0.5584232807159424,1
wide_64_8,427,0.401226669549942,0
wide_64_8,428,0.3299552798271179,0
wide_64_8,429,0.5396714210510254,0
wide_64_8,430,0.5870243310928345,0
wide_64_8,431,0.5615319013595581,0
wide_64_8,432,0.4493412375450134,1
wide_64_8,433,0.7345484495162964,0
wide_64_8,434,0.6876115202903748,0
wide_64_8,435,0.39314937591552734,0
wide_64_8,436,0.36483830213546753,0
wide_64_8,437,0.43159154057502747,0
wide_64_8,438,0.17304109036922455,0
wide_64_8,439,0.44851037859916687,1
wide_64_8,440,0.48675042390823364,0
wide_64_8,441,0.3061818480491638,0
wide_64_8,442,0.17564353346824646,0
wide_64_8,443,0.5223894119262695,1
wide_64_8,444,0.45809945464134216,1
wide_64_8,445,0.44489702582359314,0
wide_64_8,446,0.46190017461776733,0
wide_64_8,447,0.4453018009662628,1
wide_64_8,448,0.30524879693984985,0
wide_64_8,449,0.6490288972854614,0
wide_64_8,450,0.3304676115512848,0
wide_64_8,451,0.44343265891075134,0
wide_64_8,452,0.4584313631057739,1
wide_64_8,453,0.5420730113983154,1
wide_64_8,454,0.509380042552948,0
wide_64_8,455,0.6199402213096619,0
wide_64_8,456,0.41548487544059753,0
wide_64_8,457,0.48344287276268005,1
wide_64_8,458,0.44878724217414856,1
wide_64_8,459,0.5886459350585938,0
wide_64_8,460,0.4391442835330963,0
wide_64_8,461,0.4727524220943451,1
wide_64_8,462,0.6287949085235596,1
wide_64_8,463,0.4727524220943451,0
wide_64_8,464,0.4416801631450653,0
wide_64_8,465,0.5512718558311462,1
wide_64_8,466,0.44149935245513916,0
wide_64_8,467,0.450307160615921,0
wide_64_8,468,0.4695985019207001,1
wide_64_8,469,0.7046850919723511,0
wide_64_8,470,0.4521102011203766,0
wide_64_8,471,0.47292107343673706,0
wide_64_8,472,0.6777747869491577,1
wide_64_8,473,0.13378749787807465,0
wide_64_8,474,0.7818958759307861,1
wide_64_8,475,0.41710370779037476,0
wide_64_8,476,0.5236498713493347,0
wide_64_8,477,0.42278093099594116,0
wide_64_8,478,0.6452574133872986,0
wide_64_8,479,0.5995742678642273,0
wide_64_8,480,0.4718001186847687,1
wide_64_8,481,0.4617179334163666,1
wide_64_8,482,0.5030102133750916,1
wide_64_8,483,0.4515615403652191,0
wide_64_8,484,0.4727524220943451,0
wide_64_8,485,0.2687673568725586,0
wide_64_8,486,0.5740715861320496,1
wide_64_8,487,0.41166993975639343,0
wide_64_8,488,0.7246787548065186,1
wide_64_8,489,0.35559895634651184,0
wide_64_8,490,0.43528228998184204,1
wide_64_8,491,0.7457415461540222,0
wide_64_8,492,0.6207191944122314,1
wide_64_8,493,0.4596070945262909,0
wide_64_8,494,0.3536176383495331,0
wide_64_8,495,0.5902248024940491,0
wide_64_8,496,0.4561369717121124,1
