dataset,arch,mode,lambda,track_id,y_cls,oof_prob,y_reg,oof_reg_min
A2,dual_branch,multitask,0.3,15,1,0.4840892255306244,315.010498046875,1881.3695068359375
A2,dual_branch,multitask,0.3,31,0,0.366601824760437,1860.0618896484375,2289.671630859375
A2,dual_branch,multitask,0.3,38,0,0.4864029288291931,1635.054443359375,1883.353271484375
A2,dual_branch,multitask,0.3,43,1,0.5208019018173218,105.00349426269531,1946.935302734375
A2,dual_branch,multitask,0.3,46,0,0.5040609240531921,1620.053955078125,1839.1204833984375
A2,dual_branch,multitask,0.3,54,0,0.4861394762992859,1965.0654296875,1853.9510498046875
A2,dual_branch,multitask,0.3,57,0,0.5269212126731873,1500.0499267578125,1938.897705078125
A2,dual_branch,multitask,0.3,92,0,0.5687679052352905,3555.118408203125,1684.269287109375
A2,dual_branch,multitask,0.3,97,1,0.5262609124183655,900.0299682617188,1937.1549072265625
A2,dual_branch,multitask,0.3,102,0,0.5241151452064514,3150.10498046875,1943.6273193359375
A2,dual_branch,multitask,0.3,108,0,0.4902856945991516,1950.06494140625,1882.1842041015625
A2,dual_branch,multitask,0.3,117,0,0.5828842520713806,2985.099365234375,1645.4815673828125
A2,dual_branch,multitask,0.3,122,0,0.5159192681312561,1950.06494140625,1822.898193359375
A2,dual_branch,multitask,0.3,134,1,0.488066166639328,585.0194702148438,1879.212890625
A2,dual_branch,multitask,0.3,146,0,0.4736768305301666,1125.0374755859375,1964.777587890625
A2,dual_branch,multitask,0.3,172,0,0.49372947216033936,1710.056884765625,1800.7774658203125
A2,dual_branch,multitask,0.3,181,0,0.37388813495635986,3525.117431640625,2273.44580078125
A2,dual_branch,multitask,0.3,192,0,0.4871940314769745,3360.11181640625,1882.907958984375
A2,dual_branch,multitask,0.3,197,0,0.527618944644928,2115.0703125,1805.6165771484375
A2,dual_branch,multitask,0.3,201,0,0.49124017357826233,1215.0404052734375,1951.20703125
A2,dual_branch,multitask,0.3,204,0,0.5574938654899597,2040.06787109375,1779.9873046875
A2,dual_branch,multitask,0.3,207,0,0.47730517387390137,1815.0604248046875,1945.874267578125
A2,dual_branch,multitask,0.3,224,0,0.4907660484313965,1485.0494384765625,1832.96484375
A2,dual_branch,multitask,0.3,226,0,0.4939013421535492,2760.091796875,1881.1492919921875
A2,dual_branch,multitask,0.3,232,0,0.516368567943573,1665.055419921875,1828.04443359375
A2,dual_branch,multitask,0.3,242,0,0.5389483571052551,3555.118408203125,1925.164306640625
A2,dual_branch,multitask,0.3,260,0,0.48453542590141296,1890.06298828125,1880.5421142578125
A2,dual_branch,multitask,0.3,261,0,0.4446752369403839,1320.0439453125,2121.341552734375
A2,dual_branch,multitask,0.3,272,1,0.5400980114936829,435.0144958496094,1922.4046630859375
A2,dual_branch,multitask,0.3,283,0,0.4797127842903137,1650.054931640625,1961.6414794921875
A2,dual_branch,multitask,0.3,285,0,0.370076447725296,1545.0513916015625,2281.009765625
A2,dual_branch,multitask,0.3,286,1,0.4570687711238861,630.02099609375,2046.2696533203125
A2,dual_branch,multitask,0.3,287,0,0.4514797627925873,3660.121826171875,2076.04541015625
A2,dual_branch,multitask,0.3,289,0,0.4582950174808502,1590.052978515625,2004.436767578125
A2,dual_branch,multitask,0.3,308,0,0.4899071753025055,1830.0609130859375,1860.4576416015625
A2,dual_branch,multitask,0.3,312,0,0.5032727122306824,1665.055419921875,1956.6981201171875
A2,dual_branch,multitask,0.3,331,0,0.4896564483642578,3330.11083984375,1872.438232421875
A2,dual_branch,multitask,0.3,334,0,0.5169707536697388,2235.074462890625,1845.2901611328125
A2,dual_branch,multitask,0.3,362,0,0.8854591250419617,1500.0499267578125,719.77294921875
A2,dual_branch,multitask,0.3,368,0,0.37702450156211853,3375.1123046875,2292.423095703125
A2,dual_branch,multitask,0.3,370,0,0.49329861998558044,1950.06494140625,1950.521484375
A2,dual_branch,multitask,0.3,380,0,0.3952144384384155,3555.118408203125,2210.021240234375
A2,dual_branch,multitask,0.3,384,0,0.4892440736293793,3075.102294921875,1866.5460205078125
A2,dual_branch,multitask,0.3,395,0,0.49098464846611023,2415.080322265625,1882.26806640625
A2,dual_branch,multitask,0.3,396,0,0.49161916971206665,2460.08203125,1822.785888671875
A2,dual_branch,multitask,0.3,404,0,0.4898068308830261,2835.094482421875,1879.565185546875
A2,dual_branch,multitask,0.3,416,1,0.5266499519348145,540.0180053710938,1818.5946044921875
A2,dual_branch,multitask,0.3,422,1,0.49354588985443115,735.0244750976562,1973.0784912109375
A2,dual_branch,multitask,0.3,428,0,0.39676621556282043,1740.0579833984375,2212.006591796875
A2,dual_branch,multitask,0.3,430,0,0.49356865882873535,2715.09033203125,1802.3297119140625
A2,dual_branch,multitask,0.3,437,0,0.489427775144577,3000.099853515625,1953.24853515625
A2,dual_branch,multitask,0.3,441,0,0.37549641728401184,1620.053955078125,2264.252685546875
A2,dual_branch,multitask,0.3,453,0,0.4988352954387665,2025.0673828125,1861.5255126953125
A2,dual_branch,multitask,0.3,460,0,0.6003684401512146,2865.095458984375,1603.6962890625
A2,dual_branch,multitask,0.3,461,0,0.49201396107673645,2685.08935546875,1824.0941162109375
A2,dual_branch,multitask,0.3,478,0,0.5240504145622253,3090.102783203125,1942.0736083984375
A2,dual_branch,multitask,0.3,498,0,0.5048803091049194,1215.0404052734375,1809.9036865234375
A2,dual_branch,multitask,0.3,509,0,0.504557192325592,3255.1083984375,1870.876708984375
A2,dual_branch,multitask,0.3,514,0,0.4124845862388611,3045.101318359375,2171.987548828125
A2,dual_branch,multitask,0.3,518,0,0.5845680832862854,1380.0458984375,1655.516845703125
A2,dual_branch,multitask,0.3,522,0,0.5015238523483276,2235.074462890625,1848.3052978515625
A2,dual_branch,multitask,0.3,530,0,0.4156816899776459,3150.10498046875,2175.383056640625
A2,dual_branch,multitask,0.3,544,0,0.4866591989994049,1140.0379638671875,1887.1378173828125
A2,dual_branch,multitask,0.3,546,0,0.3828362822532654,1665.055419921875,2266.52734375
A2,dual_branch,multitask,0.3,561,0,0.49118903279304504,2925.097412109375,1950.7218017578125
A2,dual_branch,multitask,0.3,575,0,0.4973049759864807,3540.117919921875,1901.1854248046875
A2,dual_branch,multitask,0.3,578,0,0.49523070454597473,2625.08740234375,1949.6043701171875
A2,dual_branch,multitask,0.3,580,1,0.41341444849967957,240.00799560546875,2164.8525390625
A2,dual_branch,multitask,0.3,599,0,0.3814924359321594,1605.053466796875,2249.39404296875
A2,dual_branch,multitask,0.3,604,0,0.4296388328075409,2535.08447265625,2134.904052734375
A2,dual_branch,multitask,0.3,612,0,0.503533124923706,1740.0579833984375,1848.516845703125
A2,dual_branch,multitask,0.3,615,0,0.47928351163864136,1770.0589599609375,1958.5362548828125
A2,dual_branch,multitask,0.3,617,0,0.38830819725990295,1755.0584716796875,2244.8388671875
A2,dual_branch,multitask,0.3,629,0,0.5165472030639648,1815.0604248046875,1821.7061767578125
A2,dual_branch,multitask,0.3,635,0,0.5140206217765808,3045.101318359375,1824.932373046875
A2,dual_branch,multitask,0.3,637,0,0.5049529075622559,2970.098876953125,1860.333251953125
A2,dual_branch,multitask,0.3,647,0,0.45763134956359863,2640.087890625,2005.5367431640625
A2,dual_branch,multitask,0.3,653,0,0.47580620646476746,3600.119873046875,1962.1451416015625
A2,dual_branch,multitask,0.3,658,0,0.5315133929252625,2070.06884765625,1804.9422607421875
A2,dual_branch,multitask,0.3,691,0,0.36683326959609985,1530.0509033203125,2297.00830078125
A2,dual_branch,multitask,0.3,692,0,0.4907074272632599,2655.08837890625,1826.383544921875
A2,dual_branch,multitask,0.3,700,0,0.5242239832878113,1380.0458984375,1941.8748779296875
A2,dual_branch,multitask,0.3,712,1,0.5030871629714966,960.031982421875,1845.2203369140625
A2,dual_branch,multitask,0.3,714,0,0.5104250907897949,1710.056884765625,1816.3675537109375
A2,dual_branch,multitask,0.3,740,0,0.5900506377220154,1395.0465087890625,1622.3544921875
A2,dual_branch,multitask,0.3,741,0,0.49117758870124817,2865.095458984375,1881.857421875
A2,dual_branch,multitask,0.3,744,0,0.5256357789039612,3120.10400390625,1828.979736328125
A2,dual_branch,multitask,0.3,745,0,0.498166561126709,2475.08251953125,1854.1922607421875
A2,dual_branch,multitask,0.3,752,0,0.5089642405509949,1980.06591796875,1945.9674072265625
A2,dual_branch,multitask,0.3,753,0,0.4288404583930969,1515.0504150390625,2144.71728515625
A2,dual_branch,multitask,0.3,762,0,0.4764499366283417,1830.0609130859375,1963.62744140625
A2,dual_branch,multitask,0.3,770,0,0.4948154389858246,1485.0494384765625,1868.9637451171875
A2,dual_branch,multitask,0.3,778,0,0.4944227635860443,3270.10888671875,1878.611083984375
A2,dual_branch,multitask,0.3,786,0,0.4912356436252594,2640.087890625,1840.6314697265625
A2,dual_branch,multitask,0.3,794,0,0.47468695044517517,3150.10498046875,1960.7716064453125
A2,dual_branch,multitask,0.3,807,0,0.4881722331047058,1530.0509033203125,1883.7843017578125
A2,dual_branch,multitask,0.3,811,0,0.49632787704467773,2925.097412109375,1834.157958984375
A2,dual_branch,multitask,0.3,814,0,0.4745907485485077,2190.072998046875,1818.9796142578125
A2,dual_branch,multitask,0.3,818,0,0.4794515371322632,2535.08447265625,1957.1026611328125
A2,dual_branch,multitask,0.3,820,0,0.5439121723175049,2745.09130859375,1751.5933837890625
A2,dual_branch,multitask,0.3,828,0,0.5095602869987488,1650.054931640625,1854.3262939453125
A2,dual_branch,multitask,0.3,854,0,0.5901488065719604,1455.0484619140625,1621.0418701171875
A2,dual_branch,multitask,0.3,868,0,0.49556681513786316,2565.08544921875,1859.7686767578125
A2,dual_branch,multitask,0.3,875,0,0.488635778427124,1335.04443359375,1924.907470703125
A2,dual_branch,multitask,0.3,885,0,0.4521864652633667,1380.0458984375,2022.274658203125
A2,dual_branch,multitask,0.3,904,0,0.5732699036598206,1755.0584716796875,1694.0496826171875
A2,dual_branch,multitask,0.3,909,0,0.49304693937301636,3540.117919921875,1877.7493896484375
A2,dual_branch,multitask,0.3,912,0,0.3848692774772644,2820.093994140625,2241.816650390625
A2,dual_branch,multitask,0.3,980,0,0.5462639331817627,2010.06689453125,1785.3917236328125
A2,dual_branch,multitask,0.3,993,0,0.5698866844177246,2505.08349609375,1669.78759765625
A2,dual_branch,multitask,0.3,997,0,0.6497964262962341,2955.098388671875,1506.452880859375
A2,dual_branch,multitask,0.3,1027,0,0.500953733921051,1545.0513916015625,1964.9410400390625
A2,dual_branch,multitask,0.3,1032,0,0.49569571018218994,2970.098876953125,1868.29736328125
A2,dual_branch,multitask,0.3,1055,0,0.4992566406726837,2175.072509765625,1868.407470703125
A2,dual_branch,multitask,0.3,1073,0,0.6194049715995789,2640.087890625,1549.975341796875
A2,dual_branch,multitask,0.3,1077,0,0.5107352137565613,3450.114990234375,1854.75244140625
A2,dual_branch,multitask,0.3,1079,1,0.5567086338996887,1050.034912109375,1781.45849609375
A2,dual_branch,multitask,0.3,1089,0,0.522724449634552,2370.078857421875,1924.67138671875
A2,dual_branch,multitask,0.3,1097,0,0.5414521098136902,1515.0504150390625,1809.9620361328125
A2,dual_branch,multitask,0.3,1109,0,0.5086947679519653,3135.1044921875,1818.7548828125
A2,dual_branch,multitask,0.3,1127,0,0.38889214396476746,2085.0693359375,2237.97119140625
A2,dual_branch,multitask,0.3,1144,0,0.4852895140647888,3135.1044921875,1964.87939453125
A2,dual_branch,multitask,0.3,1148,0,0.5039457082748413,2400.079833984375,1943.0535888671875
A2,dual_branch,multitask,0.3,1165,0,0.49032077193260193,2580.0859375,1842.421875
A2,dual_branch,multitask,0.3,1168,0,0.5780659317970276,1620.053955078125,1700.103271484375
A2,dual_branch,multitask,0.3,1175,1,0.46458500623703003,870.0289916992188,2045.19189453125
A2,dual_branch,multitask,0.3,1191,0,0.5922450423240662,1290.04296875,1571.77294921875
A2,dual_branch,multitask,0.3,1200,1,0.5067587494850159,510.0169677734375,1806.2989501953125
A2,dual_branch,multitask,0.3,1203,0,0.3873472809791565,2640.087890625,2260.5029296875
A2,dual_branch,multitask,0.3,1204,0,0.4967533349990845,2730.0908203125,1845.585693359375
A2,dual_branch,multitask,0.3,1216,0,0.5073560476303101,2430.080810546875,1833.93408203125
A2,dual_branch,multitask,0.3,1231,1,0.45655331015586853,315.010498046875,2071.4052734375
A2,dual_branch,multitask,0.3,1243,1,0.6462216973304749,915.0304565429688,1513.21728515625
A2,dual_branch,multitask,0.3,1249,0,0.5987840890884399,2580.0859375,1625.5970458984375
A2,dual_branch,multitask,0.3,1271,0,0.5676875114440918,2520.083984375,1863.2012939453125
A2,dual_branch,multitask,0.3,1284,1,0.4502999484539032,375.0124816894531,2078.694580078125
A2,dual_branch,multitask,0.3,1288,0,0.4935941994190216,3120.10400390625,1911.189208984375
A2,dual_branch,multitask,0.3,1298,0,0.4905392527580261,3240.10791015625,1877.3756103515625
A2,dual_branch,multitask,0.3,1299,0,0.6484928131103516,1455.0484619140625,1494.369873046875
A2,dual_branch,multitask,0.3,1396,0,0.5691240429878235,1905.0634765625,1762.3677978515625
A2,dual_branch,multitask,0.3,1414,1,0.6862497925758362,150.00498962402344,1395.908935546875
A2,dual_branch,multitask,0.3,1424,0,0.4897877871990204,1290.04296875,1852.66259765625
A2,dual_branch,multitask,0.3,1472,0,0.5084009766578674,1215.0404052734375,1839.8734130859375
A2,dual_branch,multitask,0.3,1475,0,0.5163474082946777,3045.101318359375,1931.792236328125
A2,dual_branch,multitask,0.3,1498,0,0.4483637511730194,2520.083984375,2082.3330078125
A2,dual_branch,multitask,0.3,1508,1,0.5165415406227112,300.0099792480469,1818.0687255859375
A2,dual_branch,multitask,0.3,1510,0,0.41583141684532166,1260.0419921875,2175.1298828125
A2,dual_branch,multitask,0.3,1515,0,0.425724059343338,1470.0489501953125,2147.5751953125
A2,dual_branch,multitask,0.3,1518,0,0.4112788438796997,1980.06591796875,2197.906005859375
A2,dual_branch,multitask,0.3,1591,1,0.5501008033752441,630.02099609375,1901.1396484375
A2,dual_branch,multitask,0.3,1599,0,0.5409055948257446,1890.06298828125,1902.1766357421875
A2,dual_branch,multitask,0.3,1602,0,0.6784642338752747,2220.073974609375,1414.544677734375
A2,dual_branch,multitask,0.3,1604,0,0.48764336109161377,2160.072021484375,1877.357177734375
A2,dual_branch,multitask,0.3,1645,0,0.4959137439727783,2280.075927734375,1829.495849609375
A2,dual_branch,multitask,0.3,1662,0,0.7806309461593628,1530.0509033203125,1137.533203125
A2,dual_branch,multitask,0.3,1696,1,0.4537683129310608,840.0279541015625,2017.76708984375
A2,dual_branch,multitask,0.3,1705,0,0.5451966524124146,1275.04248046875,1873.382080078125
A2,dual_branch,multitask,0.3,1719,0,0.4487815797328949,3030.100830078125,2076.4150390625
A2,dual_branch,multitask,0.3,1726,0,0.5061310529708862,2640.087890625,1801.1922607421875
A2,dual_branch,multitask,0.3,1748,0,0.4674873948097229,1380.0458984375,1980.2464599609375
A2,dual_branch,multitask,0.3,1775,0,0.6394997239112854,1680.055908203125,1506.5010986328125
A2,dual_branch,multitask,0.3,1783,0,0.3905718922615051,2295.076416015625,2225.80419921875
A2,dual_branch,multitask,0.3,1792,1,0.4758058786392212,1005.033447265625,1928.608642578125
A2,dual_branch,multitask,0.3,1810,0,0.5335261225700378,1635.054443359375,1762.495849609375
A2,dual_branch,multitask,0.3,1816,1,0.545555591583252,810.0269775390625,1788.6253662109375
A2,dual_branch,multitask,0.3,1818,0,0.6278277039527893,2655.08837890625,1531.042236328125
A2,dual_branch,multitask,0.3,1822,1,0.43583959341049194,825.0274658203125,2108.81982421875
A2,dual_branch,multitask,0.3,1846,0,0.5016340613365173,2850.094970703125,1956.0765380859375
A2,dual_branch,multitask,0.3,1889,0,0.44456183910369873,2430.080810546875,2091.43359375
A2,dual_branch,multitask,0.3,1892,0,0.5358524322509766,2100.06982421875,1787.5638427734375
A2,dual_branch,multitask,0.3,1915,0,0.5263441801071167,1350.044921875,1767.06494140625
A2,dual_branch,multitask,0.3,1945,1,0.517301619052887,615.0205078125,1844.7783203125
A2,dual_branch,multitask,0.3,1963,0,0.46900928020477295,1170.0389404296875,1971.3226318359375
A2,dual_branch,multitask,0.3,1988,0,0.5777021050453186,1995.06640625,1840.7642822265625
A2,dual_branch,multitask,0.3,2000,0,0.49303245544433594,2340.077880859375,1831.7867431640625
A2,dual_branch,multitask,0.3,2027,0,0.39303267002105713,2040.06787109375,2246.76806640625
A2,dual_branch,multitask,0.3,2038,1,0.4974290728569031,540.0180053710938,1825.18603515625
A2,dual_branch,multitask,0.3,2041,0,0.5346231460571289,3045.101318359375,1813.177978515625
A2,dual_branch,multitask,0.3,2045,0,0.4788702130317688,2205.073486328125,1945.46435546875
A2,dual_branch,multitask,0.3,2087,0,0.4854359030723572,2475.08251953125,1954.6260986328125
A2,dual_branch,multitask,0.3,2113,0,0.5282222032546997,1170.0389404296875,1929.9609375
A2,dual_branch,multitask,0.3,2146,0,0.45085954666137695,2010.06689453125,2071.505615234375
A2,dual_branch,multitask,0.3,2160,0,0.5066061615943909,2460.08203125,1853.1865234375
A2,dual_branch,multitask,0.3,2167,0,0.5748854875564575,1350.044921875,1678.3331298828125
A2,dual_branch,multitask,0.3,2187,0,0.5610271692276001,2370.078857421875,1741.8355712890625
A2,dual_branch,multitask,0.3,2192,0,0.5430445671081543,1470.0489501953125,1916.3233642578125
A2,dual_branch,multitask,0.3,2201,0,0.4238305687904358,1305.04345703125,2164.614990234375
A2,dual_branch,multitask,0.3,2229,0,0.5739938616752625,1395.0465087890625,1703.82177734375
A2,dual_branch,multitask,0.3,2284,0,0.40006914734840393,2130.071044921875,2224.28857421875
A2,dual_branch,multitask,0.3,2299,0,0.6192202568054199,2085.0693359375,1580.79638671875
A2,dual_branch,multitask,0.3,2302,0,0.6846839785575867,2070.06884765625,1411.8828125
A2,dual_branch,multitask,0.3,2321,0,0.6526383757591248,2355.078369140625,1489.776611328125
A2,dual_branch,multitask,0.3,2333,0,0.5754711031913757,3075.102294921875,1846.104248046875
A2,dual_branch,multitask,0.3,2339,0,0.6061309576034546,1830.0609130859375,1583.6224365234375
A2,dual_branch,multitask,0.3,2355,0,0.5868825912475586,1200.0399169921875,1745.845458984375
A2,dual_branch,multitask,0.3,2382,0,0.5770957469940186,1545.0513916015625,1667.205078125
A2,dual_branch,multitask,0.3,2420,1,0.6502858400344849,855.0284423828125,1493.626220703125
A2,dual_branch,multitask,0.3,2434,0,0.524653434753418,1515.0504150390625,1768.9649658203125
A2,dual_branch,multitask,0.3,2459,1,0.5126935839653015,915.0304565429688,1804.227294921875
A2,dual_branch,multitask,0.3,2473,0,0.6055124402046204,1395.0465087890625,1730.72265625
A2,dual_branch,multitask,0.3,2502,0,0.3839667737483978,3000.099853515625,2240.138916015625
A2,dual_branch,multitask,0.3,2528,0,0.5000900030136108,2880.095947265625,1860.0772705078125
A2,dual_branch,multitask,0.3,2543,0,0.5312102437019348,1215.0404052734375,1759.494384765625
A2,dual_branch,multitask,0.3,2565,0,0.5329778790473938,2250.074951171875,1800.7293701171875
A2,dual_branch,multitask,0.3,2570,0,0.514039933681488,2970.098876953125,1832.086181640625
A2,dual_branch,multitask,0.3,2571,0,0.46915557980537415,2400.079833984375,1982.5635986328125
A2,dual_branch,multitask,0.3,2591,0,0.692762553691864,2355.078369140625,1394.033935546875
A2,dual_branch,multitask,0.3,2593,0,0.4223102927207947,1335.04443359375,2153.43017578125
A2,dual_branch,multitask,0.3,2604,0,0.4897698163986206,3060.101806640625,1873.045654296875
A2,dual_branch,multitask,0.3,2621,0,0.5225202441215515,1395.0465087890625,1808.5023193359375
A2,dual_branch,multitask,0.3,2629,0,0.44660305976867676,1350.044921875,2098.566650390625
A2,dual_branch,multitask,0.3,2692,0,0.5298781991004944,1590.052978515625,1935.0654296875
A2,dual_branch,multitask,0.3,2698,0,0.5866233706474304,2295.076416015625,1804.73486328125
A2,dual_branch,multitask,0.3,2758,0,0.549224853515625,1740.0579833984375,1793.4337158203125
A2,dual_branch,multitask,0.3,2787,0,0.3732425272464752,3045.101318359375,2275.18603515625
A2,dual_branch,multitask,0.3,2788,0,0.4488871991634369,1905.0634765625,2092.94873046875
A2,dual_branch,multitask,0.3,2792,0,0.7330060601234436,1905.0634765625,1535.2779541015625
A2,dual_branch,multitask,0.3,2958,1,0.5790338516235352,585.0194702148438,1604.655517578125
A2,dual_branch,multitask,0.3,3031,0,0.5157248377799988,1980.06591796875,1810.1175537109375
A2,dual_branch,multitask,0.3,3032,1,0.45918428897857666,930.0309448242188,2053.526123046875
A2,dual_branch,multitask,0.3,3085,1,0.5447812676429749,855.0284423828125,1910.0321044921875
A2,dual_branch,multitask,0.3,3100,1,0.5127950310707092,540.0180053710938,1797.33544921875
A2,dual_branch,multitask,0.3,3109,0,0.4593851566314697,1905.0634765625,2060.05859375
A2,dual_branch,multitask,0.3,3133,0,0.5895296931266785,1815.0604248046875,1813.855712890625
A2,dual_branch,multitask,0.3,3135,1,0.5209969878196716,870.0289916992188,1779.3121337890625
A2,dual_branch,multitask,0.3,3174,1,0.9088364839553833,630.02099609375,594.744384765625
A2,dual_branch,multitask,0.3,3187,1,0.5374965667724609,660.02197265625,1770.2135009765625
A2,dual_branch,multitask,0.3,3308,1,0.5270594954490662,750.0249633789062,1930.4359130859375
A2,dual_branch,multitask,0.3,3329,1,0.5958157777786255,405.01348876953125,1610.7574462890625
A2,dual_branch,multitask,0.3,3349,0,0.8270517587661743,2265.075439453125,984.0629272460938
A2,dual_branch,multitask,0.3,3365,1,0.5194503664970398,645.021484375,1822.2454833984375
A2,dual_branch,multitask,0.3,3370,0,0.6164459586143494,1245.04150390625,1535.6712646484375
A2,dual_branch,multitask,0.3,3375,0,0.6636664271354675,2370.078857421875,1438.3133544921875
A2,dual_branch,multitask,0.3,3386,0,0.5174770355224609,1650.054931640625,1949.1456298828125
A2,dual_branch,multitask,0.3,3388,1,0.4592847526073456,525.0174560546875,2051.305419921875
A2,dual_branch,multitask,0.3,3457,1,0.8720797300338745,780.0260009765625,799.293212890625
A2,dual_branch,multitask,0.3,3488,0,0.4873206913471222,2160.072021484375,1951.738037109375
A2,dual_branch,multitask,0.3,3497,0,0.5237756371498108,2160.072021484375,1871.7490234375
A2,dual_branch,multitask,0.3,3612,1,0.7160739302635193,795.0264892578125,1297.67822265625
A2,dual_branch,multitask,0.3,3642,1,0.662923276424408,810.0269775390625,1442.507568359375
A2,dual_branch,multitask,0.3,3671,0,0.5968434810638428,1710.056884765625,1679.9798583984375
A2,dual_branch,multitask,0.3,3690,0,0.5129944086074829,2565.08544921875,1842.09326171875
A2,dual_branch,multitask,0.3,3727,0,0.7412071824073792,1695.056396484375,1267.164794921875
A2,dual_branch,multitask,0.3,3751,0,0.4469507336616516,1200.0399169921875,2088.855224609375
A2,dual_branch,multitask,0.3,3763,0,0.5817353129386902,1920.06396484375,1699.676025390625
A2,dual_branch,multitask,0.3,3770,0,0.5108051300048828,1935.064453125,1794.329345703125
A2,dual_branch,multitask,0.3,3814,0,0.4915950894355774,2190.072998046875,1873.0648193359375
A2,dual_branch,multitask,0.3,3823,0,0.6770402789115906,1440.0479736328125,1413.077392578125
A2,dual_branch,multitask,0.3,3845,0,0.614612877368927,1965.0654296875,1700.77685546875
A2,dual_branch,multitask,0.3,3847,0,0.49953556060791016,1410.0469970703125,1948.9913330078125
A2,dual_branch,multitask,0.3,3859,1,0.6259886026382446,465.0154724121094,1655.4508056640625
A2,dual_branch,multitask,0.3,3865,1,0.6122192144393921,570.0189819335938,1579.14013671875
A2,dual_branch,multitask,0.3,3996,0,0.4720293879508972,1095.0364990234375,2023.882080078125
A2,dual_branch,multitask,0.3,3997,1,0.48466169834136963,615.0205078125,1983.952392578125
A2,dual_branch,multitask,0.3,4008,1,0.6544179320335388,330.010986328125,1616.022705078125
A2,dual_branch,multitask,0.3,4029,1,0.5008589625358582,660.02197265625,1862.844482421875
A2,dual_branch,multitask,0.3,4054,0,0.8511355519294739,1395.0465087890625,902.8263549804688
A2,dual_branch,multitask,0.3,4083,1,0.6659455895423889,420.01397705078125,1655.15283203125
A2,dual_branch,multitask,0.3,4126,0,0.5583562254905701,1155.0384521484375,1784.9471435546875
A2,dual_branch,multitask,0.3,4135,1,0.7016048431396484,465.0154724121094,1588.73828125
A2,dual_branch,multitask,0.3,4161,1,0.6045133471488953,375.0124816894531,1608.5294189453125
A2,dual_branch,multitask,0.3,4169,0,0.6259040832519531,2280.075927734375,1544.7318115234375
A2,dual_branch,multitask,0.3,4172,0,0.5213651061058044,1320.0439453125,1946.154296875
A2,dual_branch,multitask,0.3,4178,0,0.5310693383216858,1650.054931640625,1938.027587890625
A2,dual_branch,multitask,0.3,4240,0,0.5015698671340942,1725.0574951171875,1845.60986328125
A2,dual_branch,multitask,0.3,4284,1,0.9061018824577332,360.0119934082031,593.4744873046875
A2,dual_branch,multitask,0.3,4286,1,0.5777624249458313,870.0289916992188,1710.2440185546875
A2,dual_branch,multitask,0.3,4290,0,0.5526205897331238,1425.0474853515625,1739.8575439453125
A2,dual_branch,multitask,0.3,4297,0,0.5710029006004333,1530.0509033203125,1761.51318359375
A2,dual_branch,multitask,0.3,4310,0,0.4945547580718994,1980.06591796875,1855.3414306640625
A2,dual_branch,multitask,0.3,4357,1,0.49202004075050354,915.0304565429688,1876.9110107421875
A2,dual_branch,multitask,0.3,4434,1,0.5662015080451965,1035.034423828125,1850.3756103515625
A2,dual_branch,multitask,0.3,4655,0,0.7022833824157715,1305.04345703125,1588.2874755859375
A2,dual_branch,multitask,0.3,4659,1,0.7049042582511902,285.0094909667969,1333.766357421875
A2,dual_branch,multitask,1.0,15,1,0.43521860241889954,315.010498046875,2017.874755859375
A2,dual_branch,multitask,1.0,31,0,0.4271260201931,1860.0618896484375,2131.83642578125
A2,dual_branch,multitask,1.0,38,0,0.46992212533950806,1635.054443359375,2049.121826171875
A2,dual_branch,multitask,1.0,43,1,0.724246084690094,105.00349426269531,1095.669677734375
A2,dual_branch,multitask,1.0,46,0,0.47004008293151855,1620.053955078125,1962.07177734375
A2,dual_branch,multitask,1.0,54,0,0.7179174423217773,1965.0654296875,991.7223510742188
A2,dual_branch,multitask,1.0,57,0,0.7256471514701843,1500.0499267578125,1105.65478515625
A2,dual_branch,multitask,1.0,92,0,0.4444803297519684,3555.118408203125,2032.4005126953125
A2,dual_branch,multitask,1.0,97,1,0.7078146934509277,900.0299682617188,1188.635009765625
A2,dual_branch,multitask,1.0,102,0,0.7264262437820435,3150.10498046875,1089.8968505859375
A2,dual_branch,multitask,1.0,108,0,0.4359392523765564,1950.06494140625,2016.7333984375
A2,dual_branch,multitask,1.0,117,0,0.4460349678993225,2985.099365234375,2028.1702880859375
A2,dual_branch,multitask,1.0,122,0,0.49143701791763306,1950.06494140625,1924.4853515625
A2,dual_branch,multitask,1.0,134,1,0.4398767650127411,585.0194702148438,2008.5340576171875
A2,dual_branch,multitask,1.0,146,0,0.6588201522827148,1125.0374755859375,1322.3192138671875
A2,dual_branch,multitask,1.0,172,0,0.47123104333877563,1710.056884765625,1948.4696044921875
A2,dual_branch,multitask,1.0,181,0,0.43242591619491577,3525.117431640625,2119.316162109375
A2,dual_branch,multitask,1.0,192,0,0.43392354249954224,3360.11181640625,2017.5537109375
A2,dual_branch,multitask,1.0,197,0,0.45813626050949097,2115.0703125,2003.7423095703125
A2,dual_branch,multitask,1.0,201,0,0.6894034743309021,1215.0404052734375,1218.167724609375
A2,dual_branch,multitask,1.0,204,0,0.5690297484397888,2040.06787109375,1749.0994873046875
A2,dual_branch,multitask,1.0,207,0,0.43814268708229065,1815.0604248046875,2040.268798828125
A2,dual_branch,multitask,1.0,224,0,0.4713503420352936,1485.0494384765625,1989.940673828125
A2,dual_branch,multitask,1.0,226,0,0.43266385793685913,2760.091796875,2022.9625244140625
A2,dual_branch,multitask,1.0,232,0,0.5329375863075256,1665.055419921875,1846.4957275390625
A2,dual_branch,multitask,1.0,242,0,0.7630334496498108,3555.118408203125,925.3433227539062
A2,dual_branch,multitask,1.0,260,0,0.43430107831954956,1890.06298828125,2019.6307373046875
A2,dual_branch,multitask,1.0,261,0,0.49763551354408264,1320.0439453125,1947.578125
A2,dual_branch,multitask,1.0,272,1,0.7626581788063049,435.0144958496094,928.1209716796875
A2,dual_branch,multitask,1.0,283,0,0.6758087277412415,1650.054931640625,1259.193359375
A2,dual_branch,multitask,1.0,285,0,0.42855051159858704,1545.0513916015625,2128.2587890625
A2,dual_branch,multitask,1.0,286,1,0.5631482601165771,630.02099609375,1836.7738037109375
A2,dual_branch,multitask,1.0,287,0,0.5033816695213318,3660.121826171875,1909.3782958984375
A2,dual_branch,multitask,1.0,289,0,0.4397844076156616,1590.052978515625,2040.19921875
A2,dual_branch,multitask,1.0,308,0,0.4733985960483551,1830.0609130859375,2036.9046630859375
A2,dual_branch,multitask,1.0,312,0,0.6334553360939026,1665.055419921875,1571.7452392578125
A2,dual_branch,multitask,1.0,331,0,0.47229817509651184,3330.11083984375,2041.0262451171875
A2,dual_branch,multitask,1.0,334,0,0.50191730260849,2235.074462890625,1887.76171875
A2,dual_branch,multitask,1.0,362,0,0.6536953449249268,1500.0499267578125,1412.1751708984375
A2,dual_branch,multitask,1.0,368,0,0.4422127604484558,3375.1123046875,2077.80908203125
A2,dual_branch,multitask,1.0,370,0,0.6822773218154907,1950.06494140625,1247.525634765625
A2,dual_branch,multitask,1.0,380,0,0.4465736746788025,3555.118408203125,2084.61328125
A2,dual_branch,multitask,1.0,384,0,0.47252798080444336,3075.102294921875,2040.171875
A2,dual_branch,multitask,1.0,395,0,0.44004613161087036,2415.080322265625,2010.797119140625
A2,dual_branch,multitask,1.0,396,0,0.4708891808986664,2460.08203125,1976.6707763671875
A2,dual_branch,multitask,1.0,404,0,0.47084158658981323,2835.094482421875,2044.3450927734375
A2,dual_branch,multitask,1.0,416,1,0.5691857933998108,540.0180053710938,1753.8267822265625
A2,dual_branch,multitask,1.0,422,1,0.7214012145996094,735.0244750976562,1063.679931640625
A2,dual_branch,multitask,1.0,428,0,0.45027828216552734,1740.0579833984375,2069.857177734375
A2,dual_branch,multitask,1.0,430,0,0.47148922085762024,2715.09033203125,1951.382568359375
A2,dual_branch,multitask,1.0,437,0,0.6585202813148499,3000.099853515625,1336.7984619140625
A2,dual_branch,multitask,1.0,441,0,0.43188270926475525,1620.053955078125,2120.7060546875
A2,dual_branch,multitask,1.0,453,0,0.5062575340270996,2025.0673828125,1894.1092529296875
A2,dual_branch,multitask,1.0,460,0,0.4519181549549103,2865.095458984375,2011.79150390625
A2,dual_branch,multitask,1.0,461,0,0.47178855538368225,2685.08935546875,1975.3350830078125
A2,dual_branch,multitask,1.0,478,0,0.6872171759605408,3090.102783203125,1260.397216796875
A2,dual_branch,multitask,1.0,498,0,0.47936004400253296,1215.0404052734375,1928.8905029296875
A2,dual_branch,multitask,1.0,509,0,0.44630396366119385,3255.1083984375,2011.1058349609375
A2,dual_branch,multitask,1.0,514,0,0.46674737334251404,3045.101318359375,2030.9832763671875
A2,dual_branch,multitask,1.0,518,0,0.47351405024528503,1380.0458984375,1960.1871337890625
A2,dual_branch,multitask,1.0,522,0,0.46847933530807495,2235.074462890625,1962.6414794921875
A2,dual_branch,multitask,1.0,530,0,0.4816810190677643,3150.10498046875,1971.8670654296875
A2,dual_branch,multitask,1.0,544,0,0.4694879651069641,1140.0379638671875,2050.43798828125
A2,dual_branch,multitask,1.0,546,0,0.4536404311656952,1665.055419921875,2044.0257568359375
A2,dual_branch,multitask,1.0,561,0,0.6836404800415039,2925.097412109375,1234.521484375
A2,dual_branch,multitask,1.0,575,0,0.43956607580184937,3540.117919921875,1972.945556640625
A2,dual_branch,multitask,1.0,578,0,0.6907628774642944,2625.08740234375,1214.3182373046875
A2,dual_branch,multitask,1.0,580,1,0.4708426594734192,240.00799560546875,2021.953369140625
A2,dual_branch,multitask,1.0,599,0,0.43429821729660034,1605.053466796875,2117.0166015625
A2,dual_branch,multitask,1.0,604,0,0.47672590613365173,2535.08447265625,2006.881103515625
A2,dual_branch,multitask,1.0,612,0,0.4633016884326935,1740.0579833984375,1972.208740234375
A2,dual_branch,multitask,1.0,615,0,0.6875110268592834,1770.0589599609375,1214.60107421875
A2,dual_branch,multitask,1.0,617,0,0.44739457964897156,1755.0584716796875,2070.07861328125
A2,dual_branch,multitask,1.0,629,0,0.5094352960586548,1815.0604248046875,1882.6424560546875
A2,dual_branch,multitask,1.0,635,0,0.5209108591079712,3045.101318359375,1856.244140625
A2,dual_branch,multitask,1.0,637,0,0.44082680344581604,2970.098876953125,2053.10595703125
A2,dual_branch,multitask,1.0,647,0,0.4375476837158203,2640.087890625,2037.465576171875
A2,dual_branch,multitask,1.0,653,0,0.6741346716880798,3600.119873046875,1264.1861572265625
A2,dual_branch,multitask,1.0,658,0,0.5919259786605835,2070.06884765625,1705.5018310546875
A2,dual_branch,multitask,1.0,691,0,0.4287615418434143,1530.0509033203125,2123.097900390625
A2,dual_branch,multitask,1.0,692,0,0.47102633118629456,2655.08837890625,1972.810302734375
A2,dual_branch,multitask,1.0,700,0,0.7161851525306702,1380.0458984375,1141.32568359375
A2,dual_branch,multitask,1.0,712,1,0.48256027698516846,960.031982421875,1977.514404296875
A2,dual_branch,multitask,1.0,714,0,0.49334678053855896,1710.056884765625,1899.322021484375
A2,dual_branch,multitask,1.0,740,0,0.45503246784210205,1395.0465087890625,2007.56396484375
A2,dual_branch,multitask,1.0,741,0,0.4349813759326935,2865.095458984375,2019.279052734375
A2,dual_branch,multitask,1.0,744,0,0.5439431667327881,3120.10400390625,1800.0965576171875
A2,dual_branch,multitask,1.0,745,0,0.475719690322876,2475.08251953125,2019.1815185546875
A2,dual_branch,multitask,1.0,752,0,0.7443776726722717,1980.06591796875,966.9815063476562
A2,dual_branch,multitask,1.0,753,0,0.4813624918460846,1515.0504150390625,1989.092529296875
A2,dual_branch,multitask,1.0,762,0,0.6416680812835693,1830.0609130859375,1388.485107421875
A2,dual_branch,multitask,1.0,770,0,0.48003721237182617,1485.0494384765625,1941.154052734375
A2,dual_branch,multitask,1.0,778,0,0.43701818585395813,3270.10888671875,2016.13427734375
A2,dual_branch,multitask,1.0,786,0,0.47264721989631653,2640.087890625,2008.904296875
A2,dual_branch,multitask,1.0,794,0,0.6577606797218323,3150.10498046875,1328.11083984375
A2,dual_branch,multitask,1.0,807,0,0.4698289632797241,1530.0509033203125,2047.2900390625
A2,dual_branch,multitask,1.0,811,0,0.47579389810562134,2925.097412109375,1977.904052734375
A2,dual_branch,multitask,1.0,814,0,0.4345763027667999,2190.072998046875,1950.8280029296875
A2,dual_branch,multitask,1.0,818,0,0.6751965880393982,2535.08447265625,1263.50146484375
A2,dual_branch,multitask,1.0,820,0,0.5602368712425232,2745.09130859375,1662.683349609375
A2,dual_branch,multitask,1.0,828,0,0.4907872974872589,1650.054931640625,1913.6021728515625
A2,dual_branch,multitask,1.0,854,0,0.4457586109638214,1455.0484619140625,2030.444580078125
A2,dual_branch,multitask,1.0,868,0,0.47454598546028137,2565.08544921875,2029.3580322265625
A2,dual_branch,multitask,1.0,875,0,0.44759467244148254,1335.04443359375,2023.1390380859375
A2,dual_branch,multitask,1.0,885,0,0.4393026828765869,1380.0458984375,2049.003662109375
A2,dual_branch,multitask,1.0,904,0,0.47081220149993896,1755.0584716796875,1964.1387939453125
A2,dual_branch,multitask,1.0,909,0,0.4459919333457947,3540.117919921875,1999.59765625
A2,dual_branch,multitask,1.0,912,0,0.43703052401542664,2820.093994140625,2109.697021484375
A2,dual_branch,multitask,1.0,980,0,0.6056946516036987,2010.06689453125,1664.44873046875
A2,dual_branch,multitask,1.0,993,0,0.45595693588256836,2505.08349609375,2015.5809326171875
A2,dual_branch,multitask,1.0,997,0,0.46656253933906555,2955.098388671875,1966.8033447265625
A2,dual_branch,multitask,1.0,1027,0,0.7454392910003662,1545.0513916015625,959.3467407226562
A2,dual_branch,multitask,1.0,1032,0,0.4740857481956482,2970.098876953125,2024.0927734375
A2,dual_branch,multitask,1.0,1055,0,0.47689637541770935,2175.072509765625,2008.0596923828125
A2,dual_branch,multitask,1.0,1073,0,0.4742906093597412,2640.087890625,1957.466064453125
A2,dual_branch,multitask,1.0,1077,0,0.446764200925827,3450.114990234375,2011.824951171875
A2,dual_branch,multitask,1.0,1079,1,0.5138946771621704,1050.034912109375,1877.813720703125
A2,dual_branch,multitask,1.0,1089,0,0.7604880928993225,2370.078857421875,904.1361694335938
A2,dual_branch,multitask,1.0,1097,0,0.600591778755188,1515.0504150390625,1646.643310546875
A2,dual_branch,multitask,1.0,1109,0,0.49361664056777954,3135.1044921875,1893.4173583984375
A2,dual_branch,multitask,1.0,1127,0,0.4429956376552582,2085.0693359375,2087.700927734375
A2,dual_branch,multitask,1.0,1144,0,0.7121887803077698,3135.1044921875,1110.75146484375
A2,dual_branch,multitask,1.0,1148,0,0.704215943813324,2400.079833984375,1160.761962890625
A2,dual_branch,multitask,1.0,1165,0,0.47285908460617065,2580.0859375,2013.874267578125
A2,dual_branch,multitask,1.0,1168,0,0.616982102394104,1620.053955078125,1510.81689453125
A2,dual_branch,multitask,1.0,1175,1,0.5916196703910828,870.0289916992188,1724.0523681640625
A2,dual_branch,multitask,1.0,1191,0,0.49104923009872437,1290.04296875,1843.2177734375
A2,dual_branch,multitask,1.0,1200,1,0.4902680516242981,510.0169677734375,1886.675048828125
A2,dual_branch,multitask,1.0,1203,0,0.4566895067691803,2640.087890625,2034.2471923828125
A2,dual_branch,multitask,1.0,1204,0,0.47506415843963623,2730.0908203125,2005.48486328125
A2,dual_branch,multitask,1.0,1216,0,0.47987693548202515,2430.080810546875,1942.0435791015625
A2,dual_branch,multitask,1.0,1231,1,0.5488201975822449,315.010498046875,1783.337890625
A2,dual_branch,multitask,1.0,1243,1,0.4959482252597809,915.0304565429688,1907.00048828125
A2,dual_branch,multitask,1.0,1249,0,0.4787575602531433,2580.0859375,1942.3143310546875
A2,dual_branch,multitask,1.0,1271,0,0.7807081937789917,2520.083984375,848.5286865234375
A2,dual_branch,multitask,1.0,1284,1,0.5547760128974915,375.0124816894531,1836.1171875
A2,dual_branch,multitask,1.0,1288,0,0.45231807231903076,3120.10400390625,2014.841796875
A2,dual_branch,multitask,1.0,1298,0,0.4638054370880127,3240.10791015625,1968.2982177734375
A2,dual_branch,multitask,1.0,1299,0,0.5130335688591003,1455.0484619140625,1868.532958984375
A2,dual_branch,multitask,1.0,1396,0,0.5255254507064819,1905.0634765625,1865.51611328125
A2,dual_branch,multitask,1.0,1414,1,0.5192351937294006,150.00498962402344,1843.40185546875
A2,dual_branch,multitask,1.0,1424,0,0.4733735918998718,1290.04296875,2027.8724365234375
A2,dual_branch,multitask,1.0,1472,0,0.4957929253578186,1215.0404052734375,1904.8077392578125
A2,dual_branch,multitask,1.0,1475,0,0.7441980838775635,3045.101318359375,988.9204711914062
A2,dual_branch,multitask,1.0,1498,0,0.5505878925323486,2520.083984375,1805.391357421875
A2,dual_branch,multitask,1.0,1508,1,0.506726086139679,300.0099792480469,1878.420654296875
A2,dual_branch,multitask,1.0,1510,0,0.4792158305644989,1260.0419921875,1980.1341552734375
A2,dual_branch,multitask,1.0,1515,0,0.4948442578315735,1470.0489501953125,1949.3543701171875
A2,dual_branch,multitask,1.0,1518,0,0.4805845022201538,1980.06591796875,1967.9891357421875
A2,dual_branch,multitask,1.0,1591,1,0.7255557179450989,630.02099609375,1084.2109375
A2,dual_branch,multitask,1.0,1599,0,0.7588151097297668,1890.06298828125,927.8394165039062
A2,dual_branch,multitask,1.0,1602,0,0.5166900157928467,2220.073974609375,1848.5916748046875
A2,dual_branch,multitask,1.0,1604,0,0.4441627562046051,2160.072021484375,2002.6053466796875
A2,dual_branch,multitask,1.0,1645,0,0.5752381086349487,2280.075927734375,1715.4964599609375
A2,dual_branch,multitask,1.0,1662,0,0.5982332825660706,1530.0509033203125,1642.0272216796875
A2,dual_branch,multitask,1.0,1696,1,0.44100576639175415,840.0279541015625,2038.217529296875
A2,dual_branch,multitask,1.0,1705,0,0.7789304256439209,1275.04248046875,815.454833984375
A2,dual_branch,multitask,1.0,1719,0,0.5474855899810791,3030.100830078125,1869.5118408203125
A2,dual_branch,multitask,1.0,1726,0,0.48541319370269775,2640.087890625,1900.6080322265625
A2,dual_branch,multitask,1.0,1748,0,0.6655586361885071,1380.0458984375,1291.35595703125
A2,dual_branch,multitask,1.0,1775,0,0.49423959851264954,1680.055908203125,1911.9296875
A2,dual_branch,multitask,1.0,1783,0,0.4427737295627594,2295.076416015625,2095.0419921875
A2,dual_branch,multitask,1.0,1792,1,0.7064498066902161,1005.033447265625,1081.8582763671875
A2,dual_branch,multitask,1.0,1810,0,0.5405929684638977,1635.054443359375,1717.677490234375
A2,dual_branch,multitask,1.0,1816,1,0.5570278763771057,810.0269775390625,1776.30322265625
A2,dual_branch,multitask,1.0,1818,0,0.45884013175964355,2655.08837890625,1988.214599609375
A2,dual_branch,multitask,1.0,1822,1,0.5232255458831787,825.0274658203125,1923.4783935546875
A2,dual_branch,multitask,1.0,1846,0,0.7454397678375244,2850.094970703125,965.9296875
A2,dual_branch,multitask,1.0,1889,0,0.5373588800430298,2430.080810546875,1889.472900390625
A2,dual_branch,multitask,1.0,1892,0,0.5502066016197205,2100.06982421875,1779.4791259765625
A2,dual_branch,multitask,1.0,1915,0,0.5268959403038025,1350.044921875,1738.8717041015625
A2,dual_branch,multitask,1.0,1945,1,0.5360640287399292,615.0205078125,1810.593994140625
A2,dual_branch,multitask,1.0,1963,0,0.6691086888313293,1170.0389404296875,1280.057861328125
A2,dual_branch,multitask,1.0,1988,0,0.7888634204864502,1995.06640625,785.0814208984375
A2,dual_branch,multitask,1.0,2000,0,0.472842812538147,2340.077880859375,1988.754638671875
A2,dual_branch,multitask,1.0,2027,0,0.46471109986305237,2040.06787109375,2009.348388671875
A2,dual_branch,multitask,1.0,2038,1,0.4774335026741028,540.0180053710938,1957.226318359375
A2,dual_branch,multitask,1.0,2041,0,0.570064902305603,3045.101318359375,1739.923095703125
A2,dual_branch,multitask,1.0,2045,0,0.43987032771110535,2205.073486328125,2040.402099609375
A2,dual_branch,multitask,1.0,2087,0,0.698778510093689,2475.08251953125,1171.9189453125
A2,dual_branch,multitask,1.0,2113,0,0.7118613123893738,1170.0389404296875,1183.749267578125
A2,dual_branch,multitask,1.0,2146,0,0.5556631088256836,2010.06689453125,1849.431396484375
A2,dual_branch,multitask,1.0,2160,0,0.5122689008712769,2460.08203125,1879.2335205078125
A2,dual_branch,multitask,1.0,2167,0,0.46811962127685547,1350.044921875,1984.229736328125
A2,dual_branch,multitask,1.0,2187,0,0.6440773606300354,2370.078857421875,1478.3800048828125
A2,dual_branch,multitask,1.0,2192,0,0.7288317084312439,1470.0489501953125,1077.518310546875
A2,dual_branch,multitask,1.0,2201,0,0.48548197746276855,1305.04345703125,1960.66162109375
A2,dual_branch,multitask,1.0,2229,0,0.6129038333892822,1395.0465087890625,1534.298828125
A2,dual_branch,multitask,1.0,2284,0,0.45214036107063293,2130.071044921875,2060.7470703125
A2,dual_branch,multitask,1.0,2299,0,0.4883100390434265,2085.0693359375,1935.5091552734375
A2,dual_branch,multitask,1.0,2302,0,0.5464016795158386,2070.06884765625,1778.6954345703125
A2,dual_branch,multitask,1.0,2321,0,0.5148599147796631,2355.078369140625,1862.1331787109375
A2,dual_branch,multitask,1.0,2333,0,0.7663531303405762,3075.102294921875,906.31689453125
A2,dual_branch,multitask,1.0,2339,0,0.4786103367805481,1830.0609130859375,1948.5164794921875
A2,dual_branch,multitask,1.0,2355,0,0.6229575276374817,1200.0399169921875,1596.8685302734375
A2,dual_branch,multitask,1.0,2382,0,0.4437737762928009,1545.0513916015625,2034.9298095703125
A2,dual_branch,multitask,1.0,2420,1,0.5164445042610168,855.0284423828125,1854.0494384765625
A2,dual_branch,multitask,1.0,2434,0,0.5205907821655273,1515.0504150390625,1766.2276611328125
A2,dual_branch,multitask,1.0,2459,1,0.49746134877204895,915.0304565429688,1871.4107666015625
A2,dual_branch,multitask,1.0,2473,0,0.6459494233131409,1395.0465087890625,1526.2708740234375
A2,dual_branch,multitask,1.0,2502,0,0.4365469217300415,3000.099853515625,2112.718994140625
A2,dual_branch,multitask,1.0,2528,0,0.4911084771156311,2880.095947265625,1919.444580078125
A2,dual_branch,multitask,1.0,2543,0,0.5338709354400635,1215.0404052734375,1722.9193115234375
A2,dual_branch,multitask,1.0,2565,0,0.5363966822624207,2250.074951171875,1824.2039794921875
A2,dual_branch,multitask,1.0,2570,0,0.5235291719436646,2970.098876953125,1862.6778564453125
A2,dual_branch,multitask,1.0,2571,0,0.6810107827186584,2400.079833984375,1229.3148193359375
A2,dual_branch,multitask,1.0,2591,0,0.5529120564460754,2355.078369140625,1766.779052734375
A2,dual_branch,multitask,1.0,2593,0,0.48456746339797974,1335.04443359375,1978.3079833984375
A2,dual_branch,multitask,1.0,2604,0,0.4719493091106415,3060.101806640625,2043.02490234375
A2,dual_branch,multitask,1.0,2621,0,0.44331347942352295,1395.0465087890625,2047.135498046875
A2,dual_branch,multitask,1.0,2629,0,0.540520966053009,1350.044921875,1812.919189453125
A2,dual_branch,multitask,1.0,2692,0,0.7005547285079956,1590.052978515625,1216.9365234375
A2,dual_branch,multitask,1.0,2698,0,0.8314547538757324,2295.076416015625,522.6097412109375
A2,dual_branch,multitask,1.0,2758,0,0.594596266746521,1740.0579833984375,1666.8392333984375
A2,dual_branch,multitask,1.0,2787,0,0.4313892126083374,3045.101318359375,2119.22509765625
A2,dual_branch,multitask,1.0,2788,0,0.5305696725845337,1905.0634765625,1842.1234130859375
A2,dual_branch,multitask,1.0,2792,0,0.7869669198989868,1905.0634765625,1044.166748046875
A2,dual_branch,multitask,1.0,2958,1,0.6159791350364685,585.0194702148438,1549.46533203125
A2,dual_branch,multitask,1.0,3031,0,0.5072300434112549,1980.06591796875,1861.5244140625
A2,dual_branch,multitask,1.0,3032,1,0.5551561117172241,930.0309448242188,1789.013671875
A2,dual_branch,multitask,1.0,3085,1,0.7455418705940247,855.0284423828125,1001.8958740234375
A2,dual_branch,multitask,1.0,3100,1,0.5025736093521118,540.0180053710938,1844.964111328125
A2,dual_branch,multitask,1.0,3109,0,0.5719364881515503,1905.0634765625,1791.1844482421875
A2,dual_branch,multitask,1.0,3133,0,0.7882806658744812,1815.0604248046875,808.9456787109375
A2,dual_branch,multitask,1.0,3135,1,0.5100076794624329,870.0289916992188,1802.4669189453125
A2,dual_branch,multitask,1.0,3174,1,0.7193094491958618,630.02099609375,1186.587158203125
A2,dual_branch,multitask,1.0,3187,1,0.5531086325645447,660.02197265625,1703.8994140625
A2,dual_branch,multitask,1.0,3308,1,0.7315512895584106,750.0249633789062,1051.18798828125
A2,dual_branch,multitask,1.0,3329,1,0.7052727937698364,405.01348876953125,1326.4803466796875
A2,dual_branch,multitask,1.0,3349,0,0.641966700553894,2265.075439453125,1517.872802734375
A2,dual_branch,multitask,1.0,3365,1,0.5401434302330017,645.021484375,1832.20068359375
A2,dual_branch,multitask,1.0,3370,0,0.744835376739502,1245.04150390625,1216.2611083984375
A2,dual_branch,multitask,1.0,3375,0,0.4779564440250397,2370.078857421875,1942.69580078125
A2,dual_branch,multitask,1.0,3386,0,0.6972801685333252,1650.054931640625,1204.6888427734375
A2,dual_branch,multitask,1.0,3388,1,0.5538244247436523,525.0174560546875,1785.3876953125
A2,dual_branch,multitask,1.0,3457,1,0.69414883852005,780.0260009765625,1338.3466796875
A2,dual_branch,multitask,1.0,3488,0,0.6857966184616089,2160.072021484375,1230.50634765625
A2,dual_branch,multitask,1.0,3497,0,0.6276912093162537,2160.072021484375,1538.7618408203125
A2,dual_branch,multitask,1.0,3612,1,0.5218549966812134,795.0264892578125,1823.500244140625
A2,dual_branch,multitask,1.0,3642,1,0.48735886812210083,810.0269775390625,1922.357666015625
A2,dual_branch,multitask,1.0,3671,0,0.6703426241874695,1710.056884765625,1362.912353515625
A2,dual_branch,multitask,1.0,3690,0,0.5475156903266907,2565.08544921875,1805.884033203125
A2,dual_branch,multitask,1.0,3727,0,0.5745832920074463,1695.056396484375,1702.1053466796875
A2,dual_branch,multitask,1.0,3751,0,0.5474645495414734,1200.0399169921875,1859.0743408203125
A2,dual_branch,multitask,1.0,3763,0,0.6417158246040344,1920.06396484375,1418.757080078125
A2,dual_branch,multitask,1.0,3770,0,0.4969477355480194,1935.064453125,1852.96728515625
A2,dual_branch,multitask,1.0,3814,0,0.47450968623161316,2190.072998046875,1951.651611328125
A2,dual_branch,multitask,1.0,3823,0,0.5037442445755005,1440.0479736328125,1883.4471435546875
A2,dual_branch,multitask,1.0,3845,0,0.6100538969039917,1965.0654296875,1637.1727294921875
A2,dual_branch,multitask,1.0,3847,0,0.6947129964828491,1410.0469970703125,1190.18701171875
A2,dual_branch,multitask,1.0,3859,1,0.7374165058135986,465.0154724121094,1099.391357421875
A2,dual_branch,multitask,1.0,3865,1,0.4844628572463989,570.0189819335938,1945.8297119140625
A2,dual_branch,multitask,1.0,3996,0,0.5810736417770386,1095.0364990234375,1689.2222900390625
A2,dual_branch,multitask,1.0,3997,1,0.5794243812561035,615.0205078125,1693.821533203125
A2,dual_branch,multitask,1.0,4008,1,0.8580886721611023,330.010986328125,433.7550048828125
A2,dual_branch,multitask,1.0,4029,1,0.49243271350860596,660.02197265625,1915.4779052734375
A2,dual_branch,multitask,1.0,4054,0,0.6794091463088989,1395.0465087890625,1365.4591064453125
A2,dual_branch,multitask,1.0,4083,1,0.8578308820724487,420.01397705078125,386.2900390625
A2,dual_branch,multitask,1.0,4126,0,0.6347375512123108,1155.0384521484375,1498.20556640625
A2,dual_branch,multitask,1.0,4135,1,0.756462574005127,465.0154724121094,1175.366455078125
A2,dual_branch,multitask,1.0,4161,1,0.715728223323822,375.0124816894531,1293.27490234375
A2,dual_branch,multitask,1.0,4169,0,0.4832184314727783,2280.075927734375,1935.3746337890625
A2,dual_branch,multitask,1.0,4172,0,0.7035760283470154,1320.0439453125,1185.25048828125
A2,dual_branch,multitask,1.0,4178,0,0.7308465838432312,1650.054931640625,1067.8858642578125
A2,dual_branch,multitask,1.0,4240,0,0.482474684715271,1725.0574951171875,1983.1455078125
A2,dual_branch,multitask,1.0,4284,1,0.6950688362121582,360.0119934082031,1276.96435546875
A2,dual_branch,multitask,1.0,4286,1,0.545501172542572,870.0289916992188,1775.4273681640625
A2,dual_branch,multitask,1.0,4290,0,0.571405827999115,1425.0474853515625,1637.4984130859375
A2,dual_branch,multitask,1.0,4297,0,0.6600404977798462,1530.0509033203125,1493.53125
A2,dual_branch,multitask,1.0,4310,0,0.474224328994751,1980.06591796875,2026.7919921875
A2,dual_branch,multitask,1.0,4357,1,0.4721129536628723,915.0304565429688,2033.05712890625
A2,dual_branch,multitask,1.0,4434,1,0.7803177237510681,1035.034423828125,821.8428955078125
A2,dual_branch,multitask,1.0,4655,0,0.7989800572395325,1305.04345703125,1016.6762084960938
A2,dual_branch,multitask,1.0,4659,1,0.5099789500236511,285.0094909667969,1852.96875
A2,dual_branch,multitask,3.0,15,1,0.9547105431556702,315.010498046875,187.77587890625
A2,dual_branch,multitask,3.0,31,0,0.4974016845226288,1860.0618896484375,1839.0362548828125
A2,dual_branch,multitask,3.0,38,0,0.49808216094970703,1635.054443359375,2068.440673828125
A2,dual_branch,multitask,3.0,43,1,0.5410481691360474,105.00349426269531,1708.9447021484375
A2,dual_branch,multitask,3.0,46,0,0.9686023592948914,1620.053955078125,-17.0545654296875
A2,dual_branch,multitask,3.0,54,0,0.4887886345386505,1965.0654296875,1876.9923095703125
A2,dual_branch,multitask,3.0,57,0,0.5460222959518433,1500.0499267578125,1724.14453125
A2,dual_branch,multitask,3.0,92,0,0.44753775000572205,3555.118408203125,2072.034423828125
A2,dual_branch,multitask,3.0,97,1,0.5052438974380493,900.0299682617188,1951.6964111328125
A2,dual_branch,multitask,3.0,102,0,0.5367939472198486,3150.10498046875,1741.7935791015625
A2,dual_branch,multitask,3.0,108,0,0.9557667374610901,1950.06494140625,173.60546875
A2,dual_branch,multitask,3.0,117,0,0.44928213953971863,2985.099365234375,2066.078369140625
A2,dual_branch,multitask,3.0,122,0,0.9708275198936462,1950.06494140625,-57.264404296875
A2,dual_branch,multitask,3.0,134,1,0.9562410116195679,585.0194702148438,168.166259765625
A2,dual_branch,multitask,3.0,146,0,0.4563371241092682,1125.0374755859375,1995.2139892578125
A2,dual_branch,multitask,3.0,172,0,0.5053026080131531,1710.056884765625,1988.3861083984375
A2,dual_branch,multitask,3.0,181,0,0.49815112352371216,3525.117431640625,1835.8438720703125
A2,dual_branch,multitask,3.0,192,0,0.9545395374298096,3360.11181640625,189.345703125
A2,dual_branch,multitask,3.0,197,0,0.4574238955974579,2115.0703125,2061.615478515625
A2,dual_branch,multitask,3.0,201,0,0.4757744073867798,1215.0404052734375,1924.387451171875
A2,dual_branch,multitask,3.0,204,0,0.9670318961143494,2040.06787109375,11.4056396484375
A2,dual_branch,multitask,3.0,207,0,0.41918107867240906,1815.0604248046875,2132.0830078125
A2,dual_branch,multitask,3.0,224,0,0.5009310841560364,1485.0494384765625,1981.9984130859375
A2,dual_branch,multitask,3.0,226,0,0.9596559405326843,2760.091796875,122.083984375
A2,dual_branch,multitask,3.0,232,0,0.9613420367240906,1665.055419921875,100.212158203125
A2,dual_branch,multitask,3.0,242,0,0.5793392658233643,3555.118408203125,1576.6590576171875
A2,dual_branch,multitask,3.0,260,0,0.9496368765830994,1890.06298828125,247.1683349609375
A2,dual_branch,multitask,3.0,261,0,0.4995083808898926,1320.0439453125,1815.8680419921875
A2,dual_branch,multitask,3.0,272,1,0.5773733854293823,435.0144958496094,1587.391357421875
A2,dual_branch,multitask,3.0,283,0,0.47525402903556824,1650.054931640625,1906.6448974609375
A2,dual_branch,multitask,3.0,285,0,0.49705982208251953,1545.0513916015625,1838.397216796875
A2,dual_branch,multitask,3.0,286,1,0.500048816204071,630.02099609375,1813.1240234375
A2,dual_branch,multitask,3.0,287,0,0.5001974701881409,3660.121826171875,1817.177001953125
A2,dual_branch,multitask,3.0,289,0,0.4221973121166229,1590.052978515625,2129.953125
A2,dual_branch,multitask,3.0,308,0,0.49963751435279846,1830.0609130859375,2034.6165771484375
A2,dual_branch,multitask,3.0,312,0,0.5009927153587341,1665.055419921875,1790.4842529296875
A2,dual_branch,multitask,3.0,331,0,0.49956271052360535,3330.11083984375,2055.882080078125
A2,dual_branch,multitask,3.0,334,0,0.9561807513237,2235.074462890625,168.7911376953125
A2,dual_branch,multitask,3.0,362,0,0.740078866481781,1500.0499267578125,1293.04833984375
A2,dual_branch,multitask,3.0,368,0,0.49688586592674255,3375.1123046875,1835.0345458984375
A2,dual_branch,multitask,3.0,370,0,0.46050596237182617,1950.06494140625,2008.3231201171875
A2,dual_branch,multitask,3.0,380,0,0.49877384305000305,3555.118408203125,1831.47607421875
A2,dual_branch,multitask,3.0,384,0,0.49887973070144653,3075.102294921875,2046.8404541015625
A2,dual_branch,multitask,3.0,395,0,0.9512734413146973,2415.080322265625,228.016845703125
A2,dual_branch,multitask,3.0,396,0,0.5021451115608215,2460.08203125,2014.807861328125
A2,dual_branch,multitask,3.0,404,0,0.4991357922554016,2835.094482421875,2062.70458984375
A2,dual_branch,multitask,3.0,416,1,0.9673686623573303,540.0180053710938,6.5452880859375
A2,dual_branch,multitask,3.0,422,1,0.4998812973499298,735.0244750976562,1779.692626953125
A2,dual_branch,multitask,3.0,428,0,0.4981539845466614,1740.0579833984375,1830.4571533203125
A2,dual_branch,multitask,3.0,430,0,0.5048143267631531,2715.09033203125,1993.92626953125
A2,dual_branch,multitask,3.0,437,0,0.4573388397693634,3000.099853515625,2003.530517578125
A2,dual_branch,multitask,3.0,441,0,0.49781009554862976,1620.053955078125,1838.4483642578125
A2,dual_branch,multitask,3.0,453,0,0.9568217992782593,2025.0673828125,161.3465576171875
A2,dual_branch,multitask,3.0,460,0,0.4620882570743561,2865.095458984375,2037.7467041015625
A2,dual_branch,multitask,3.0,461,0,0.5029546022415161,2685.08935546875,2016.8548583984375
A2,dual_branch,multitask,3.0,478,0,0.49199262261390686,3090.102783203125,1987.4713134765625
A2,dual_branch,multitask,3.0,498,0,0.5045531988143921,1215.0404052734375,1947.0069580078125
A2,dual_branch,multitask,3.0,509,0,0.4337734580039978,3255.1083984375,2101.3798828125
A2,dual_branch,multitask,3.0,514,0,0.49788597226142883,3045.101318359375,1824.3707275390625
A2,dual_branch,multitask,3.0,518,0,0.49943405389785767,1380.0458984375,1965.6151123046875
A2,dual_branch,multitask,3.0,522,0,0.9562819004058838,2235.074462890625,166.7802734375
A2,dual_branch,multitask,3.0,530,0,0.5005781650543213,3150.10498046875,1822.281005859375
A2,dual_branch,multitask,3.0,544,0,0.49763238430023193,1140.0379638671875,2076.801025390625
A2,dual_branch,multitask,3.0,546,0,0.4993915855884552,1665.055419921875,1838.463134765625
A2,dual_branch,multitask,3.0,561,0,0.4724600613117218,2925.097412109375,1929.5831298828125
A2,dual_branch,multitask,3.0,575,0,0.41304001212120056,3540.117919921875,2100.677978515625
A2,dual_branch,multitask,3.0,578,0,0.48652738332748413,2625.08740234375,1893.4893798828125
A2,dual_branch,multitask,3.0,580,1,0.49844664335250854,240.00799560546875,1824.7386474609375
A2,dual_branch,multitask,3.0,599,0,0.4972171485424042,1605.053466796875,1834.951171875
A2,dual_branch,multitask,3.0,604,0,0.5009120106697083,2535.08447265625,1821.0908203125
A2,dual_branch,multitask,3.0,612,0,0.9552825093269348,1740.0579833984375,179.3450927734375
A2,dual_branch,multitask,3.0,615,0,0.4741823375225067,1770.0589599609375,1914.2823486328125
A2,dual_branch,multitask,3.0,617,0,0.4977942705154419,1755.0584716796875,1834.6951904296875
A2,dual_branch,multitask,3.0,629,0,0.9714125990867615,1815.0604248046875,-68.3631591796875
A2,dual_branch,multitask,3.0,635,0,0.972456693649292,3045.101318359375,-88.868896484375
A2,dual_branch,multitask,3.0,637,0,0.42804208397865295,2970.098876953125,2117.123779296875
A2,dual_branch,multitask,3.0,647,0,0.4215080142021179,2640.087890625,2129.658203125
A2,dual_branch,multitask,3.0,653,0,0.4649975597858429,3600.119873046875,1958.987060546875
A2,dual_branch,multitask,3.0,658,0,0.9603185057640076,2070.06884765625,115.3629150390625
A2,dual_branch,multitask,3.0,691,0,0.4968321919441223,1530.0509033203125,1837.1201171875
A2,dual_branch,multitask,3.0,692,0,0.5020988583564758,2655.08837890625,1949.9293212890625
A2,dual_branch,multitask,3.0,700,0,0.5196273922920227,1380.0458984375,1842.1409912109375
A2,dual_branch,multitask,3.0,712,1,0.5052804350852966,960.031982421875,1955.7227783203125
A2,dual_branch,multitask,3.0,714,0,0.5069553852081299,1710.056884765625,1929.142333984375
A2,dual_branch,multitask,3.0,740,0,0.4641277492046356,1395.0465087890625,2038.482666015625
A2,dual_branch,multitask,3.0,741,0,0.9407010078430176,2865.095458984375,338.680419921875
A2,dual_branch,multitask,3.0,744,0,0.9702602028846741,3120.10400390625,-45.2625732421875
A2,dual_branch,multitask,3.0,745,0,0.5019239783287048,2475.08251953125,2000.1939697265625
A2,dual_branch,multitask,3.0,752,0,0.5060375332832336,1980.06591796875,1763.574951171875
A2,dual_branch,multitask,3.0,753,0,0.4974653422832489,1515.0504150390625,1816.6231689453125
A2,dual_branch,multitask,3.0,762,0,0.4524760842323303,1830.0609130859375,2023.9100341796875
A2,dual_branch,multitask,3.0,770,0,0.9555953741073608,1485.0494384765625,176.953857421875
A2,dual_branch,multitask,3.0,778,0,0.960019052028656,3270.10888671875,117.20654296875
A2,dual_branch,multitask,3.0,786,0,0.5003763437271118,2640.087890625,2020.063232421875
A2,dual_branch,multitask,3.0,794,0,0.44732534885406494,3150.10498046875,2048.588623046875
A2,dual_branch,multitask,3.0,807,0,0.49787428975105286,1530.0509033203125,2062.589599609375
A2,dual_branch,multitask,3.0,811,0,0.5032260417938232,2925.097412109375,1997.721435546875
A2,dual_branch,multitask,3.0,814,0,0.9720250368118286,2190.072998046875,-117.423828125
A2,dual_branch,multitask,3.0,818,0,0.4653761386871338,2535.08447265625,1952.7978515625
A2,dual_branch,multitask,3.0,820,0,0.524487316608429,2745.09130859375,1771.289794921875
A2,dual_branch,multitask,3.0,828,0,0.9509645104408264,1650.054931640625,231.947509765625
A2,dual_branch,multitask,3.0,854,0,0.44925424456596375,1455.0484619140625,2065.91943359375
A2,dual_branch,multitask,3.0,868,0,0.5016747713088989,2565.08544921875,2035.49609375
A2,dual_branch,multitask,3.0,875,0,0.435362845659256,1335.04443359375,2106.439697265625
A2,dual_branch,multitask,3.0,885,0,0.42198076844215393,1380.0458984375,2131.7587890625
A2,dual_branch,multitask,3.0,904,0,0.46601182222366333,1755.0584716796875,2034.607666015625
A2,dual_branch,multitask,3.0,909,0,0.9384565949440002,3540.117919921875,360.268310546875
A2,dual_branch,multitask,3.0,912,0,0.49744701385498047,2820.093994140625,1833.9019775390625
A2,dual_branch,multitask,3.0,980,0,0.9674624800682068,2010.06689453125,5.1846923828125
A2,dual_branch,multitask,3.0,993,0,0.4548892080783844,2505.08349609375,2062.02197265625
A2,dual_branch,multitask,3.0,997,0,0.49912095069885254,2955.098388671875,1932.138671875
A2,dual_branch,multitask,3.0,1027,0,0.5227212309837341,1545.0513916015625,1686.0968017578125
A2,dual_branch,multitask,3.0,1032,0,0.5012999773025513,2970.098876953125,2006.8145751953125
A2,dual_branch,multitask,3.0,1055,0,0.5037276148796082,2175.072509765625,2003.4530029296875
A2,dual_branch,multitask,3.0,1073,0,0.4901796579360962,2640.087890625,1976.2158203125
A2,dual_branch,multitask,3.0,1077,0,0.4351522922515869,3450.114990234375,2096.240234375
A2,dual_branch,multitask,3.0,1079,1,0.9055619835853577,1050.034912109375,608.4190673828125
A2,dual_branch,multitask,3.0,1089,0,0.5382845997810364,2370.078857421875,1672.4808349609375
A2,dual_branch,multitask,3.0,1097,0,0.9628579616546631,1515.0504150390625,77.4339599609375
A2,dual_branch,multitask,3.0,1109,0,0.5077365040779114,3135.1044921875,1887.297607421875
A2,dual_branch,multitask,3.0,1127,0,0.4973415434360504,2085.0693359375,1832.7982177734375
A2,dual_branch,multitask,3.0,1144,0,0.49787190556526184,3135.1044921875,1803.2752685546875
A2,dual_branch,multitask,3.0,1148,0,0.4931541979312897,2400.079833984375,1881.748779296875
A2,dual_branch,multitask,3.0,1165,0,0.5014134645462036,2580.0859375,2032.29833984375
A2,dual_branch,multitask,3.0,1168,0,0.5379915237426758,1620.053955078125,1625.7767333984375
A2,dual_branch,multitask,3.0,1175,1,0.5007181167602539,870.0289916992188,1806.376953125
A2,dual_branch,multitask,3.0,1191,0,0.4824564456939697,1290.04296875,1892.946044921875
A2,dual_branch,multitask,3.0,1200,1,0.5074982047080994,510.0169677734375,1948.9881591796875
A2,dual_branch,multitask,3.0,1203,0,0.49805957078933716,2640.087890625,1836.916015625
A2,dual_branch,multitask,3.0,1204,0,0.5024878978729248,2730.0908203125,2003.4505615234375
A2,dual_branch,multitask,3.0,1216,0,0.9643260836601257,2430.080810546875,53.6685791015625
A2,dual_branch,multitask,3.0,1231,1,0.5023191571235657,315.010498046875,1802.32275390625
A2,dual_branch,multitask,3.0,1243,1,0.5209313631057739,915.0304565429688,1921.0914306640625
A2,dual_branch,multitask,3.0,1249,0,0.49797096848487854,2580.0859375,1970.2061767578125
A2,dual_branch,multitask,3.0,1271,0,0.5776408314704895,2520.083984375,1618.615234375
A2,dual_branch,multitask,3.0,1284,1,0.5008697509765625,375.0124816894531,1810.2593994140625
A2,dual_branch,multitask,3.0,1288,0,0.440080851316452,3120.10400390625,2093.289794921875
A2,dual_branch,multitask,3.0,1298,0,0.9519293308258057,3240.10791015625,221.0654296875
A2,dual_branch,multitask,3.0,1299,0,0.5467748641967773,1455.0484619140625,1845.28076171875
A2,dual_branch,multitask,3.0,1396,0,0.9474032521247864,1905.0634765625,272.0352783203125
A2,dual_branch,multitask,3.0,1414,1,0.5735167264938354,150.00498962402344,1805.042236328125
A2,dual_branch,multitask,3.0,1424,0,0.49989309906959534,1290.04296875,2028.1329345703125
A2,dual_branch,multitask,3.0,1472,0,0.9594709873199463,1215.0404052734375,124.536865234375
A2,dual_branch,multitask,3.0,1475,0,0.5251899361610413,3045.101318359375,1738.565673828125
A2,dual_branch,multitask,3.0,1498,0,0.5065246820449829,2520.083984375,1793.0352783203125
A2,dual_branch,multitask,3.0,1508,1,0.5105398893356323,300.0099792480469,1908.0159912109375
A2,dual_branch,multitask,3.0,1510,0,0.4993005692958832,1260.0419921875,1824.401611328125
A2,dual_branch,multitask,3.0,1515,0,0.49902135133743286,1470.0489501953125,1820.78515625
A2,dual_branch,multitask,3.0,1518,0,0.4989289343357086,1980.06591796875,1822.99755859375
A2,dual_branch,multitask,3.0,1591,1,0.5476080775260925,630.02099609375,1684.0751953125
A2,dual_branch,multitask,3.0,1599,0,0.5372754335403442,1890.06298828125,1709.04248046875
A2,dual_branch,multitask,3.0,1602,0,0.5812225341796875,2220.073974609375,1790.58154296875
A2,dual_branch,multitask,3.0,1604,0,0.9457479119300842,2160.072021484375,289.0142822265625
A2,dual_branch,multitask,3.0,1645,0,0.5024600625038147,2280.075927734375,1874.6173095703125
A2,dual_branch,multitask,3.0,1662,0,0.709941029548645,1530.0509033203125,1494.232666015625
A2,dual_branch,multitask,3.0,1696,1,0.42486459016799927,840.0279541015625,2126.1494140625
A2,dual_branch,multitask,3.0,1705,0,0.5262575149536133,1275.04248046875,1736.4847412109375
A2,dual_branch,multitask,3.0,1719,0,0.4996240437030792,3030.100830078125,1813.89794921875
A2,dual_branch,multitask,3.0,1726,0,0.5063640475273132,2640.087890625,1950.3193359375
A2,dual_branch,multitask,3.0,1748,0,0.46508923172950745,1380.0458984375,1951.519775390625
A2,dual_branch,multitask,3.0,1775,0,0.513726532459259,1680.055908203125,1913.4725341796875
A2,dual_branch,multitask,3.0,1783,0,0.49798500537872314,2295.076416015625,1832.17529296875
A2,dual_branch,multitask,3.0,1792,1,0.49545416235923767,1005.033447265625,1825.992919921875
A2,dual_branch,multitask,3.0,1810,0,0.521304190158844,1635.054443359375,1805.3873291015625
A2,dual_branch,multitask,3.0,1816,1,0.9722844958305359,810.0269775390625,-84.814208984375
A2,dual_branch,multitask,3.0,1818,0,0.47140294313430786,2655.08837890625,2010.248779296875
A2,dual_branch,multitask,3.0,1822,1,0.4991525411605835,825.0274658203125,1816.9852294921875
A2,dual_branch,multitask,3.0,1846,0,0.5248472094535828,2850.094970703125,1700.39794921875
A2,dual_branch,multitask,3.0,1889,0,0.49965763092041016,2430.080810546875,1813.314453125
A2,dual_branch,multitask,3.0,1892,0,0.5205475687980652,2100.06982421875,1808.761474609375
A2,dual_branch,multitask,3.0,1915,0,0.5177642703056335,1350.044921875,1803.6767578125
A2,dual_branch,multitask,3.0,1945,1,0.9664874076843262,615.0205078125,20.482177734375
A2,dual_branch,multitask,3.0,1963,0,0.4633985459804535,1170.0389404296875,1957.5875244140625
A2,dual_branch,multitask,3.0,1988,0,0.5666283965110779,1995.06640625,1607.33349609375
A2,dual_branch,multitask,3.0,2000,0,0.502089262008667,2340.077880859375,2003.88623046875
A2,dual_branch,multitask,3.0,2027,0,0.4978707432746887,2040.06787109375,1835.2874755859375
A2,dual_branch,multitask,3.0,2038,1,0.5036101937294006,540.0180053710938,1995.4544677734375
A2,dual_branch,multitask,3.0,2041,0,0.9510660767555237,3045.101318359375,231.8704833984375
A2,dual_branch,multitask,3.0,2045,0,0.4206427037715912,2205.073486328125,2130.225341796875
A2,dual_branch,multitask,3.0,2087,0,0.4827820658683777,2475.08251953125,1874.492919921875
A2,dual_branch,multitask,3.0,2113,0,0.5095009803771973,1170.0389404296875,1959.3489990234375
A2,dual_branch,multitask,3.0,2146,0,0.4995919167995453,2010.06689453125,1813.1427001953125
A2,dual_branch,multitask,3.0,2160,0,0.9626343250274658,2460.08203125,80.6776123046875
A2,dual_branch,multitask,3.0,2167,0,0.47583988308906555,1350.044921875,2020.5625
A2,dual_branch,multitask,3.0,2187,0,0.5086586475372314,2370.078857421875,1738.38330078125
A2,dual_branch,multitask,3.0,2192,0,0.5429677367210388,1470.0489501953125,1731.187744140625
A2,dual_branch,multitask,3.0,2201,0,0.497058629989624,1305.04345703125,1818.869384765625
A2,dual_branch,multitask,3.0,2229,0,0.5375091433525085,1395.0465087890625,1650.8533935546875
A2,dual_branch,multitask,3.0,2284,0,0.4975621998310089,2130.071044921875,1830.9765625
A2,dual_branch,multitask,3.0,2299,0,0.5082808136940002,2085.0693359375,1945.345458984375
A2,dual_branch,multitask,3.0,2302,0,0.6137297749519348,2070.06884765625,1682.312744140625
A2,dual_branch,multitask,3.0,2321,0,0.5592259764671326,2355.078369140625,1824.7154541015625
A2,dual_branch,multitask,3.0,2333,0,0.5771229863166809,3075.102294921875,1587.123779296875
A2,dual_branch,multitask,3.0,2339,0,0.4953143298625946,1830.0609130859375,1967.1175537109375
A2,dual_branch,multitask,3.0,2355,0,0.9714092016220093,1200.0399169921875,-66.413330078125
A2,dual_branch,multitask,3.0,2382,0,0.44680625200271606,1545.0513916015625,2070.00537109375
A2,dual_branch,multitask,3.0,2420,1,0.5678232312202454,855.0284423828125,1815.9285888671875
A2,dual_branch,multitask,3.0,2434,0,0.51414954662323,1515.0504150390625,1847.6522216796875
A2,dual_branch,multitask,3.0,2459,1,0.5085628032684326,915.0304565429688,1933.06201171875
A2,dual_branch,multitask,3.0,2473,0,0.9368185997009277,1395.0465087890625,377.133544921875
A2,dual_branch,multitask,3.0,2502,0,0.49794620275497437,3000.099853515625,1834.991943359375
A2,dual_branch,multitask,3.0,2528,0,0.9602537751197815,2880.095947265625,115.04296875
A2,dual_branch,multitask,3.0,2543,0,0.5182998776435852,1215.0404052734375,1844.4405517578125
A2,dual_branch,multitask,3.0,2565,0,0.9564658403396606,2250.074951171875,164.8770751953125
A2,dual_branch,multitask,3.0,2570,0,0.9455288648605347,2970.098876953125,291.7757568359375
A2,dual_branch,multitask,3.0,2571,0,0.46529272198677063,2400.079833984375,1953.891845703125
A2,dual_branch,multitask,3.0,2591,0,0.6262221932411194,2355.078369140625,1656.1162109375
A2,dual_branch,multitask,3.0,2593,0,0.49793916940689087,1335.04443359375,1821.7901611328125
A2,dual_branch,multitask,3.0,2604,0,0.499758243560791,3060.101806640625,2058.531494140625
A2,dual_branch,multitask,3.0,2621,0,0.4316437542438507,1395.0465087890625,2108.762939453125
A2,dual_branch,multitask,3.0,2629,0,0.5015720725059509,1350.044921875,1805.087158203125
A2,dual_branch,multitask,3.0,2692,0,0.5229151248931885,1590.052978515625,1875.370361328125
A2,dual_branch,multitask,3.0,2698,0,0.5692365765571594,2295.076416015625,1559.091064453125
A2,dual_branch,multitask,3.0,2758,0,0.9724880456924438,1740.0579833984375,-88.4124755859375
A2,dual_branch,multitask,3.0,2787,0,0.4966994524002075,3045.101318359375,1837.8917236328125
A2,dual_branch,multitask,3.0,2788,0,0.5025172829627991,1905.0634765625,1803.628173828125
A2,dual_branch,multitask,3.0,2792,0,0.9882934093475342,1905.0634765625,-548.787353515625
A2,dual_branch,multitask,3.0,2958,1,0.9772207736968994,585.0194702148438,-241.31884765625
A2,dual_branch,multitask,3.0,3031,0,0.5106996297836304,1980.06591796875,1921.3192138671875
A2,dual_branch,multitask,3.0,3032,1,0.5048639178276062,930.0309448242188,1797.181884765625
A2,dual_branch,multitask,3.0,3085,1,0.5496788024902344,855.0284423828125,1698.047607421875
A2,dual_branch,multitask,3.0,3100,1,0.5086884498596191,540.0180053710938,1920.542236328125
A2,dual_branch,multitask,3.0,3109,0,0.4993782639503479,1905.0634765625,1806.672119140625
A2,dual_branch,multitask,3.0,3133,0,0.5824819803237915,1815.0604248046875,1603.9554443359375
A2,dual_branch,multitask,3.0,3135,1,0.5108693242073059,870.0289916992188,1862.2772216796875
A2,dual_branch,multitask,3.0,3174,1,0.8285333514213562,630.02099609375,946.9564208984375
A2,dual_branch,multitask,3.0,3187,1,0.522476851940155,660.02197265625,1809.8653564453125
A2,dual_branch,multitask,3.0,3308,1,0.518080472946167,750.0249633789062,1802.860595703125
A2,dual_branch,multitask,3.0,3329,1,0.5123123526573181,405.01348876953125,1717.00390625
A2,dual_branch,multitask,3.0,3349,0,0.7459546327590942,2265.075439453125,1379.5263671875
A2,dual_branch,multitask,3.0,3365,1,0.9586361646652222,645.021484375,137.958984375
A2,dual_branch,multitask,3.0,3370,0,0.514238178730011,1245.04150390625,1709.0732421875
A2,dual_branch,multitask,3.0,3375,0,0.4981088936328888,2370.078857421875,1938.6214599609375
A2,dual_branch,multitask,3.0,3386,0,0.5064679980278015,1650.054931640625,1878.276123046875
A2,dual_branch,multitask,3.0,3388,1,0.5055050253868103,525.0174560546875,1801.147216796875
A2,dual_branch,multitask,3.0,3457,1,0.8132689595222473,780.0260009765625,1136.914306640625
A2,dual_branch,multitask,3.0,3488,0,0.4589189887046814,2160.072021484375,2006.0802001953125
A2,dual_branch,multitask,3.0,3497,0,0.5054678320884705,2160.072021484375,1762.3382568359375
A2,dual_branch,multitask,3.0,3612,1,0.580420970916748,795.0264892578125,1726.5904541015625
A2,dual_branch,multitask,3.0,3642,1,0.5158555507659912,810.0269775390625,1896.7747802734375
A2,dual_branch,multitask,3.0,3671,0,0.5484468340873718,1710.056884765625,1542.234375
A2,dual_branch,multitask,3.0,3690,0,0.9582828879356384,2565.08544921875,142.46142578125
A2,dual_branch,multitask,3.0,3727,0,0.6452404260635376,1695.056396484375,1625.037841796875
A2,dual_branch,multitask,3.0,3751,0,0.49971678853034973,1200.0399169921875,1812.540283203125
A2,dual_branch,multitask,3.0,3763,0,0.5404601693153381,1920.06396484375,1544.910888671875
A2,dual_branch,multitask,3.0,3770,0,0.5095794796943665,1935.064453125,1905.34765625
A2,dual_branch,multitask,3.0,3814,0,0.9584333300590515,2190.072998046875,139.8460693359375
A2,dual_branch,multitask,3.0,3823,0,0.5350134968757629,1440.0479736328125,1853.0576171875
A2,dual_branch,multitask,3.0,3845,0,0.9720064401626587,1965.0654296875,-77.2047119140625
A2,dual_branch,multitask,3.0,3847,0,0.49009251594543457,1410.0469970703125,1853.1982421875
A2,dual_branch,multitask,3.0,3859,1,0.5703156590461731,465.0154724121094,1413.0218505859375
A2,dual_branch,multitask,3.0,3865,1,0.5013362765312195,570.0189819335938,1957.0545654296875
A2,dual_branch,multitask,3.0,3996,0,0.5042180418968201,1095.0364990234375,1794.16357421875
A2,dual_branch,multitask,3.0,3997,1,0.5058695673942566,615.0205078125,1786.7562255859375
A2,dual_branch,multitask,3.0,4008,1,0.5874809622764587,330.010986328125,1222.014404296875
A2,dual_branch,multitask,3.0,4029,1,0.9587199687957764,660.02197265625,135.8507080078125
A2,dual_branch,multitask,3.0,4054,0,0.7914791107177734,1395.0465087890625,1150.981201171875
A2,dual_branch,multitask,3.0,4083,1,0.64370197057724,420.01397705078125,1350.4969482421875
A2,dual_branch,multitask,3.0,4126,0,0.5039266347885132,1155.0384521484375,1781.7227783203125
A2,dual_branch,multitask,3.0,4135,1,0.9747878313064575,465.0154724121094,-132.4818115234375
A2,dual_branch,multitask,3.0,4161,1,0.5124725699424744,375.0124816894531,1720.4998779296875
A2,dual_branch,multitask,3.0,4169,0,0.5161788463592529,2280.075927734375,1926.8822021484375
A2,dual_branch,multitask,3.0,4172,0,0.5192587971687317,1320.0439453125,1840.174560546875
A2,dual_branch,multitask,3.0,4178,0,0.547319233417511,1650.054931640625,1710.8023681640625
A2,dual_branch,multitask,3.0,4240,0,0.5049464106559753,1725.0574951171875,1970.8299560546875
A2,dual_branch,multitask,3.0,4284,1,0.800286591053009,360.0119934082031,1049.2783203125
A2,dual_branch,multitask,3.0,4286,1,0.9719505906105042,870.0289916992188,-93.970458984375
A2,dual_branch,multitask,3.0,4290,0,0.5284578800201416,1425.0474853515625,1732.4713134765625
A2,dual_branch,multitask,3.0,4297,0,0.9707534909248352,1530.0509033203125,-52.8448486328125
A2,dual_branch,multitask,3.0,4310,0,0.5004660487174988,1980.06591796875,2006.658203125
A2,dual_branch,multitask,3.0,4357,1,0.5001544952392578,915.0304565429688,2037.302001953125
A2,dual_branch,multitask,3.0,4434,1,0.5463760495185852,1035.034423828125,1683.3380126953125
A2,dual_branch,multitask,3.0,4655,0,0.9846339821815491,1305.04345703125,-401.615966796875
A2,dual_branch,multitask,3.0,4659,1,0.5573098659515381,285.0094909667969,1774.0797119140625
A2,early_fusion,multitask,1.0,15,1,0.4186170995235443,315.010498046875,1981.23583984375
A2,early_fusion,multitask,1.0,31,0,0.49446508288383484,1860.0618896484375,1882.485595703125
A2,early_fusion,multitask,1.0,38,0,0.4921469986438751,1635.054443359375,2008.0048828125
A2,early_fusion,multitask,1.0,43,1,0.4599086046218872,105.00349426269531,2006.081787109375
A2,early_fusion,multitask,1.0,46,0,0.4255576729774475,1620.053955078125,1988.762939453125
A2,early_fusion,multitask,1.0,54,0,0.701117753982544,1965.0654296875,1331.6668701171875
A2,early_fusion,multitask,1.0,57,0,0.47104230523109436,1500.0499267578125,1981.1517333984375
A2,early_fusion,multitask,1.0,92,0,0.44531288743019104,3555.118408203125,2053.779541015625
A2,early_fusion,multitask,1.0,97,1,0.4678507149219513,900.0299682617188,2006.77880859375
A2,early_fusion,multitask,1.0,102,0,0.46785593032836914,3150.10498046875,1979.2769775390625
A2,early_fusion,multitask,1.0,108,0,0.4134998321533203,1950.06494140625,2001.64453125
A2,early_fusion,multitask,1.0,117,0,0.4466664791107178,2985.099365234375,2051.99462890625
A2,early_fusion,multitask,1.0,122,0,0.426856130361557,1950.06494140625,1990.7855224609375
A2,early_fusion,multitask,1.0,134,1,0.4210048019886017,585.0194702148438,1975.404541015625
A2,early_fusion,multitask,1.0,146,0,0.40725353360176086,1125.0374755859375,2074.591552734375
A2,early_fusion,multitask,1.0,172,0,0.48959100246429443,1710.056884765625,2000.76953125
A2,early_fusion,multitask,1.0,181,0,0.49460047483444214,3525.117431640625,1881.4268798828125
A2,early_fusion,multitask,1.0,192,0,0.4144035279750824,3360.11181640625,1993.1956787109375
A2,early_fusion,multitask,1.0,197,0,0.46491724252700806,2115.0703125,2011.9052734375
A2,early_fusion,multitask,1.0,201,0,0.42923253774642944,1215.0404052734375,2056.246826171875
A2,early_fusion,multitask,1.0,204,0,0.4403160512447357,2040.06787109375,1975.659912109375
A2,early_fusion,multitask,1.0,207,0,0.4465314745903015,1815.0604248046875,2050.727783203125
A2,early_fusion,multitask,1.0,224,0,0.4879894554615021,1485.0494384765625,1994.5953369140625
A2,early_fusion,multitask,1.0,226,0,0.41737258434295654,2760.091796875,2002.5174560546875
A2,early_fusion,multitask,1.0,232,0,0.49012312293052673,1665.055419921875,1808.5443115234375
A2,early_fusion,multitask,1.0,242,0,0.5104489922523499,3555.118408203125,1839.0758056640625
A2,early_fusion,multitask,1.0,260,0,0.4175642132759094,1890.06298828125,1983.8917236328125
A2,early_fusion,multitask,1.0,261,0,0.5023085474967957,1320.0439453125,1838.8349609375
A2,early_fusion,multitask,1.0,272,1,0.5118080973625183,435.0144958496094,1833.4967041015625
A2,early_fusion,multitask,1.0,283,0,0.418138325214386,1650.054931640625,2047.5897216796875
A2,early_fusion,multitask,1.0,285,0,0.4947071075439453,1545.0513916015625,1874.5614013671875
A2,early_fusion,multitask,1.0,286,1,0.5445691347122192,630.02099609375,1583.2911376953125
A2,early_fusion,multitask,1.0,287,0,0.5036206245422363,3660.121826171875,1857.0074462890625
A2,early_fusion,multitask,1.0,289,0,0.44558072090148926,1590.052978515625,2052.81298828125
A2,early_fusion,multitask,1.0,308,0,0.4906834363937378,1830.0609130859375,2002.062255859375
A2,early_fusion,multitask,1.0,312,0,0.6621461510658264,1665.055419921875,1010.1281127929688
A2,early_fusion,multitask,1.0,331,0,0.49165189266204834,3330.11083984375,2003.6744384765625
A2,early_fusion,multitask,1.0,334,0,0.48611778020858765,2235.074462890625,1845.713623046875
A2,early_fusion,multitask,1.0,362,0,0.6950240135192871,1500.0499267578125,1389.68505859375
A2,early_fusion,multitask,1.0,368,0,0.4970986843109131,3375.1123046875,1845.1995849609375
A2,early_fusion,multitask,1.0,370,0,0.42688387632369995,1950.06494140625,2068.442138671875
A2,early_fusion,multitask,1.0,380,0,0.5002015829086304,3555.118408203125,1826.953125
A2,early_fusion,multitask,1.0,384,0,0.49133598804473877,3075.102294921875,2004.630126953125
A2,early_fusion,multitask,1.0,395,0,0.413728803396225,2415.080322265625,2004.228759765625
A2,early_fusion,multitask,1.0,396,0,0.4899131655693054,2460.08203125,2000.6324462890625
A2,early_fusion,multitask,1.0,404,0,0.49155405163764954,2835.094482421875,2005.6689453125
A2,early_fusion,multitask,1.0,416,1,0.5151709914207458,540.0180053710938,1760.188720703125
A2,early_fusion,multitask,1.0,422,1,0.46771588921546936,735.0244750976562,1819.4832763671875
A2,early_fusion,multitask,1.0,428,0,0.5071345567703247,1740.0579833984375,1781.5521240234375
A2,early_fusion,multitask,1.0,430,0,0.4897924065589905,2715.09033203125,2000.450927734375
A2,early_fusion,multitask,1.0,437,0,0.4275767505168915,3000.099853515625,2058.3798828125
A2,early_fusion,multitask,1.0,441,0,0.49458611011505127,1620.053955078125,1871.293212890625
A2,early_fusion,multitask,1.0,453,0,0.4306269586086273,2025.0673828125,1955.138427734375
A2,early_fusion,multitask,1.0,460,0,0.4549199938774109,2865.095458984375,2037.166748046875
A2,early_fusion,multitask,1.0,461,0,0.49095019698143005,2685.08935546875,1996.277099609375
A2,early_fusion,multitask,1.0,478,0,0.45832565426826477,3090.102783203125,2026.6566162109375
A2,early_fusion,multitask,1.0,498,0,0.4917380213737488,1215.0404052734375,1961.890625
A2,early_fusion,multitask,1.0,509,0,0.4490659832954407,3255.1083984375,2045.41357421875
A2,early_fusion,multitask,1.0,514,0,0.5255499482154846,3045.101318359375,1685.2049560546875
A2,early_fusion,multitask,1.0,518,0,0.49905890226364136,1380.0458984375,1920.161865234375
A2,early_fusion,multitask,1.0,522,0,0.4236069917678833,2235.074462890625,1994.1920166015625
A2,early_fusion,multitask,1.0,530,0,0.5404170751571655,3150.10498046875,1626.8841552734375
A2,early_fusion,multitask,1.0,544,0,0.49211177229881287,1140.0379638671875,2007.76904296875
A2,early_fusion,multitask,1.0,546,0,0.5038830041885376,1665.055419921875,1817.9195556640625
A2,early_fusion,multitask,1.0,561,0,0.43092629313468933,2925.097412109375,2013.918212890625
A2,early_fusion,multitask,1.0,575,0,0.4472143054008484,3540.117919921875,2049.22265625
A2,early_fusion,multitask,1.0,578,0,0.4362437129020691,2625.08740234375,2046.229248046875
A2,early_fusion,multitask,1.0,580,1,0.5234760642051697,240.00799560546875,1700.714111328125
A2,early_fusion,multitask,1.0,599,0,0.4945063591003418,1605.053466796875,1856.0458984375
A2,early_fusion,multitask,1.0,604,0,0.5005000829696655,2535.08447265625,1862.994384765625
A2,early_fusion,multitask,1.0,612,0,0.4291767477989197,1740.0579833984375,1979.69384765625
A2,early_fusion,multitask,1.0,615,0,0.417703777551651,1770.0589599609375,2043.546630859375
A2,early_fusion,multitask,1.0,617,0,0.5036073327064514,1755.0584716796875,1794.0914306640625
A2,early_fusion,multitask,1.0,629,0,0.4328918159008026,1815.0604248046875,1977.3720703125
A2,early_fusion,multitask,1.0,635,0,0.4344552159309387,3045.101318359375,1972.5965576171875
A2,early_fusion,multitask,1.0,637,0,0.44540244340896606,2970.098876953125,2053.49169921875
A2,early_fusion,multitask,1.0,647,0,0.4458610415458679,2640.087890625,2052.168212890625
A2,early_fusion,multitask,1.0,653,0,0.41278156638145447,3600.119873046875,2049.32861328125
A2,early_fusion,multitask,1.0,658,0,0.5003824234008789,2070.06884765625,1792.27783203125
A2,early_fusion,multitask,1.0,691,0,0.4948970675468445,1530.0509033203125,1874.2442626953125
A2,early_fusion,multitask,1.0,692,0,0.4869872033596039,2655.08837890625,1990.710693359375
A2,early_fusion,multitask,1.0,700,0,0.46402353048324585,1380.0458984375,2008.12158203125
A2,early_fusion,multitask,1.0,712,1,0.49974334239959717,960.031982421875,1938.981201171875
A2,early_fusion,multitask,1.0,714,0,0.5101746320724487,1710.056884765625,1887.1732177734375
A2,early_fusion,multitask,1.0,740,0,0.4585021138191223,1395.0465087890625,2031.2579345703125
A2,early_fusion,multitask,1.0,741,0,0.4144706726074219,2865.095458984375,2001.4871826171875
A2,early_fusion,multitask,1.0,744,0,0.5287516117095947,3120.10400390625,1733.4664306640625
A2,early_fusion,multitask,1.0,745,0,0.4925585985183716,2475.08251953125,1982.205810546875
A2,early_fusion,multitask,1.0,752,0,0.5213590264320374,1980.06591796875,1652.3106689453125
A2,early_fusion,multitask,1.0,753,0,0.5496588945388794,1515.0504150390625,1548.82958984375
A2,early_fusion,multitask,1.0,762,0,0.4118441939353943,1830.0609130859375,2068.365966796875
A2,early_fusion,multitask,1.0,770,0,0.4245325028896332,1485.0494384765625,1969.961669921875
A2,early_fusion,multitask,1.0,778,0,0.4180402457714081,3270.10888671875,2001.482421875
A2,early_fusion,multitask,1.0,786,0,0.48986518383026123,2640.087890625,2000.60791015625
A2,early_fusion,multitask,1.0,794,0,0.4067210853099823,3150.10498046875,2079.62158203125
A2,early_fusion,multitask,1.0,807,0,0.49181297421455383,1530.0509033203125,2007.002685546875
A2,early_fusion,multitask,1.0,811,0,0.4944955110549927,2925.097412109375,1973.169677734375
A2,early_fusion,multitask,1.0,814,0,0.42103201150894165,2190.072998046875,1977.8843994140625
A2,early_fusion,multitask,1.0,818,0,0.4156309962272644,2535.08447265625,2062.03955078125
A2,early_fusion,multitask,1.0,820,0,0.581279456615448,2745.09130859375,1633.6226806640625
A2,early_fusion,multitask,1.0,828,0,0.4592593014240265,1650.054931640625,1910.056640625
A2,early_fusion,multitask,1.0,854,0,0.4473942518234253,1455.0484619140625,2050.133056640625
A2,early_fusion,multitask,1.0,868,0,0.49139246344566345,2565.08544921875,1997.1300048828125
A2,early_fusion,multitask,1.0,875,0,0.44807928800582886,1335.04443359375,2047.98779296875
A2,early_fusion,multitask,1.0,885,0,0.44528791308403015,1380.0458984375,2053.44873046875
A2,early_fusion,multitask,1.0,904,0,0.46713966131210327,1755.0584716796875,2010.80810546875
A2,early_fusion,multitask,1.0,909,0,0.416342556476593,3540.117919921875,1996.8924560546875
A2,early_fusion,multitask,1.0,912,0,0.4955943822860718,2820.093994140625,1842.29345703125
A2,early_fusion,multitask,1.0,980,0,0.5564836263656616,2010.06689453125,1664.6461181640625
A2,early_fusion,multitask,1.0,993,0,0.46047210693359375,2505.08349609375,2022.65283203125
A2,early_fusion,multitask,1.0,997,0,0.4454464316368103,2955.098388671875,2053.781982421875
A2,early_fusion,multitask,1.0,1027,0,0.4977225661277771,1545.0513916015625,1728.465087890625
A2,early_fusion,multitask,1.0,1032,0,0.49351197481155396,2970.098876953125,1984.03955078125
A2,early_fusion,multitask,1.0,1055,0,0.497138649225235,2175.072509765625,1956.65283203125
A2,early_fusion,multitask,1.0,1073,0,0.4906594157218933,2640.087890625,1952.52099609375
A2,early_fusion,multitask,1.0,1077,0,0.4535003900527954,3450.114990234375,2035.5325927734375
A2,early_fusion,multitask,1.0,1079,1,0.44184502959251404,1050.034912109375,1974.968017578125
A2,early_fusion,multitask,1.0,1089,0,0.5372031927108765,2370.078857421875,1672.77587890625
A2,early_fusion,multitask,1.0,1097,0,0.5180928111076355,1515.0504150390625,1784.812255859375
A2,early_fusion,multitask,1.0,1109,0,0.5074129104614258,3135.1044921875,1887.053955078125
A2,early_fusion,multitask,1.0,1127,0,0.5008924603462219,2085.0693359375,1810.6982421875
A2,early_fusion,multitask,1.0,1144,0,0.4369984269142151,3135.1044921875,1952.7735595703125
A2,early_fusion,multitask,1.0,1148,0,0.4476633667945862,2400.079833984375,1989.4820556640625
A2,early_fusion,multitask,1.0,1165,0,0.4908111095428467,2580.0859375,2003.1400146484375
A2,early_fusion,multitask,1.0,1168,0,0.6203991770744324,1620.053955078125,1478.8468017578125
A2,early_fusion,multitask,1.0,1175,1,0.6136461496353149,870.0289916992188,1231.769775390625
A2,early_fusion,multitask,1.0,1191,0,0.4724903702735901,1290.04296875,1993.1253662109375
A2,early_fusion,multitask,1.0,1200,1,0.5124502778053284,510.0169677734375,1884.89501953125
A2,early_fusion,multitask,1.0,1203,0,0.5055217742919922,2640.087890625,1798.831298828125
A2,early_fusion,multitask,1.0,1204,0,0.4958808422088623,2730.0908203125,1972.525146484375
A2,early_fusion,multitask,1.0,1216,0,0.4260212481021881,2430.080810546875,1990.3360595703125
A2,early_fusion,multitask,1.0,1231,1,0.6116251945495605,315.010498046875,1271.508056640625
A2,early_fusion,multitask,1.0,1243,1,0.5227929353713989,915.0304565429688,1868.9462890625
A2,early_fusion,multitask,1.0,1249,0,0.4881691634654999,2580.0859375,1955.5316162109375
A2,early_fusion,multitask,1.0,1271,0,0.5721893906593323,2520.083984375,1688.0518798828125
A2,early_fusion,multitask,1.0,1284,1,0.5598093271255493,375.0124816894531,1497.617431640625
A2,early_fusion,multitask,1.0,1288,0,0.45566990971565247,3120.10400390625,2032.2418212890625
A2,early_fusion,multitask,1.0,1298,0,0.41511470079421997,3240.10791015625,1993.1607666015625
A2,early_fusion,multitask,1.0,1299,0,0.5512228608131409,1455.0484619140625,1802.429443359375
A2,early_fusion,multitask,1.0,1396,0,0.4386233389377594,1905.0634765625,1982.6971435546875
A2,early_fusion,multitask,1.0,1414,1,0.5495923757553101,150.00498962402344,1801.906005859375
A2,early_fusion,multitask,1.0,1424,0,0.49041566252708435,1290.04296875,2002.320068359375
A2,early_fusion,multitask,1.0,1472,0,0.43347251415252686,1215.0404052734375,1971.8299560546875
A2,early_fusion,multitask,1.0,1475,0,0.4924602806568146,3045.101318359375,1830.5052490234375
A2,early_fusion,multitask,1.0,1498,0,0.5834240317344666,2520.083984375,1482.42724609375
A2,early_fusion,multitask,1.0,1508,1,0.5258491635322571,300.0099792480469,1825.0577392578125
A2,early_fusion,multitask,1.0,1510,0,0.5352239608764648,1260.0419921875,1639.13330078125
A2,early_fusion,multitask,1.0,1515,0,0.5460093021392822,1470.0489501953125,1572.6781005859375
A2,early_fusion,multitask,1.0,1518,0,0.5397798418998718,1980.06591796875,1640.558349609375
A2,early_fusion,multitask,1.0,1591,1,0.5327883958816528,630.02099609375,1776.247314453125
A2,early_fusion,multitask,1.0,1599,0,0.5417656302452087,1890.06298828125,1724.8092041015625
A2,early_fusion,multitask,1.0,1602,0,0.5717657208442688,2220.073974609375,1740.1661376953125
A2,early_fusion,multitask,1.0,1604,0,0.4208623766899109,2160.072021484375,1975.5709228515625
A2,early_fusion,multitask,1.0,1645,0,0.4837666153907776,2280.075927734375,1914.7886962890625
A2,early_fusion,multitask,1.0,1662,0,0.6674044132232666,1530.0509033203125,1459.3643798828125
A2,early_fusion,multitask,1.0,1696,1,0.4456816613674164,840.0279541015625,2052.688232421875
A2,early_fusion,multitask,1.0,1705,0,0.5874608159065247,1275.04248046875,1526.0770263671875
A2,early_fusion,multitask,1.0,1719,0,0.5454199314117432,3030.100830078125,1572.2962646484375
A2,early_fusion,multitask,1.0,1726,0,0.5034468173980713,2640.087890625,1923.725830078125
A2,early_fusion,multitask,1.0,1748,0,0.40594586730003357,1380.0458984375,2057.849365234375
A2,early_fusion,multitask,1.0,1775,0,0.5168761610984802,1680.055908203125,1885.3209228515625
A2,early_fusion,multitask,1.0,1783,0,0.4991014003753662,2295.076416015625,1827.2503662109375
A2,early_fusion,multitask,1.0,1792,1,0.5675204396247864,1005.033447265625,1619.35009765625
A2,early_fusion,multitask,1.0,1810,0,0.5591698288917542,1635.054443359375,1706.395751953125
A2,early_fusion,multitask,1.0,1816,1,0.4404849708080292,810.0269775390625,1969.7633056640625
A2,early_fusion,multitask,1.0,1818,0,0.46028804779052734,2655.08837890625,2025.226806640625
A2,early_fusion,multitask,1.0,1822,1,0.5372469425201416,825.0274658203125,1617.6353759765625
A2,early_fusion,multitask,1.0,1846,0,0.49155348539352417,2850.094970703125,1773.5618896484375
A2,early_fusion,multitask,1.0,1889,0,0.5474769473075867,2430.080810546875,1559.898193359375
A2,early_fusion,multitask,1.0,1892,0,0.555564820766449,2100.06982421875,1731.942138671875
A2,early_fusion,multitask,1.0,1915,0,0.5381532311439514,1350.044921875,1762.7156982421875
A2,early_fusion,multitask,1.0,1945,1,0.48114973306655884,615.0205078125,1861.01123046875
A2,early_fusion,multitask,1.0,1963,0,0.4053473472595215,1170.0389404296875,2065.525634765625
A2,early_fusion,multitask,1.0,1988,0,0.6088320016860962,1995.06640625,1549.6639404296875
A2,early_fusion,multitask,1.0,2000,0,0.48923537135124207,2340.077880859375,1994.9710693359375
A2,early_fusion,multitask,1.0,2027,0,0.5158690810203552,2040.06787109375,1744.8170166015625
A2,early_fusion,multitask,1.0,2038,1,0.49575963616371155,540.0180053710938,1967.2716064453125
A2,early_fusion,multitask,1.0,2041,0,0.5225310325622559,3045.101318359375,1753.3870849609375
A2,early_fusion,multitask,1.0,2045,0,0.4465835690498352,2205.073486328125,2050.683837890625
A2,early_fusion,multitask,1.0,2087,0,0.4251684844493866,2475.08251953125,2023.77197265625
A2,early_fusion,multitask,1.0,2113,0,0.471730500459671,1170.0389404296875,1994.794921875
A2,early_fusion,multitask,1.0,2146,0,0.5508614182472229,2010.06689453125,1541.2374267578125
A2,early_fusion,multitask,1.0,2160,0,0.44424062967300415,2460.08203125,1921.5599365234375
A2,early_fusion,multitask,1.0,2167,0,0.4812546372413635,1350.044921875,1971.12744140625
A2,early_fusion,multitask,1.0,2187,0,0.7026129961013794,2370.078857421875,862.0427856445312
A2,early_fusion,multitask,1.0,2192,0,0.5041423439979553,1470.0489501953125,1861.370361328125
A2,early_fusion,multitask,1.0,2201,0,0.5606443285942078,1305.04345703125,1490.239990234375
A2,early_fusion,multitask,1.0,2229,0,0.6269477009773254,1395.0465087890625,1469.142578125
A2,early_fusion,multitask,1.0,2284,0,0.5175641179084778,2130.071044921875,1721.8553466796875
A2,early_fusion,multitask,1.0,2299,0,0.5199792385101318,2085.0693359375,1874.923095703125
A2,early_fusion,multitask,1.0,2302,0,0.6028921008110046,2070.06884765625,1652.462646484375
A2,early_fusion,multitask,1.0,2321,0,0.5611389875411987,2355.078369140625,1771.5919189453125
A2,early_fusion,multitask,1.0,2333,0,0.5827763080596924,3075.102294921875,1644.460205078125
A2,early_fusion,multitask,1.0,2339,0,0.49827486276626587,1830.0609130859375,1929.1561279296875
A2,early_fusion,multitask,1.0,2355,0,0.5420090556144714,1200.0399169921875,1747.4608154296875
A2,early_fusion,multitask,1.0,2382,0,0.44527581334114075,1545.0513916015625,2054.00830078125
A2,early_fusion,multitask,1.0,2420,1,0.5738428235054016,855.0284423828125,1734.364013671875
A2,early_fusion,multitask,1.0,2434,0,0.5331281423568726,1515.0504150390625,1790.779052734375
A2,early_fusion,multitask,1.0,2459,1,0.5139212012290955,915.0304565429688,1871.174072265625
A2,early_fusion,multitask,1.0,2473,0,0.6302321553230286,1395.0465087890625,1562.297607421875
A2,early_fusion,multitask,1.0,2502,0,0.49527597427368164,3000.099853515625,1855.0557861328125
A2,early_fusion,multitask,1.0,2528,0,0.4401862323284149,2880.095947265625,1929.2249755859375
A2,early_fusion,multitask,1.0,2543,0,0.5483964085578918,1215.0404052734375,1743.27978515625
A2,early_fusion,multitask,1.0,2565,0,0.45466068387031555,2250.074951171875,1933.048828125
A2,early_fusion,multitask,1.0,2570,0,0.477283239364624,2970.098876953125,1839.248779296875
A2,early_fusion,multitask,1.0,2571,0,0.4111035466194153,2400.079833984375,2021.8994140625
A2,early_fusion,multitask,1.0,2591,0,0.6138548851013184,2355.078369140625,1619.9869384765625
A2,early_fusion,multitask,1.0,2593,0,0.5410847067832947,1335.04443359375,1592.6280517578125
A2,early_fusion,multitask,1.0,2604,0,0.4920114278793335,3060.101806640625,2005.1451416015625
A2,early_fusion,multitask,1.0,2621,0,0.44668957591056824,1395.0465087890625,2051.3583984375
A2,early_fusion,multitask,1.0,2629,0,0.5925797820091248,1350.044921875,1364.895751953125
A2,early_fusion,multitask,1.0,2692,0,0.4711889922618866,1590.052978515625,1989.5899658203125
A2,early_fusion,multitask,1.0,2698,0,0.694071888923645,2295.076416015625,1218.9873046875
A2,early_fusion,multitask,1.0,2758,0,0.5615190863609314,1740.0579833984375,1687.23291015625
A2,early_fusion,multitask,1.0,2787,0,0.49485284090042114,3045.101318359375,1865.6134033203125
A2,early_fusion,multitask,1.0,2788,0,0.589243471622467,1905.0634765625,1381.5997314453125
A2,early_fusion,multitask,1.0,2792,0,0.812603235244751,1905.0634765625,1103.4140625
A2,early_fusion,multitask,1.0,2958,1,0.552485466003418,585.0194702148438,1688.8909912109375
A2,early_fusion,multitask,1.0,3031,0,0.5220663547515869,1980.06591796875,1839.6131591796875
A2,early_fusion,multitask,1.0,3032,1,0.589460551738739,930.0309448242188,1432.411865234375
A2,early_fusion,multitask,1.0,3085,1,0.5225531458854675,855.0284423828125,1801.3992919921875
A2,early_fusion,multitask,1.0,3100,1,0.5207597017288208,540.0180053710938,1846.44189453125
A2,early_fusion,multitask,1.0,3109,0,0.5861157178878784,1905.0634765625,1370.8299560546875
A2,early_fusion,multitask,1.0,3133,0,0.6131710410118103,1815.0604248046875,1577.802734375
A2,early_fusion,multitask,1.0,3135,1,0.5193246603012085,870.0289916992188,1830.2275390625
A2,early_fusion,multitask,1.0,3174,1,0.7915164828300476,630.02099609375,1036.414794921875
A2,early_fusion,multitask,1.0,3187,1,0.5732243061065674,660.02197265625,1666.322509765625
A2,early_fusion,multitask,1.0,3308,1,0.4932863116264343,750.0249633789062,1856.7735595703125
A2,early_fusion,multitask,1.0,3329,1,0.7290653586387634,405.01348876953125,722.6995849609375
A2,early_fusion,multitask,1.0,3349,0,0.6879208087921143,2265.075439453125,1395.828857421875
A2,early_fusion,multitask,1.0,3365,1,0.5082306861877441,645.021484375,1771.0799560546875
A2,early_fusion,multitask,1.0,3370,0,0.729856014251709,1245.04150390625,709.60107421875
A2,early_fusion,multitask,1.0,3375,0,0.4824024438858032,2370.078857421875,1971.330322265625
A2,early_fusion,multitask,1.0,3386,0,0.45242810249328613,1650.054931640625,2021.4859619140625
A2,early_fusion,multitask,1.0,3388,1,0.5895171761512756,525.0174560546875,1425.7564697265625
A2,early_fusion,multitask,1.0,3457,1,0.7563536763191223,780.0260009765625,1163.40380859375
A2,early_fusion,multitask,1.0,3488,0,0.42088058590888977,2160.072021484375,2070.091064453125
A2,early_fusion,multitask,1.0,3497,0,0.6728532314300537,2160.072021484375,993.682373046875
A2,early_fusion,multitask,1.0,3612,1,0.5245123505592346,795.0264892578125,1864.36767578125
A2,early_fusion,multitask,1.0,3642,1,0.5009542107582092,810.0269775390625,1921.46142578125
A2,early_fusion,multitask,1.0,3671,0,0.6807764768600464,1710.056884765625,1262.746337890625
A2,early_fusion,multitask,1.0,3690,0,0.4540660083293915,2565.08544921875,1899.1298828125
A2,early_fusion,multitask,1.0,3727,0,0.6209166049957275,1695.056396484375,1601.296142578125
A2,early_fusion,multitask,1.0,3751,0,0.5508390665054321,1200.0399169921875,1546.54248046875
A2,early_fusion,multitask,1.0,3763,0,0.6529836654663086,1920.06396484375,1346.514892578125
A2,early_fusion,multitask,1.0,3770,0,0.5115222334861755,1935.064453125,1876.934814453125
A2,early_fusion,multitask,1.0,3814,0,0.41879358887672424,2190.072998046875,1981.827392578125
A2,early_fusion,multitask,1.0,3823,0,0.526610791683197,1440.0479736328125,1858.5989990234375
A2,early_fusion,multitask,1.0,3845,0,0.5748506188392639,1965.0654296875,1686.34375
A2,early_fusion,multitask,1.0,3847,0,0.4443941116333008,1410.0469970703125,1964.4818115234375
A2,early_fusion,multitask,1.0,3859,1,0.7512961030006409,465.0154724121094,936.9800415039062
A2,early_fusion,multitask,1.0,3865,1,0.5104248523712158,570.0189819335938,1897.708984375
A2,early_fusion,multitask,1.0,3996,0,0.6131103038787842,1095.0364990234375,1281.1746826171875
A2,early_fusion,multitask,1.0,3997,1,0.6251569390296936,615.0205078125,1238.9866943359375
A2,early_fusion,multitask,1.0,4008,1,0.8168298602104187,330.010986328125,548.8544921875
A2,early_fusion,multitask,1.0,4029,1,0.44049134850502014,660.02197265625,1931.12841796875
A2,early_fusion,multitask,1.0,4054,0,0.7559691071510315,1395.0465087890625,1167.941162109375
A2,early_fusion,multitask,1.0,4083,1,0.7811146378517151,420.01397705078125,1046.162841796875
A2,early_fusion,multitask,1.0,4126,0,0.6083422899246216,1155.0384521484375,1342.0675048828125
A2,early_fusion,multitask,1.0,4135,1,0.7802121639251709,465.0154724121094,1198.6219482421875
A2,early_fusion,multitask,1.0,4161,1,0.7235009670257568,375.0124816894531,746.6329345703125
A2,early_fusion,multitask,1.0,4169,0,0.5059781074523926,2280.075927734375,1903.8515625
A2,early_fusion,multitask,1.0,4172,0,0.4583410918712616,1320.0439453125,2013.9039306640625
A2,early_fusion,multitask,1.0,4178,0,0.48239871859550476,1650.054931640625,1919.4306640625
A2,early_fusion,multitask,1.0,4240,0,0.5040509700775146,1725.0574951171875,1925.8934326171875
A2,early_fusion,multitask,1.0,4284,1,0.7476715445518494,360.0119934082031,1206.62353515625
A2,early_fusion,multitask,1.0,4286,1,0.4465842843055725,870.0289916992188,1954.63818359375
A2,early_fusion,multitask,1.0,4290,0,0.5886151194572449,1425.0474853515625,1601.2197265625
A2,early_fusion,multitask,1.0,4297,0,0.5880427360534668,1530.0509033203125,1611.2550048828125
A2,early_fusion,multitask,1.0,4310,0,0.49009189009666443,1980.06591796875,1998.200927734375
A2,early_fusion,multitask,1.0,4357,1,0.49294519424438477,915.0304565429688,1993.170166015625
A2,early_fusion,multitask,1.0,4434,1,0.5912200808525085,1035.034423828125,1581.017578125
A2,early_fusion,multitask,1.0,4655,0,0.8366384506225586,1305.04345703125,983.3419799804688
A2,early_fusion,multitask,1.0,4659,1,0.4897443652153015,285.0094909667969,1948.0218505859375
A2,dual_branch,single_task,,15,1,0.48240140080451965,315.010498046875,
A2,dual_branch,single_task,,31,0,0.4810776114463806,1860.0618896484375,
A2,dual_branch,single_task,,38,0,0.45767951011657715,1635.054443359375,
A2,dual_branch,single_task,,43,1,0.534735918045044,105.00349426269531,
A2,dual_branch,single_task,,46,0,0.47954413294792175,1620.053955078125,
A2,dual_branch,single_task,,54,0,0.4510979652404785,1965.0654296875,
A2,dual_branch,single_task,,57,0,0.5400482416152954,1500.0499267578125,
A2,dual_branch,single_task,,92,0,0.45817604660987854,3555.118408203125,
A2,dual_branch,single_task,,97,1,0.534376323223114,900.0299682617188,
A2,dual_branch,single_task,,102,0,0.5459032654762268,3150.10498046875,
A2,dual_branch,single_task,,108,0,0.4821036756038666,1950.06494140625,
A2,dual_branch,single_task,,117,0,0.4603278636932373,2985.099365234375,
A2,dual_branch,single_task,,122,0,0.4797994792461395,1950.06494140625,
A2,dual_branch,single_task,,134,1,0.4822561740875244,585.0194702148438,
A2,dual_branch,single_task,,146,0,0.4082297086715698,1125.0374755859375,
A2,dual_branch,single_task,,172,0,0.4561059772968292,1710.056884765625,
A2,dual_branch,single_task,,181,0,0.4832310080528259,3525.117431640625,
A2,dual_branch,single_task,,192,0,0.4821268618106842,3360.11181640625,
A2,dual_branch,single_task,,197,0,0.4561973512172699,2115.0703125,
A2,dual_branch,single_task,,201,0,0.4558044672012329,1215.0404052734375,
A2,dual_branch,single_task,,204,0,0.48254719376564026,2040.06787109375,
A2,dual_branch,single_task,,207,0,0.44477978348731995,1815.0604248046875,
A2,dual_branch,single_task,,224,0,0.4601495862007141,1485.0494384765625,
A2,dual_branch,single_task,,226,0,0.4807080924510956,2760.091796875,
A2,dual_branch,single_task,,232,0,0.4861651062965393,1665.055419921875,
A2,dual_branch,single_task,,242,0,0.6006245613098145,3555.118408203125,
A2,dual_branch,single_task,,260,0,0.48225656151771545,1890.06298828125,
A2,dual_branch,single_task,,261,0,0.5200692415237427,1320.0439453125,
A2,dual_branch,single_task,,272,1,0.6026414632797241,435.0144958496094,
A2,dual_branch,single_task,,283,0,0.41790980100631714,1650.054931640625,
A2,dual_branch,single_task,,285,0,0.4810287356376648,1545.0513916015625,
A2,dual_branch,single_task,,286,1,0.5571783781051636,630.02099609375,
A2,dual_branch,single_task,,287,0,0.5180882215499878,3660.121826171875,
A2,dual_branch,single_task,,289,0,0.4451778829097748,1590.052978515625,
A2,dual_branch,single_task,,308,0,0.4590360224246979,1830.0609130859375,
A2,dual_branch,single_task,,312,0,0.580388069152832,1665.055419921875,
A2,dual_branch,single_task,,331,0,0.45908284187316895,3330.11083984375,
A2,dual_branch,single_task,,334,0,0.4847016930580139,2235.074462890625,
A2,dual_branch,single_task,,362,0,0.6504419445991516,1500.0499267578125,
A2,dual_branch,single_task,,368,0,0.48772940039634705,3375.1123046875,
A2,dual_branch,single_task,,370,0,0.46525028347969055,1950.06494140625,
A2,dual_branch,single_task,,380,0,0.49037662148475647,3555.118408203125,
A2,dual_branch,single_task,,384,0,0.45862820744514465,3075.102294921875,
A2,dual_branch,single_task,,395,0,0.48368439078330994,2415.080322265625,
A2,dual_branch,single_task,,396,0,0.4573603868484497,2460.08203125,
A2,dual_branch,single_task,,404,0,0.4608619213104248,2835.094482421875,
A2,dual_branch,single_task,,416,1,0.48769915103912354,540.0180053710938,
A2,dual_branch,single_task,,422,1,0.4584694504737854,735.0244750976562,
A2,dual_branch,single_task,,428,0,0.49189653992652893,1740.0579833984375,
A2,dual_branch,single_task,,430,0,0.45643872022628784,2715.09033203125,
A2,dual_branch,single_task,,437,0,0.4447021186351776,3000.099853515625,
A2,dual_branch,single_task,,441,0,0.48235535621643066,1620.053955078125,
A2,dual_branch,single_task,,453,0,0.4848249554634094,2025.0673828125,
A2,dual_branch,single_task,,460,0,0.4652986526489258,2865.095458984375,
A2,dual_branch,single_task,,461,0,0.45863938331604004,2685.08935546875,
A2,dual_branch,single_task,,478,0,0.5291731357574463,3090.102783203125,
A2,dual_branch,single_task,,498,0,0.4725416600704193,1215.0404052734375,
A2,dual_branch,single_task,,509,0,0.4445384740829468,3255.1083984375,
A2,dual_branch,single_task,,514,0,0.4981191158294678,3045.101318359375,
A2,dual_branch,single_task,,518,0,0.4796081781387329,1380.0458984375,
A2,dual_branch,single_task,,522,0,0.48131075501441956,2235.074462890625,
A2,dual_branch,single_task,,530,0,0.5270061492919922,3150.10498046875,
A2,dual_branch,single_task,,544,0,0.45807942748069763,1140.0379638671875,
A2,dual_branch,single_task,,546,0,0.5002920031547546,1665.055419921875,
A2,dual_branch,single_task,,561,0,0.4447903037071228,2925.097412109375,
A2,dual_branch,single_task,,575,0,0.4642708897590637,3540.117919921875,
A2,dual_branch,single_task,,578,0,0.46585777401924133,2625.08740234375,
A2,dual_branch,single_task,,580,1,0.5005443096160889,240.00799560546875,
A2,dual_branch,single_task,,599,0,0.4827011227607727,1605.053466796875,
A2,dual_branch,single_task,,604,0,0.5078576803207397,2535.08447265625,
A2,dual_branch,single_task,,612,0,0.48151662945747375,1740.0579833984375,
A2,dual_branch,single_task,,615,0,0.42612066864967346,1770.0589599609375,
A2,dual_branch,single_task,,617,0,0.4913071095943451,1755.0584716796875,
A2,dual_branch,single_task,,629,0,0.48042193055152893,1815.0604248046875,
A2,dual_branch,single_task,,635,0,0.48070135712623596,3045.101318359375,
A2,dual_branch,single_task,,637,0,0.44867953658103943,2970.098876953125,
A2,dual_branch,single_task,,647,0,0.4443516731262207,2640.087890625,
A2,dual_branch,single_task,,653,0,0.41688215732574463,3600.119873046875,
A2,dual_branch,single_task,,658,0,0.48876577615737915,2070.06884765625,
A2,dual_branch,single_task,,691,0,0.48053285479545593,1530.0509033203125,
A2,dual_branch,single_task,,692,0,0.46070292592048645,2655.08837890625,
A2,dual_branch,single_task,,700,0,0.5328444242477417,1380.0458984375,
A2,dual_branch,single_task,,712,1,0.48233669996261597,960.031982421875,
A2,dual_branch,single_task,,714,0,0.489935964345932,1710.056884765625,
A2,dual_branch,single_task,,740,0,0.45716363191604614,1395.0465087890625,
A2,dual_branch,single_task,,741,0,0.48394033312797546,2865.095458984375,
A2,dual_branch,single_task,,744,0,0.4866178631782532,3120.10400390625,
A2,dual_branch,single_task,,745,0,0.46966391801834106,2475.08251953125,
A2,dual_branch,single_task,,752,0,0.5019468069076538,1980.06591796875,
A2,dual_branch,single_task,,753,0,0.5079463124275208,1515.0504150390625,
A2,dual_branch,single_task,,762,0,0.4112975001335144,1830.0609130859375,
A2,dual_branch,single_task,,770,0,0.4842739999294281,1485.0494384765625,
A2,dual_branch,single_task,,778,0,0.48078423738479614,3270.10888671875,
A2,dual_branch,single_task,,786,0,0.4588065445423126,2640.087890625,
A2,dual_branch,single_task,,794,0,0.412836492061615,3150.10498046875,
A2,dual_branch,single_task,,807,0,0.4600028395652771,1530.0509033203125,
A2,dual_branch,single_task,,811,0,0.4665086269378662,2925.097412109375,
A2,dual_branch,single_task,,814,0,0.4911467730998993,2190.072998046875,
A2,dual_branch,single_task,,818,0,0.4206741750240326,2535.08447265625,
A2,dual_branch,single_task,,820,0,0.5554388761520386,2745.09130859375,
A2,dual_branch,single_task,,828,0,0.4849480390548706,1650.054931640625,
A2,dual_branch,single_task,,854,0,0.4600345194339752,1455.0484619140625,
A2,dual_branch,single_task,,868,0,0.4658586084842682,2565.08544921875,
A2,dual_branch,single_task,,875,0,0.4462549686431885,1335.04443359375,
A2,dual_branch,single_task,,885,0,0.4457375705242157,1380.0458984375,
A2,dual_branch,single_task,,904,0,0.4508418142795563,1755.0584716796875,
A2,dual_branch,single_task,,909,0,0.4849242866039276,3540.117919921875,
A2,dual_branch,single_task,,912,0,0.48424622416496277,2820.093994140625,
A2,dual_branch,single_task,,980,0,0.488800972700119,2010.06689453125,
A2,dual_branch,single_task,,993,0,0.4577651023864746,2505.08349609375,
A2,dual_branch,single_task,,997,0,0.5207858085632324,2955.098388671875,
A2,dual_branch,single_task,,1027,0,0.4820138216018677,1545.0513916015625,
A2,dual_branch,single_task,,1032,0,0.4708453416824341,2970.098876953125,
A2,dual_branch,single_task,,1055,0,0.47969868779182434,2175.072509765625,
A2,dual_branch,single_task,,1073,0,0.4721606969833374,2640.087890625,
A2,dual_branch,single_task,,1077,0,0.4514968693256378,3450.114990234375,
A2,dual_branch,single_task,,1079,1,0.48487111926078796,1050.034912109375,
A2,dual_branch,single_task,,1089,0,0.5218456387519836,2370.078857421875,
A2,dual_branch,single_task,,1097,0,0.48735591769218445,1515.0504150390625,
A2,dual_branch,single_task,,1109,0,0.4889930784702301,3135.1044921875,
A2,dual_branch,single_task,,1127,0,0.4868665337562561,2085.0693359375,
A2,dual_branch,single_task,,1144,0,0.4389587938785553,3135.1044921875,
A2,dual_branch,single_task,,1148,0,0.4990888833999634,2400.079833984375,
A2,dual_branch,single_task,,1165,0,0.4575991630554199,2580.0859375,
A2,dual_branch,single_task,,1168,0,0.6122245788574219,1620.053955078125,
A2,dual_branch,single_task,,1175,1,0.5615701675415039,870.0289916992188,
A2,dual_branch,single_task,,1191,0,0.4986341595649719,1290.04296875,
A2,dual_branch,single_task,,1200,1,0.48289328813552856,510.0169677734375,
A2,dual_branch,single_task,,1203,0,0.49764955043792725,2640.087890625,
A2,dual_branch,single_task,,1204,0,0.46729838848114014,2730.0908203125,
A2,dual_branch,single_task,,1216,0,0.48058074712753296,2430.080810546875,
A2,dual_branch,single_task,,1231,1,0.5498627424240112,315.010498046875,
A2,dual_branch,single_task,,1243,1,0.48288196325302124,915.0304565429688,
A2,dual_branch,single_task,,1249,0,0.45866748690605164,2580.0859375,
A2,dual_branch,single_task,,1271,0,0.6374799609184265,2520.083984375,
A2,dual_branch,single_task,,1284,1,0.5490494966506958,375.0124816894531,
A2,dual_branch,single_task,,1288,0,0.44787102937698364,3120.10400390625,
A2,dual_branch,single_task,,1298,0,0.4842575788497925,3240.10791015625,
A2,dual_branch,single_task,,1299,0,0.5084161758422852,1455.0484619140625,
A2,dual_branch,single_task,,1396,0,0.4811418354511261,1905.0634765625,
A2,dual_branch,single_task,,1414,1,0.5193485617637634,150.00498962402344,
A2,dual_branch,single_task,,1424,0,0.4584873914718628,1290.04296875,
A2,dual_branch,single_task,,1472,0,0.48234596848487854,1215.0404052734375,
A2,dual_branch,single_task,,1475,0,0.5294693112373352,3045.101318359375,
A2,dual_branch,single_task,,1498,0,0.5841925740242004,2520.083984375,
A2,dual_branch,single_task,,1508,1,0.506935715675354,300.0099792480469,
A2,dual_branch,single_task,,1510,0,0.5123417973518372,1260.0419921875,
A2,dual_branch,single_task,,1515,0,0.5119606852531433,1470.0489501953125,
A2,dual_branch,single_task,,1518,0,0.5272940397262573,1980.06591796875,
A2,dual_branch,single_task,,1591,1,0.5813773274421692,630.02099609375,
A2,dual_branch,single_task,,1599,0,0.5941091775894165,1890.06298828125,
A2,dual_branch,single_task,,1602,0,0.5531256198883057,2220.073974609375,
A2,dual_branch,single_task,,1604,0,0.4829201400279999,2160.072021484375,
A2,dual_branch,single_task,,1645,0,0.47819966077804565,2280.075927734375,
A2,dual_branch,single_task,,1662,0,0.6942108869552612,1530.0509033203125,
A2,dual_branch,single_task,,1696,1,0.445460706949234,840.0279541015625,
A2,dual_branch,single_task,,1705,0,0.5836260914802551,1275.04248046875,
A2,dual_branch,single_task,,1719,0,0.5461992025375366,3030.100830078125,
A2,dual_branch,single_task,,1726,0,0.47919541597366333,2640.087890625,
A2,dual_branch,single_task,,1748,0,0.40422117710113525,1380.0458984375,
A2,dual_branch,single_task,,1775,0,0.4898121953010559,1680.055908203125,
A2,dual_branch,single_task,,1783,0,0.4880172312259674,2295.076416015625,
A2,dual_branch,single_task,,1792,1,0.4241008162498474,1005.033447265625,
A2,dual_branch,single_task,,1810,0,0.5339159965515137,1635.054443359375,
A2,dual_branch,single_task,,1816,1,0.4806767404079437,810.0269775390625,
A2,dual_branch,single_task,,1818,0,0.4763409495353699,2655.08837890625,
A2,dual_branch,single_task,,1822,1,0.5311799049377441,825.0274658203125,
A2,dual_branch,single_task,,1846,0,0.4825296401977539,2850.094970703125,
A2,dual_branch,single_task,,1889,0,0.5411301851272583,2430.080810546875,
A2,dual_branch,single_task,,1892,0,0.5604165196418762,2100.06982421875,
A2,dual_branch,single_task,,1915,0,0.5172739624977112,1350.044921875,
A2,dual_branch,single_task,,1945,1,0.4844927489757538,615.0205078125,
A2,dual_branch,single_task,,1963,0,0.406687468290329,1170.0389404296875,
A2,dual_branch,single_task,,1988,0,0.6532365679740906,1995.06640625,
A2,dual_branch,single_task,,2000,0,0.4609752297401428,2340.077880859375,
A2,dual_branch,single_task,,2027,0,0.5038560628890991,2040.06787109375,
A2,dual_branch,single_task,,2038,1,0.466782808303833,540.0180053710938,
A2,dual_branch,single_task,,2041,0,0.49046510457992554,3045.101318359375,
A2,dual_branch,single_task,,2045,0,0.44522836804389954,2205.073486328125,
A2,dual_branch,single_task,,2087,0,0.4403914511203766,2475.08251953125,
A2,dual_branch,single_task,,2113,0,0.5367972254753113,1170.0389404296875,
A2,dual_branch,single_task,,2146,0,0.5487858057022095,2010.06689453125,
A2,dual_branch,single_task,,2160,0,0.4852800965309143,2460.08203125,
A2,dual_branch,single_task,,2167,0,0.46202173829078674,1350.044921875,
A2,dual_branch,single_task,,2187,0,0.6327608823776245,2370.078857421875,
A2,dual_branch,single_task,,2192,0,0.5770149827003479,1470.0489501953125,
A2,dual_branch,single_task,,2201,0,0.5088017582893372,1305.04345703125,
A2,dual_branch,single_task,,2229,0,0.6116636395454407,1395.0465087890625,
A2,dual_branch,single_task,,2284,0,0.4935796856880188,2130.071044921875,
A2,dual_branch,single_task,,2299,0,0.49215206503868103,2085.0693359375,
A2,dual_branch,single_task,,2302,0,0.5969303846359253,2070.06884765625,
A2,dual_branch,single_task,,2321,0,0.52726811170578,2355.078369140625,
A2,dual_branch,single_task,,2333,0,0.6330263614654541,3075.102294921875,
A2,dual_branch,single_task,,2339,0,0.4748755395412445,1830.0609130859375,
A2,dual_branch,single_task,,2355,0,0.48460692167282104,1200.0399169921875,
A2,dual_branch,single_task,,2382,0,0.460565447807312,1545.0513916015625,
A2,dual_branch,single_task,,2420,1,0.5553821325302124,855.0284423828125,
A2,dual_branch,single_task,,2434,0,0.5146780014038086,1515.0504150390625,
A2,dual_branch,single_task,,2459,1,0.492497056722641,915.0304565429688,
A2,dual_branch,single_task,,2473,0,0.49261415004730225,1395.0465087890625,
A2,dual_branch,single_task,,2502,0,0.4846581220626831,3000.099853515625,
A2,dual_branch,single_task,,2528,0,0.4844059944152832,2880.095947265625,
A2,dual_branch,single_task,,2543,0,0.523435115814209,1215.0404052734375,
A2,dual_branch,single_task,,2565,0,0.48242002725601196,2250.074951171875,
A2,dual_branch,single_task,,2570,0,0.48588961362838745,2970.098876953125,
A2,dual_branch,single_task,,2571,0,0.41094771027565,2400.079833984375,
A2,dual_branch,single_task,,2591,0,0.6085171103477478,2355.078369140625,
A2,dual_branch,single_task,,2593,0,0.5056439638137817,1335.04443359375,
A2,dual_branch,single_task,,2604,0,0.460117369890213,3060.101806640625,
A2,dual_branch,single_task,,2621,0,0.4490831792354584,1395.0465087890625,
A2,dual_branch,single_task,,2629,0,0.5442604422569275,1350.044921875,
A2,dual_branch,single_task,,2692,0,0.5409826636314392,1590.052978515625,
A2,dual_branch,single_task,,2698,0,0.6817162036895752,2295.076416015625,
A2,dual_branch,single_task,,2758,0,0.4860345423221588,1740.0579833984375,
A2,dual_branch,single_task,,2787,0,0.48161372542381287,3045.101318359375,
A2,dual_branch,single_task,,2788,0,0.5461696982383728,1905.0634765625,
A2,dual_branch,single_task,,2792,0,0.4967293441295624,1905.0634765625,
A2,dual_branch,single_task,,2958,1,0.4988744556903839,585.0194702148438,
A2,dual_branch,single_task,,3031,0,0.501379132270813,1980.06591796875,
A2,dual_branch,single_task,,3032,1,0.5811060667037964,930.0309448242188,
A2,dual_branch,single_task,,3085,1,0.5942553877830505,855.0284423828125,
A2,dual_branch,single_task,,3100,1,0.4946586787700653,540.0180053710938,
A2,dual_branch,single_task,,3109,0,0.5534621477127075,1905.0634765625,
A2,dual_branch,single_task,,3133,0,0.6671213507652283,1815.0604248046875,
A2,dual_branch,single_task,,3135,1,0.5047844648361206,870.0289916992188,
A2,dual_branch,single_task,,3174,1,0.8094619512557983,630.02099609375,
A2,dual_branch,single_task,,3187,1,0.5470907092094421,660.02197265625,
A2,dual_branch,single_task,,3308,1,0.5614669919013977,750.0249633789062,
A2,dual_branch,single_task,,3329,1,0.6699276566505432,405.01348876953125,
A2,dual_branch,single_task,,3349,0,0.7052377462387085,2265.075439453125,
A2,dual_branch,single_task,,3365,1,0.4870905876159668,645.021484375,
A2,dual_branch,single_task,,3370,0,0.6977651119232178,1245.04150390625,
A2,dual_branch,single_task,,3375,0,0.49122098088264465,2370.078857421875,
A2,dual_branch,single_task,,3386,0,0.527445375919342,1650.054931640625,
A2,dual_branch,single_task,,3388,1,0.5766882300376892,525.0174560546875,
A2,dual_branch,single_task,,3457,1,0.8045154809951782,780.0260009765625,
A2,dual_branch,single_task,,3488,0,0.44835925102233887,2160.072021484375,
A2,dual_branch,single_task,,3497,0,0.6052106618881226,2160.072021484375,
A2,dual_branch,single_task,,3612,1,0.566702127456665,795.0264892578125,
A2,dual_branch,single_task,,3642,1,0.5096213221549988,810.0269775390625,
A2,dual_branch,single_task,,3671,0,0.6663665175437927,1710.056884765625,
A2,dual_branch,single_task,,3690,0,0.4861295521259308,2565.08544921875,
A2,dual_branch,single_task,,3727,0,0.6042494773864746,1695.056396484375,
A2,dual_branch,single_task,,3751,0,0.5436221957206726,1200.0399169921875,
A2,dual_branch,single_task,,3763,0,0.6199367046356201,1920.06396484375,
A2,dual_branch,single_task,,3770,0,0.4871588349342346,1935.064453125,
A2,dual_branch,single_task,,3814,0,0.4830089807510376,2190.072998046875,
A2,dual_branch,single_task,,3823,0,0.5184366703033447,1440.0479736328125,
A2,dual_branch,single_task,,3845,0,0.4840455949306488,1965.0654296875,
A2,dual_branch,single_task,,3847,0,0.45501840114593506,1410.0469970703125,
A2,dual_branch,single_task,,3859,1,0.7023313641548157,465.0154724121094,
A2,dual_branch,single_task,,3865,1,0.4831456243991852,570.0189819335938,
A2,dual_branch,single_task,,3996,0,0.5729685425758362,1095.0364990234375,
A2,dual_branch,single_task,,3997,1,0.5827606916427612,615.0205078125,
A2,dual_branch,single_task,,4008,1,0.7834317684173584,330.010986328125,
A2,dual_branch,single_task,,4029,1,0.4850176274776459,660.02197265625,
A2,dual_branch,single_task,,4054,0,0.7860803008079529,1395.0465087890625,
A2,dual_branch,single_task,,4083,1,0.7860658168792725,420.01397705078125,
A2,dual_branch,single_task,,4126,0,0.5915417671203613,1155.0384521484375,
A2,dual_branch,single_task,,4135,1,0.49730291962623596,465.0154724121094,
A2,dual_branch,single_task,,4161,1,0.6601628065109253,375.0124816894531,
A2,dual_branch,single_task,,4169,0,0.48181161284446716,2280.075927734375,
A2,dual_branch,single_task,,4172,0,0.531464159488678,1320.0439453125,
A2,dual_branch,single_task,,4178,0,0.5680537819862366,1650.054931640625,
A2,dual_branch,single_task,,4240,0,0.47860491275787354,1725.0574951171875,
A2,dual_branch,single_task,,4284,1,0.7782800793647766,360.0119934082031,
A2,dual_branch,single_task,,4286,1,0.490368127822876,870.0289916992188,
A2,dual_branch,single_task,,4290,0,0.5709636807441711,1425.0474853515625,
A2,dual_branch,single_task,,4297,0,0.4915284812450409,1530.0509033203125,
A2,dual_branch,single_task,,4310,0,0.46333202719688416,1980.06591796875,
A2,dual_branch,single_task,,4357,1,0.46612638235092163,915.0304565429688,
A2,dual_branch,single_task,,4434,1,0.6283025741577148,1035.034423828125,
A2,dual_branch,single_task,,4655,0,0.5031894445419312,1305.04345703125,
A2,dual_branch,single_task,,4659,1,0.554713249206543,285.0094909667969,
A3,dual_branch,multitask,0.3,27,0,0.6716597676277161,2145.08203125,1984.7152099609375
A3,dual_branch,multitask,0.3,28,1,0.6772575378417969,915.0349731445312,1996.4049072265625
A3,dual_branch,multitask,0.3,60,1,0.6538090705871582,855.03271484375,1434.6640625
A3,dual_branch,multitask,0.3,67,0,0.830780565738678,2550.097412109375,953.900634765625
A3,dual_branch,multitask,0.3,69,0,0.8230903744697571,1725.06591796875,983.0820922851562
A3,dual_branch,multitask,0.3,73,0,0.6252909302711487,1635.0625,1512.55322265625
A3,dual_branch,multitask,0.3,74,0,0.8110569715499878,1845.070556640625,1027.4306640625
A3,dual_branch,multitask,0.3,96,1,0.5469667315483093,450.0172119140625,1680.0877685546875
A3,dual_branch,multitask,0.3,106,1,0.8090168833732605,360.0137634277344,1035.211669921875
A3,dual_branch,multitask,0.3,113,0,0.8413164615631104,1140.0435791015625,911.6334838867188
A3,dual_branch,multitask,0.3,123,0,0.6772854328155518,2310.08837890625,1995.6552734375
A3,dual_branch,multitask,0.3,139,0,0.8251221776008606,1155.044189453125,975.5748291015625
A3,dual_branch,multitask,0.3,143,0,0.5338336825370789,1320.050537109375,1714.576904296875
A3,dual_branch,multitask,0.3,144,1,0.6782556772232056,510.0195007324219,1991.73291015625
A3,dual_branch,multitask,0.3,153,0,0.5011897683143616,1335.051025390625,1793.8629150390625
A3,dual_branch,multitask,0.3,160,1,0.5579403042793274,390.0149230957031,1664.548095703125
A3,dual_branch,multitask,0.3,174,0,0.5356999635696411,3060.116943359375,1722.6256103515625
A3,dual_branch,multitask,0.3,215,0,0.5328323841094971,1785.0682373046875,1712.578857421875
A3,dual_branch,multitask,0.3,219,0,0.6437423825263977,2355.090087890625,1467.512451171875
A3,dual_branch,multitask,0.3,221,0,0.6728079319000244,2250.0859375,1984.7960205078125
A3,dual_branch,multitask,0.3,230,0,0.8217387199401855,2625.100341796875,988.4816284179688
A3,dual_branch,multitask,0.3,267,0,0.5512213110923767,1980.07568359375,1675.24609375
A3,dual_branch,multitask,0.3,278,0,0.5393544435501099,2010.076904296875,1726.0072021484375
A3,dual_branch,multitask,0.3,283,1,0.5326707363128662,795.0303955078125,1710.875732421875
A3,dual_branch,multitask,0.3,326,0,0.5502923727035522,1680.064208984375,1676.119873046875
A3,dual_branch,multitask,0.3,327,0,0.6854748129844666,1845.070556640625,2001.1165771484375
A3,dual_branch,multitask,0.3,328,0,0.808348536491394,1665.063720703125,1037.131591796875
A3,dual_branch,multitask,0.3,347,0,0.5520018339157104,2850.10888671875,1674.0946044921875
A3,dual_branch,multitask,0.3,356,0,0.5460464954376221,2070.0791015625,1682.099853515625
A3,dual_branch,multitask,0.3,360,0,0.669807493686676,1620.06201171875,1378.1036376953125
A3,dual_branch,multitask,0.3,361,0,0.54167240858078,1680.064208984375,1734.1142578125
A3,dual_branch,multitask,0.3,363,0,0.8262369632720947,1635.0625,971.6287841796875
A3,dual_branch,multitask,0.3,375,0,0.5475679039955139,3480.133056640625,1679.2479248046875
A3,dual_branch,multitask,0.3,383,0,0.5377861261367798,1725.06591796875,1694.059326171875
A3,dual_branch,multitask,0.3,384,1,0.8487595319747925,900.034423828125,880.5776977539062
A3,dual_branch,multitask,0.3,401,0,0.5337375402450562,2445.093505859375,1711.2879638671875
A3,dual_branch,multitask,0.3,418,0,0.5448573231697083,1920.073486328125,1683.18896484375
A3,dual_branch,multitask,0.3,432,0,0.5472787022590637,1530.0584716796875,1680.024169921875
A3,dual_branch,multitask,0.3,467,0,0.7865639925003052,3420.130859375,1111.1202392578125
A3,dual_branch,multitask,0.3,503,0,0.5445720553398132,1335.051025390625,1683.2327880859375
A3,dual_branch,multitask,0.3,504,0,0.7250954508781433,2445.093505859375,1244.1148681640625
A3,dual_branch,multitask,0.3,509,0,0.5363698601722717,2670.10205078125,1723.5372314453125
A3,dual_branch,multitask,0.3,514,0,0.6724339127540588,3000.11474609375,1983.455078125
A3,dual_branch,multitask,0.3,536,0,0.6765161752700806,2070.0791015625,1990.0101318359375
A3,dual_branch,multitask,0.3,538,1,0.7316497564315796,990.037841796875,1220.426025390625
A3,dual_branch,multitask,0.3,541,0,0.7179288268089294,1110.04248046875,1266.7080078125
A3,dual_branch,multitask,0.3,544,0,0.7153644561767578,2925.11181640625,1275.098388671875
A3,dual_branch,multitask,0.3,549,0,0.6895160675048828,1830.0699462890625,2013.8564453125
A3,dual_branch,multitask,0.3,551,0,0.7041413187980652,1410.053955078125,1298.2255859375
A3,dual_branch,multitask,0.3,573,0,0.707798957824707,3165.12109375,1297.298095703125
A3,dual_branch,multitask,0.3,581,0,0.5495326519012451,3150.120361328125,1675.156494140625
A3,dual_branch,multitask,0.3,590,0,0.6798145174980164,2925.11181640625,1989.6094970703125
A3,dual_branch,multitask,0.3,593,0,0.8295110464096069,2460.093994140625,958.8724975585938
A3,dual_branch,multitask,0.3,601,0,0.5304163694381714,1455.0556640625,1700.4716796875
A3,dual_branch,multitask,0.3,628,0,0.6790069937705994,1365.05224609375,1996.925048828125
A3,dual_branch,multitask,0.3,645,0,0.657728910446167,1545.05908203125,1431.3900146484375
A3,dual_branch,multitask,0.3,659,0,0.5431361794471741,2610.099853515625,1684.348388671875
A3,dual_branch,multitask,0.3,662,0,0.8499481081962585,1425.0545654296875,876.8193969726562
A3,dual_branch,multitask,0.3,667,1,0.6513989567756653,660.0252685546875,1963.677490234375
A3,dual_branch,multitask,0.3,680,0,0.5491147041320801,3630.138916015625,1733.7044677734375
A3,dual_branch,multitask,0.3,694,0,0.6808834075927734,3075.11767578125,1998.8662109375
A3,dual_branch,multitask,0.3,708,1,0.5437536239624023,1065.040771484375,1727.4161376953125
A3,dual_branch,multitask,0.3,714,1,0.6841073036193848,1005.0384521484375,2002.6014404296875
A3,dual_branch,multitask,0.3,717,0,0.6213445067405701,1605.0614013671875,1502.859619140625
A3,dual_branch,multitask,0.3,726,0,0.7098838686943054,1560.0596923828125,1288.0233154296875
A3,dual_branch,multitask,0.3,740,0,0.5502893328666687,2115.080810546875,1740.2994384765625
A3,dual_branch,multitask,0.3,744,0,0.5580359697341919,3435.13134765625,1665.0556640625
A3,dual_branch,multitask,0.3,756,0,0.8111699223518372,1815.0694580078125,1027.424072265625
A3,dual_branch,multitask,0.3,798,0,0.6670457124710083,2490.09521484375,1982.7066650390625
A3,dual_branch,multitask,0.3,804,0,0.2980692982673645,2820.10791015625,2120.060302734375
A3,dual_branch,multitask,0.3,825,0,0.845343828201294,1755.067138671875,895.931396484375
A3,dual_branch,multitask,0.3,836,0,0.5431645512580872,3390.129638671875,1684.80712890625
A3,dual_branch,multitask,0.3,838,0,0.5888315439224243,2865.109619140625,1592.063720703125
A3,dual_branch,multitask,0.3,854,0,0.8389647603034973,2790.106689453125,921.7106323242188
A3,dual_branch,multitask,0.3,856,0,0.5457696914672852,2700.103271484375,1682.616943359375
A3,dual_branch,multitask,0.3,861,1,0.68198162317276,375.01434326171875,1364.55517578125
A3,dual_branch,multitask,0.3,870,0,0.5378217697143555,2895.11083984375,1692.0599365234375
A3,dual_branch,multitask,0.3,874,0,0.5355198383331299,3180.12158203125,1722.091064453125
A3,dual_branch,multitask,0.3,880,1,0.6825440526008606,690.0263671875,1998.829833984375
A3,dual_branch,multitask,0.3,881,0,0.5604916214942932,1485.0567626953125,1659.20556640625
A3,dual_branch,multitask,0.3,885,0,0.5228796005249023,2460.093994140625,1735.2198486328125
A3,dual_branch,multitask,0.3,891,0,0.6798038482666016,2310.08837890625,1370.103759765625
A3,dual_branch,multitask,0.3,893,0,0.5532932281494141,1350.0516357421875,1741.77490234375
A3,dual_branch,multitask,0.3,896,0,0.5534666180610657,2595.099365234375,1741.445556640625
A3,dual_branch,multitask,0.3,906,0,0.11778020858764648,3300.126220703125,3311.73095703125
A3,dual_branch,multitask,0.3,907,0,0.5365724563598633,1455.0556640625,1718.3333740234375
A3,dual_branch,multitask,0.3,915,0,0.49530860781669617,3465.132568359375,1814.5028076171875
A3,dual_branch,multitask,0.3,922,0,0.5460569262504578,1590.060791015625,1681.3350830078125
A3,dual_branch,multitask,0.3,932,0,0.8094696998596191,2595.099365234375,1033.0968017578125
A3,dual_branch,multitask,0.3,968,0,0.8247934579849243,2040.0780029296875,976.9335327148438
A3,dual_branch,multitask,0.3,973,1,0.8146724700927734,660.0252685546875,1014.310546875
A3,dual_branch,multitask,0.3,992,0,0.6830176711082458,3195.122314453125,1341.684814453125
A3,dual_branch,multitask,0.3,1003,0,0.6184789538383484,2835.1083984375,1530.572021484375
A3,dual_branch,multitask,0.3,1012,1,0.8383516073226929,300.011474609375,923.8340454101562
A3,dual_branch,multitask,0.3,1015,0,0.6630961298942566,2130.08154296875,1982.4169921875
A3,dual_branch,multitask,0.3,1024,0,0.5597610473632812,2730.1044921875,1661.81494140625
A3,dual_branch,multitask,0.3,1026,0,0.3092763125896454,2700.103271484375,2099.437744140625
A3,dual_branch,multitask,0.3,1027,0,0.5158346891403198,2310.08837890625,1785.4603271484375
A3,dual_branch,multitask,0.3,1029,1,0.7292280793190002,825.0315551757812,1232.591796875
A3,dual_branch,multitask,0.3,1038,0,0.5612450838088989,1575.060302734375,1659.7640380859375
A3,dual_branch,multitask,0.3,1044,0,0.551641047000885,1935.073974609375,1673.1053466796875
A3,dual_branch,multitask,0.3,1089,0,0.5478222966194153,2385.09130859375,1736.1307373046875
A3,dual_branch,multitask,0.3,1093,0,0.67472904920578,1320.050537109375,1988.884033203125
A3,dual_branch,multitask,0.3,1110,0,0.6740472316741943,1770.0677490234375,1994.166748046875
A3,dual_branch,multitask,0.3,1133,0,0.6855288147926331,2475.0947265625,2008.1273193359375
A3,dual_branch,multitask,0.3,1141,0,0.6742396950721741,2505.095703125,1388.3399658203125
A3,dual_branch,multitask,0.3,1144,0,0.6742638349533081,1545.05908203125,1988.060302734375
A3,dual_branch,multitask,0.3,1149,1,0.8317427635192871,1035.03955078125,951.4566040039062
A3,dual_branch,multitask,0.3,1166,0,0.6757676601409912,2190.083740234375,1984.781494140625
A3,dual_branch,multitask,0.3,1173,0,0.8234373331069946,1155.044189453125,981.9049072265625
A3,dual_branch,multitask,0.3,1191,0,0.8662933707237244,1230.0469970703125,804.0823974609375
A3,dual_branch,multitask,0.3,1193,0,0.7927635312080383,2280.087158203125,1090.419921875
A3,dual_branch,multitask,0.3,1196,0,0.6642165184020996,1725.06591796875,1413.243896484375
A3,dual_branch,multitask,0.3,1206,0,0.5825622081756592,1500.057373046875,1905.509033203125
A3,dual_branch,multitask,0.3,1210,0,0.7966174483299255,1500.057373046875,1165.881103515625
A3,dual_branch,multitask,0.3,1214,0,0.6739042401313782,3360.12841796875,1375.520263671875
A3,dual_branch,multitask,0.3,1225,0,0.6786692142486572,2025.077392578125,1997.9718017578125
A3,dual_branch,multitask,0.3,1231,1,0.5470002889633179,525.0200805664062,1680.10205078125
A3,dual_branch,multitask,0.3,1239,1,0.5497751832008362,585.0223999023438,1740.4013671875
A3,dual_branch,multitask,0.3,1240,0,0.5567001700401306,1455.0556640625,1667.0157470703125
A3,dual_branch,multitask,0.3,1242,1,0.8680143356323242,510.0195007324219,795.5849609375
A3,dual_branch,multitask,0.3,1257,1,0.5568739771842957,900.034423828125,1666.2393798828125
A3,dual_branch,multitask,0.3,1259,0,0.5366048812866211,2490.09521484375,1717.25048828125
A3,dual_branch,multitask,0.3,1265,0,0.5400751233100891,1110.04248046875,1718.18359375
A3,dual_branch,multitask,0.3,1302,0,0.5442434549331665,1770.0677490234375,1723.960205078125
A3,dual_branch,multitask,0.3,1307,0,0.6420067548751831,1425.0545654296875,1461.0948486328125
A3,dual_branch,multitask,0.3,1332,0,0.8327684998512268,1290.04931640625,946.8684692382812
A3,dual_branch,multitask,0.3,1339,0,0.5470108985900879,1890.072265625,1733.415771484375
A3,dual_branch,multitask,0.3,1397,1,0.5560837388038635,900.034423828125,1666.48193359375
A3,dual_branch,multitask,0.3,1425,0,0.5501503348350525,2640.10107421875,1732.98046875
A3,dual_branch,multitask,0.3,1461,0,0.5434137582778931,2955.113037109375,1719.89208984375
A3,dual_branch,multitask,0.3,1462,0,0.6327124238014221,3150.12060546875,1456.2813720703125
A3,dual_branch,multitask,0.3,1467,0,0.5486068725585938,1650.0631103515625,1677.4193115234375
A3,dual_branch,multitask,0.3,1469,0,0.5596361756324768,2205.084228515625,1743.657958984375
A3,dual_branch,multitask,0.3,1484,0,0.5478058457374573,2655.1015625,1680.468505859375
A3,dual_branch,multitask,0.3,1569,0,0.8803368210792542,1680.064208984375,736.4046630859375
A3,dual_branch,multitask,0.3,1582,1,0.6621719002723694,1080.041259765625,1416.7119140625
A3,dual_branch,multitask,0.3,1590,0,0.2595331370830536,3375.129150390625,2179.06689453125
A3,dual_branch,multitask,0.3,1591,0,0.36462271213531494,3015.115234375,1983.5400390625
A3,dual_branch,multitask,0.3,1593,0,0.6746582388877869,1650.0631103515625,1984.19189453125
A3,dual_branch,multitask,0.3,1595,0,0.6747468113899231,1245.047607421875,1989.00244140625
A3,dual_branch,multitask,0.3,1598,1,0.685135543346405,660.0252685546875,2008.33251953125
A3,dual_branch,multitask,0.3,1603,0,0.546356201171875,2565.09814453125,1682.021484375
A3,dual_branch,multitask,0.3,1612,0,0.7272685766220093,1500.057373046875,1234.9637451171875
A3,dual_branch,multitask,0.3,1616,1,0.6854259371757507,660.0252685546875,2006.96875
A3,dual_branch,multitask,0.3,1668,0,0.5488667488098145,1860.0711669921875,1676.911865234375
A3,dual_branch,multitask,0.3,1707,0,0.6624036431312561,2595.099365234375,1404.235595703125
A3,dual_branch,multitask,0.3,1799,0,0.6190491914749146,2370.090576171875,1901.455810546875
A3,dual_branch,multitask,0.3,1803,1,0.8547129034996033,375.01434326171875,857.5238037109375
A3,dual_branch,multitask,0.3,1844,0,0.5389415621757507,1860.0711669921875,1727.920654296875
A3,dual_branch,multitask,0.3,1906,0,0.5441562533378601,1230.0469970703125,1724.0792236328125
A3,dual_branch,multitask,0.3,1928,0,0.6788829565048218,2040.0780029296875,1994.389892578125
A3,dual_branch,multitask,0.3,1933,1,0.6713283061981201,570.0217895507812,1376.52783203125
A3,dual_branch,multitask,0.3,1937,0,0.660938024520874,2565.09814453125,1973.78662109375
A3,dual_branch,multitask,0.3,1943,0,0.8360714316368103,2445.093505859375,934.059814453125
A3,dual_branch,multitask,0.3,1973,0,0.8660650253295898,2280.087158203125,806.5301513671875
A3,dual_branch,multitask,0.3,2003,0,0.6890451312065125,2490.09521484375,2009.1123046875
A3,dual_branch,multitask,0.3,2012,0,0.5754754543304443,1920.073486328125,1638.4617919921875
A3,dual_branch,multitask,0.3,2032,1,0.7116975784301758,600.02294921875,1277.3040771484375
A3,dual_branch,multitask,0.3,2049,0,0.6090865135192871,1560.0596923828125,1586.6427001953125
A3,dual_branch,multitask,0.3,2109,0,0.6574953198432922,1770.0677490234375,1408.157958984375
A3,dual_branch,multitask,0.3,2112,0,0.7864855527877808,2940.112548828125,1111.358154296875
A3,dual_branch,multitask,0.3,2152,0,0.5335667133331299,1620.06201171875,1708.4473876953125
A3,dual_branch,multitask,0.3,2197,0,0.544989824295044,3000.11474609375,1682.674072265625
A3,dual_branch,multitask,0.3,2215,0,0.6793649792671204,1440.0550537109375,1997.67236328125
A3,dual_branch,multitask,0.3,2220,1,0.5436931848526001,675.0258178710938,1729.876708984375
A3,dual_branch,multitask,0.3,2225,0,0.8851373791694641,2085.079833984375,711.58837890625
A3,dual_branch,multitask,0.3,2255,0,0.5404629111289978,2070.0791015625,1728.5518798828125
A3,dual_branch,multitask,0.3,2273,0,0.822096049785614,2100.080322265625,987.1883544921875
A3,dual_branch,multitask,0.3,2279,1,0.5846794247627258,1020.0390014648438,1749.378173828125
A3,dual_branch,multitask,0.3,2311,1,0.5437892079353333,390.0149230957031,1731.756591796875
A3,dual_branch,multitask,0.3,2314,0,0.8360871076583862,1995.0762939453125,933.9007568359375
A3,dual_branch,multitask,0.3,2359,0,0.6472064256668091,2760.10546875,1449.8321533203125
A3,dual_branch,multitask,0.3,2362,1,0.5452208518981934,660.0252685546875,1725.1256103515625
A3,dual_branch,multitask,0.3,2385,0,0.6543263792991638,2100.080322265625,1439.59033203125
A3,dual_branch,multitask,0.3,2387,0,0.5551460981369019,1470.0562744140625,1756.4171142578125
A3,dual_branch,multitask,0.3,2450,0,0.6559081673622131,1740.0665283203125,1427.8516845703125
A3,dual_branch,multitask,0.3,2452,0,0.8611927628517151,2145.08203125,827.2223510742188
A3,dual_branch,multitask,0.3,2458,1,0.6701971888542175,810.031005859375,1394.9898681640625
A3,dual_branch,multitask,0.3,2530,1,0.6745350360870361,990.037841796875,1986.3662109375
A3,dual_branch,multitask,0.3,2533,0,0.6523908972740173,2115.080810546875,1441.1746826171875
A3,dual_branch,multitask,0.3,2603,0,0.610881507396698,2790.106689453125,1537.8421630859375
A3,dual_branch,multitask,0.3,2621,0,0.6832274198532104,1755.067138671875,2000.94921875
A3,dual_branch,multitask,0.3,2666,1,0.863227903842926,915.0349731445312,819.490478515625
A3,dual_branch,multitask,0.3,2705,1,0.5566438436508179,915.0349731445312,1666.28515625
A3,dual_branch,multitask,0.3,2736,0,0.5832667350769043,2685.102783203125,1627.3154296875
A3,dual_branch,multitask,0.3,2757,0,0.6186463832855225,1335.051025390625,1522.5062255859375
A3,dual_branch,multitask,0.3,2813,1,0.8714542984962463,810.031005859375,781.436767578125
A3,dual_branch,multitask,0.3,2815,1,0.5630071759223938,735.0281372070312,1657.2391357421875
A3,dual_branch,multitask,0.3,2839,0,0.8308520317077637,1935.073974609375,954.660888671875
A3,dual_branch,multitask,0.3,2863,0,0.5348029136657715,1815.0694580078125,1713.51416015625
A3,dual_branch,multitask,0.3,2870,1,0.5588552951812744,465.0177917480469,1663.007568359375
A3,dual_branch,multitask,0.3,2895,0,0.6513187885284424,1875.07177734375,1427.1673583984375
A3,dual_branch,multitask,0.3,2905,0,0.7958304286003113,1830.0699462890625,1081.736572265625
A3,dual_branch,multitask,0.3,2918,1,0.82832270860672,1065.040771484375,963.4586791992188
A3,dual_branch,multitask,0.3,2921,0,0.5882495641708374,1140.0435791015625,1618.882568359375
A3,dual_branch,multitask,0.3,2963,0,0.6362872123718262,2340.089599609375,1486.3216552734375
A3,dual_branch,multitask,0.3,2982,0,0.9000557661056519,1695.0648193359375,627.312255859375
A3,dual_branch,multitask,0.3,2988,1,0.604546070098877,360.0137634277344,1594.5078125
A3,dual_branch,multitask,0.3,3054,0,0.5320943593978882,2280.087158203125,1705.34716796875
A3,dual_branch,multitask,0.3,3099,1,0.5710432529449463,870.0332641601562,1750.576904296875
A3,dual_branch,multitask,0.3,3103,0,0.8291600942611694,1530.0584716796875,960.7516479492188
A3,dual_branch,multitask,0.3,3112,0,0.6676427721977234,1590.060791015625,1982.645263671875
A3,dual_branch,multitask,0.3,3113,0,0.6717972159385681,2040.0780029296875,1983.62744140625
A3,dual_branch,multitask,0.3,3135,0,0.5749224424362183,1230.0469970703125,1745.0399169921875
A3,dual_branch,multitask,0.3,3165,0,0.6803996562957764,1890.072265625,2003.3946533203125
A3,dual_branch,multitask,0.3,3199,1,0.3666234314441681,810.031005859375,1993.613525390625
A3,dual_branch,multitask,0.3,3277,1,0.6665390133857727,825.0315551757812,1982.6549072265625
A3,dual_branch,multitask,0.3,3299,1,0.605972409248352,795.0303955078125,1591.2694091796875
A3,dual_branch,multitask,0.3,3312,0,0.6637356281280518,1440.0550537109375,1978.706787109375
A3,dual_branch,multitask,0.3,3318,0,0.5698611736297607,1560.0596923828125,1769.4520263671875
A3,dual_branch,multitask,0.3,3330,0,0.8279134631156921,1935.073974609375,965.1633911132812
A3,dual_branch,multitask,0.3,3338,1,0.5570963025093079,255.00975036621094,1743.910888671875
A3,dual_branch,multitask,0.3,3355,0,0.5593050718307495,1680.064208984375,1672.22998046875
A3,dual_branch,multitask,0.3,3442,1,0.567019522190094,585.0223999023438,1736.8580322265625
A3,dual_branch,multitask,0.3,3478,0,0.657933235168457,1350.0516357421875,1972.9381103515625
A3,dual_branch,multitask,0.3,3492,1,0.6662587523460388,705.0269775390625,1979.56005859375
A3,dual_branch,multitask,0.3,3521,0,0.5774876475334167,2025.0775146484375,1759.8795166015625
A3,dual_branch,multitask,0.3,3540,1,0.685790479183197,375.01434326171875,2013.1282958984375
A3,dual_branch,multitask,0.3,3556,0,0.5791799426078796,1500.057373046875,1633.3206787109375
A3,dual_branch,multitask,0.3,3684,0,0.6674147844314575,2100.080322265625,1980.2398681640625
A3,dual_branch,multitask,0.3,3718,0,0.6734192371368408,1845.070556640625,1993.219970703125
A3,dual_branch,multitask,0.3,3828,1,0.6421582102775574,975.0372924804688,1461.8687744140625
A3,dual_branch,multitask,1.0,27,0,0.5233693718910217,2145.08203125,1814.415771484375
A3,dual_branch,multitask,1.0,28,1,0.5212944746017456,915.0349731445312,1816.2476806640625
A3,dual_branch,multitask,1.0,60,1,0.5315769910812378,855.03271484375,1725.0721435546875
A3,dual_branch,multitask,1.0,67,0,0.8941188454627991,2550.097412109375,178.0205078125
A3,dual_branch,multitask,1.0,69,0,0.8861168026924133,1725.06591796875,237.673583984375
A3,dual_branch,multitask,1.0,73,0,0.5278180241584778,1635.0625,1733.270263671875
A3,dual_branch,multitask,1.0,74,0,0.8780824542045593,1845.070556640625,293.786376953125
A3,dual_branch,multitask,1.0,96,1,0.5583460927009583,450.0172119140625,1688.4193115234375
A3,dual_branch,multitask,1.0,106,1,0.8747824430465698,360.0137634277344,321.4053955078125
A3,dual_branch,multitask,1.0,113,0,0.9029744267463684,1140.0435791015625,106.90673828125
A3,dual_branch,multitask,1.0,123,0,0.5213983058929443,2310.08837890625,1814.9202880859375
A3,dual_branch,multitask,1.0,139,0,0.8887038230895996,1155.044189453125,218.65234375
A3,dual_branch,multitask,1.0,143,0,0.5418615341186523,1320.050537109375,1686.0098876953125
A3,dual_branch,multitask,1.0,144,1,0.5234633684158325,510.0195007324219,1816.5050048828125
A3,dual_branch,multitask,1.0,153,0,0.5569793581962585,1335.051025390625,1692.874755859375
A3,dual_branch,multitask,1.0,160,1,0.5589207410812378,390.0149230957031,1685.4979248046875
A3,dual_branch,multitask,1.0,174,0,0.5421295762062073,3060.116943359375,1687.03466796875
A3,dual_branch,multitask,1.0,215,0,0.5406872034072876,1785.0682373046875,1686.3756103515625
A3,dual_branch,multitask,1.0,219,0,0.5278077721595764,2355.090087890625,1732.7115478515625
A3,dual_branch,multitask,1.0,221,0,0.5219756960868835,2250.0859375,1815.6434326171875
A3,dual_branch,multitask,1.0,230,0,0.8855148553848267,2625.100341796875,242.65771484375
A3,dual_branch,multitask,1.0,267,0,0.5580905675888062,1980.07568359375,1689.7164306640625
A3,dual_branch,multitask,1.0,278,0,0.5428587794303894,2010.076904296875,1685.47900390625
A3,dual_branch,multitask,1.0,283,1,0.5415122509002686,795.0303955078125,1686.1895751953125
A3,dual_branch,multitask,1.0,326,0,0.5590659976005554,1680.064208984375,1687.9566650390625
A3,dual_branch,multitask,1.0,327,0,0.521329402923584,1845.070556640625,1818.36572265625
A3,dual_branch,multitask,1.0,328,0,0.8707265853881836,1665.063720703125,346.62353515625
A3,dual_branch,multitask,1.0,347,0,0.5583532452583313,2850.10888671875,1688.9403076171875
A3,dual_branch,multitask,1.0,356,0,0.5579385757446289,2070.0791015625,1688.0419921875
A3,dual_branch,multitask,1.0,360,0,0.5565890073776245,1620.06201171875,1669.8582763671875
A3,dual_branch,multitask,1.0,361,0,0.5458974242210388,1680.064208984375,1688.2236328125
A3,dual_branch,multitask,1.0,363,0,0.8852993249893188,1635.0625,246.8677978515625
A3,dual_branch,multitask,1.0,375,0,0.5586877465248108,3480.133056640625,1687.7720947265625
A3,dual_branch,multitask,1.0,383,0,0.5576951503753662,1725.06591796875,1688.626220703125
A3,dual_branch,multitask,1.0,384,1,0.9064847230911255,900.034423828125,78.0213623046875
A3,dual_branch,multitask,1.0,401,0,0.5401718020439148,2445.093505859375,1685.505126953125
A3,dual_branch,multitask,1.0,418,0,0.5581445693969727,1920.073486328125,1689.9205322265625
A3,dual_branch,multitask,1.0,432,0,0.5583116412162781,1530.0584716796875,1685.84228515625
A3,dual_branch,multitask,1.0,467,0,0.8636407256126404,3420.130859375,387.8966064453125
A3,dual_branch,multitask,1.0,503,0,0.5582948327064514,1335.051025390625,1686.8956298828125
A3,dual_branch,multitask,1.0,504,0,0.5303748250007629,2445.093505859375,1723.4307861328125
A3,dual_branch,multitask,1.0,509,0,0.5423072576522827,2670.10205078125,1686.894775390625
A3,dual_branch,multitask,1.0,514,0,0.5186014771461487,3000.11474609375,1820.0870361328125
A3,dual_branch,multitask,1.0,536,0,0.5214278101921082,2070.0791015625,1816.394775390625
A3,dual_branch,multitask,1.0,538,1,0.5370481014251709,990.037841796875,1726.5869140625
A3,dual_branch,multitask,1.0,541,0,0.5290437936782837,1110.04248046875,1725.0830078125
A3,dual_branch,multitask,1.0,544,0,0.5277577638626099,2925.11181640625,1716.69091796875
A3,dual_branch,multitask,1.0,549,0,0.5251834988594055,1830.0699462890625,1811.90625
A3,dual_branch,multitask,1.0,551,0,0.5371378064155579,1410.053955078125,1714.5107421875
A3,dual_branch,multitask,1.0,573,0,0.5284616351127625,3165.12109375,1733.096435546875
A3,dual_branch,multitask,1.0,581,0,0.5594675540924072,3150.120361328125,1683.5830078125
A3,dual_branch,multitask,1.0,590,0,0.5187966227531433,2925.11181640625,1820.300048828125
A3,dual_branch,multitask,1.0,593,0,0.8897615671157837,2460.093994140625,212.24072265625
A3,dual_branch,multitask,1.0,601,0,0.5378172397613525,1455.0556640625,1684.20458984375
A3,dual_branch,multitask,1.0,628,0,0.5219618678092957,1365.05224609375,1814.8126220703125
A3,dual_branch,multitask,1.0,645,0,0.5278185606002808,1545.05908203125,1721.1751708984375
A3,dual_branch,multitask,1.0,659,0,0.5593506097793579,2610.099853515625,1685.989501953125
A3,dual_branch,multitask,1.0,662,0,0.9050721526145935,1425.0545654296875,92.869873046875
A3,dual_branch,multitask,1.0,667,1,0.5207043290138245,660.0252685546875,1811.884033203125
A3,dual_branch,multitask,1.0,680,0,0.5478386282920837,3630.138916015625,1686.8074951171875
A3,dual_branch,multitask,1.0,694,0,0.5213622450828552,3075.11767578125,1816.4898681640625
A3,dual_branch,multitask,1.0,708,1,0.546089231967926,1065.040771484375,1686.7552490234375
A3,dual_branch,multitask,1.0,714,1,0.5214638113975525,1005.0384521484375,1816.881591796875
A3,dual_branch,multitask,1.0,717,0,0.5579627752304077,1605.0614013671875,1662.639892578125
A3,dual_branch,multitask,1.0,726,0,0.5296064019203186,1560.0596923828125,1726.82080078125
A3,dual_branch,multitask,1.0,740,0,0.5534655451774597,2115.080810546875,1685.265869140625
A3,dual_branch,multitask,1.0,744,0,0.5587722659111023,3435.13134765625,1688.4571533203125
A3,dual_branch,multitask,1.0,756,0,0.8809469938278198,1815.0694580078125,278.306640625
A3,dual_branch,multitask,1.0,798,0,0.5258514285087585,2490.09521484375,1808.888671875
A3,dual_branch,multitask,1.0,804,0,0.4476124346256256,2820.10791015625,1908.6236572265625
A3,dual_branch,multitask,1.0,825,0,0.9058636426925659,1755.067138671875,83.816650390625
A3,dual_branch,multitask,1.0,836,0,0.5585322976112366,3390.129638671875,1686.779296875
A3,dual_branch,multitask,1.0,838,0,0.5077720880508423,2865.109619140625,1761.73974609375
A3,dual_branch,multitask,1.0,854,0,0.8997056484222412,2790.106689453125,134.6234130859375
A3,dual_branch,multitask,1.0,856,0,0.5579458475112915,2700.103271484375,1688.60595703125
A3,dual_branch,multitask,1.0,861,1,0.530948281288147,375.01434326171875,1717.9674072265625
A3,dual_branch,multitask,1.0,870,0,0.5579568147659302,2895.11083984375,1686.1435546875
A3,dual_branch,multitask,1.0,874,0,0.5405033230781555,3180.12158203125,1686.3336181640625
A3,dual_branch,multitask,1.0,880,1,0.5218955278396606,690.0263671875,1816.505615234375
A3,dual_branch,multitask,1.0,881,0,0.5594303011894226,1485.0567626953125,1676.8203125
A3,dual_branch,multitask,1.0,885,0,0.557509183883667,2460.093994140625,1690.5889892578125
A3,dual_branch,multitask,1.0,891,0,0.5296357870101929,2310.08837890625,1729.849365234375
A3,dual_branch,multitask,1.0,893,0,0.5523056983947754,1350.0516357421875,1686.56884765625
A3,dual_branch,multitask,1.0,896,0,0.552334725856781,2595.099365234375,1685.4097900390625
A3,dual_branch,multitask,1.0,906,0,0.5483040809631348,3300.126220703125,1672.2493896484375
A3,dual_branch,multitask,1.0,907,0,0.5405676960945129,1455.0556640625,1685.7291259765625
A3,dual_branch,multitask,1.0,915,0,0.4739671051502228,3465.132568359375,1925.38232421875
A3,dual_branch,multitask,1.0,922,0,0.5584830641746521,1590.060791015625,1688.40966796875
A3,dual_branch,multitask,1.0,932,0,0.8764621615409851,2595.099365234375,306.6171875
A3,dual_branch,multitask,1.0,968,0,0.8884924054145813,2040.0780029296875,221.3646240234375
A3,dual_branch,multitask,1.0,973,1,0.880159854888916,660.0252685546875,280.5892333984375
A3,dual_branch,multitask,1.0,992,0,0.546769917011261,3195.122314453125,1710.8013916015625
A3,dual_branch,multitask,1.0,1003,0,0.5280108451843262,2835.1083984375,1739.810791015625
A3,dual_branch,multitask,1.0,1012,1,0.8957340717315674,300.011474609375,167.04345703125
A3,dual_branch,multitask,1.0,1015,0,0.5222563147544861,2130.08154296875,1810.3072509765625
A3,dual_branch,multitask,1.0,1024,0,0.5595777034759521,2730.1044921875,1683.8345947265625
A3,dual_branch,multitask,1.0,1026,0,0.44180768728256226,2700.103271484375,1940.2808837890625
A3,dual_branch,multitask,1.0,1027,0,0.4989073872566223,2310.08837890625,1846.7685546875
A3,dual_branch,multitask,1.0,1029,1,0.5318406224250793,825.0315551757812,1726.3909912109375
A3,dual_branch,multitask,1.0,1038,0,0.5582954287528992,1575.060302734375,1687.4332275390625
A3,dual_branch,multitask,1.0,1044,0,0.558552086353302,1935.073974609375,1686.0848388671875
A3,dual_branch,multitask,1.0,1089,0,0.5542541146278381,2385.09130859375,1687.015380859375
A3,dual_branch,multitask,1.0,1093,0,0.524177610874176,1320.050537109375,1813.44677734375
A3,dual_branch,multitask,1.0,1110,0,0.521482527256012,1770.0677490234375,1809.9000244140625
A3,dual_branch,multitask,1.0,1133,0,0.5241040587425232,2475.0947265625,1810.5640869140625
A3,dual_branch,multitask,1.0,1141,0,0.5265941023826599,2505.095703125,1733.7899169921875
A3,dual_branch,multitask,1.0,1144,0,0.5199256539344788,1545.05908203125,1817.4197998046875
A3,dual_branch,multitask,1.0,1149,1,0.8973555564880371,1035.03955078125,158.05419921875
A3,dual_branch,multitask,1.0,1166,0,0.5185189247131348,2190.083740234375,1818.9986572265625
A3,dual_branch,multitask,1.0,1173,0,0.8858794569969177,1155.044189453125,241.7783203125
A3,dual_branch,multitask,1.0,1191,0,0.918874979019165,1230.0469970703125,-29.7279052734375
A3,dual_branch,multitask,1.0,1193,0,0.8620397448539734,2280.087158203125,398.707275390625
A3,dual_branch,multitask,1.0,1196,0,0.5288118124008179,1725.06591796875,1734.1766357421875
A3,dual_branch,multitask,1.0,1206,0,0.5249096751213074,1500.057373046875,1836.45947265625
A3,dual_branch,multitask,1.0,1210,0,0.8570095896720886,1500.057373046875,488.7822265625
A3,dual_branch,multitask,1.0,1214,0,0.5346407890319824,3360.12841796875,1724.866943359375
A3,dual_branch,multitask,1.0,1225,0,0.5208470225334167,2025.077392578125,1816.084228515625
A3,dual_branch,multitask,1.0,1231,1,0.5583929419517517,525.0200805664062,1688.7061767578125
A3,dual_branch,multitask,1.0,1239,1,0.5503334403038025,585.0223999023438,1687.5789794921875
A3,dual_branch,multitask,1.0,1240,0,0.5586264133453369,1455.0556640625,1688.25048828125
A3,dual_branch,multitask,1.0,1242,1,0.9218040704727173,510.0195007324219,-64.420166015625
A3,dual_branch,multitask,1.0,1257,1,0.5587045550346375,900.034423828125,1686.5972900390625
A3,dual_branch,multitask,1.0,1259,0,0.5423661470413208,2490.09521484375,1685.784912109375
A3,dual_branch,multitask,1.0,1265,0,0.5452345013618469,1110.04248046875,1683.8829345703125
A3,dual_branch,multitask,1.0,1302,0,0.549013078212738,1770.0677490234375,1684.18896484375
A3,dual_branch,multitask,1.0,1307,0,0.5314709544181824,1425.0545654296875,1739.0670166015625
A3,dual_branch,multitask,1.0,1332,0,0.8921249508857727,1290.04931640625,196.79248046875
A3,dual_branch,multitask,1.0,1339,0,0.5470722317695618,1890.072265625,1687.27294921875
A3,dual_branch,multitask,1.0,1397,1,0.5598773956298828,900.034423828125,1682.79638671875
A3,dual_branch,multitask,1.0,1425,0,0.5479457378387451,2640.10107421875,1686.4822998046875
A3,dual_branch,multitask,1.0,1461,0,0.5409339070320129,2955.113037109375,1685.783935546875
A3,dual_branch,multitask,1.0,1462,0,0.5717308521270752,3150.12060546875,1641.50341796875
A3,dual_branch,multitask,1.0,1467,0,0.5586513876914978,1650.0631103515625,1686.0599365234375
A3,dual_branch,multitask,1.0,1469,0,0.5558705925941467,2205.084228515625,1684.9375
A3,dual_branch,multitask,1.0,1484,0,0.558403730392456,2655.1015625,1687.12158203125
A3,dual_branch,multitask,1.0,1569,0,0.9249239563941956,1680.064208984375,-88.278076171875
A3,dual_branch,multitask,1.0,1582,1,0.5301074981689453,1080.041259765625,1724.95361328125
A3,dual_branch,multitask,1.0,1590,0,0.42328038811683655,3375.129150390625,1976.6580810546875
A3,dual_branch,multitask,1.0,1591,0,0.4535388946533203,3015.115234375,1893.0072021484375
A3,dual_branch,multitask,1.0,1593,0,0.5181466937065125,1650.0631103515625,1820.3724365234375
A3,dual_branch,multitask,1.0,1595,0,0.518770158290863,1245.047607421875,1816.72412109375
A3,dual_branch,multitask,1.0,1598,1,0.5232552289962769,660.0252685546875,1812.3740234375
A3,dual_branch,multitask,1.0,1603,0,0.5588395595550537,2565.09814453125,1676.51416015625
A3,dual_branch,multitask,1.0,1612,0,0.5346123576164246,1500.057373046875,1723.0933837890625
A3,dual_branch,multitask,1.0,1616,1,0.5235984325408936,660.0252685546875,1814.6246337890625
A3,dual_branch,multitask,1.0,1668,0,0.5583481192588806,1860.0711669921875,1684.406982421875
A3,dual_branch,multitask,1.0,1707,0,0.549023449420929,2595.099365234375,1694.5223388671875
A3,dual_branch,multitask,1.0,1799,0,0.5248615145683289,2370.090576171875,1813.3529052734375
A3,dual_branch,multitask,1.0,1803,1,0.9081038236618042,375.01434326171875,74.5772705078125
A3,dual_branch,multitask,1.0,1844,0,0.5438306331634521,1860.0711669921875,1686.6258544921875
A3,dual_branch,multitask,1.0,1906,0,0.5416715145111084,1230.0469970703125,1687.56689453125
A3,dual_branch,multitask,1.0,1928,0,0.5201626420021057,2040.0780029296875,1815.289794921875
A3,dual_branch,multitask,1.0,1933,1,0.5543428659439087,570.0217895507812,1676.75927734375
A3,dual_branch,multitask,1.0,1937,0,0.5187364220619202,2565.09814453125,1814.1143798828125
A3,dual_branch,multitask,1.0,1943,0,0.8910609483718872,2445.093505859375,206.40673828125
A3,dual_branch,multitask,1.0,1973,0,0.9177301526069641,2280.087158203125,-11.712890625
A3,dual_branch,multitask,1.0,2003,0,0.5218971371650696,2490.09521484375,1813.5035400390625
A3,dual_branch,multitask,1.0,2012,0,0.5597226619720459,1920.073486328125,1678.2642822265625
A3,dual_branch,multitask,1.0,2032,1,0.5371862053871155,600.02294921875,1723.5460205078125
A3,dual_branch,multitask,1.0,2049,0,0.5600498914718628,1560.0596923828125,1669.6126708984375
A3,dual_branch,multitask,1.0,2109,0,0.5491204261779785,1770.0677490234375,1699.8140869140625
A3,dual_branch,multitask,1.0,2112,0,0.8568878173828125,2940.112548828125,434.9833984375
A3,dual_branch,multitask,1.0,2152,0,0.5401946902275085,1620.06201171875,1685.556884765625
A3,dual_branch,multitask,1.0,2197,0,0.5584539771080017,3000.11474609375,1681.20703125
A3,dual_branch,multitask,1.0,2215,0,0.5232048630714417,1440.0550537109375,1815.9755859375
A3,dual_branch,multitask,1.0,2220,1,0.544642448425293,675.0258178710938,1685.03759765625
A3,dual_branch,multitask,1.0,2225,0,0.9365909695625305,2085.079833984375,-223.3870849609375
A3,dual_branch,multitask,1.0,2255,0,0.543681800365448,2070.0791015625,1685.7734375
A3,dual_branch,multitask,1.0,2273,0,0.8868646621704102,2100.080322265625,232.7322998046875
A3,dual_branch,multitask,1.0,2279,1,0.582761824131012,1020.0390014648438,1701.958251953125
A3,dual_branch,multitask,1.0,2311,1,0.5441456437110901,390.0149230957031,1687.054443359375
A3,dual_branch,multitask,1.0,2314,0,0.8921975493431091,1995.0762939453125,198.6436767578125
A3,dual_branch,multitask,1.0,2359,0,0.5351269245147705,2760.10546875,1731.05224609375
A3,dual_branch,multitask,1.0,2362,1,0.5442829728126526,660.0252685546875,1685.6258544921875
A3,dual_branch,multitask,1.0,2385,0,0.527453601360321,2100.080322265625,1725.8468017578125
A3,dual_branch,multitask,1.0,2387,0,0.5351423621177673,1470.0562744140625,1747.3492431640625
A3,dual_branch,multitask,1.0,2450,0,0.5341530442237854,1740.0665283203125,1723.564453125
A3,dual_branch,multitask,1.0,2452,0,0.915928065776825,2145.08203125,-6.1199951171875
A3,dual_branch,multitask,1.0,2458,1,0.5314970016479492,810.031005859375,1722.0218505859375
A3,dual_branch,multitask,1.0,2530,1,0.5198559761047363,990.037841796875,1817.836181640625
A3,dual_branch,multitask,1.0,2533,0,0.5333400368690491,2115.080810546875,1721.2528076171875
A3,dual_branch,multitask,1.0,2603,0,0.5357561111450195,2790.106689453125,1741.9736328125
A3,dual_branch,multitask,1.0,2621,0,0.5214850902557373,1755.067138671875,1815.269287109375
A3,dual_branch,multitask,1.0,2666,1,0.9152696132659912,915.0349731445312,12.640625
A3,dual_branch,multitask,1.0,2705,1,0.5584167242050171,915.0349731445312,1685.0355224609375
A3,dual_branch,multitask,1.0,2736,0,0.5595375895500183,2685.102783203125,1678.1746826171875
A3,dual_branch,multitask,1.0,2757,0,0.5297977328300476,1335.051025390625,1738.0455322265625
A3,dual_branch,multitask,1.0,2813,1,0.9180836081504822,810.031005859375,-10.457763671875
A3,dual_branch,multitask,1.0,2815,1,0.5600118041038513,735.0281372070312,1683.8349609375
A3,dual_branch,multitask,1.0,2839,0,0.8882651329040527,1935.073974609375,232.3681640625
A3,dual_branch,multitask,1.0,2863,0,0.5420737266540527,1815.0694580078125,1683.14306640625
A3,dual_branch,multitask,1.0,2870,1,0.5593634843826294,465.0177917480469,1683.1513671875
A3,dual_branch,multitask,1.0,2895,0,0.5474433302879333,1875.07177734375,1704.8441162109375
A3,dual_branch,multitask,1.0,2905,0,0.8588122129440308,1830.0699462890625,427.5911865234375
A3,dual_branch,multitask,1.0,2918,1,0.8939621448516846,1065.040771484375,178.693115234375
A3,dual_branch,multitask,1.0,2921,0,0.5593593120574951,1140.0435791015625,1675.8846435546875
A3,dual_branch,multitask,1.0,2963,0,0.5279433727264404,2340.089599609375,1720.724609375
A3,dual_branch,multitask,1.0,2982,0,0.9425129294395447,1695.0648193359375,-298.1800537109375
A3,dual_branch,multitask,1.0,2988,1,0.5606780648231506,360.0137634277344,1667.787353515625
A3,dual_branch,multitask,1.0,3054,0,0.5405983924865723,2280.087158203125,1686.448974609375
A3,dual_branch,multitask,1.0,3099,1,0.5718005299568176,870.0332641601562,1693.28173828125
A3,dual_branch,multitask,1.0,3103,0,0.8890467882156372,1530.0584716796875,218.921142578125
A3,dual_branch,multitask,1.0,3112,0,0.5195305347442627,1590.060791015625,1816.778564453125
A3,dual_branch,multitask,1.0,3113,0,0.5188228487968445,2040.0780029296875,1816.8990478515625
A3,dual_branch,multitask,1.0,3135,0,0.5693016648292542,1230.0469970703125,1692.0474853515625
A3,dual_branch,multitask,1.0,3165,0,0.5239038467407227,1890.072265625,1808.1871337890625
A3,dual_branch,multitask,1.0,3199,1,0.4536113739013672,810.031005859375,1888.285888671875
A3,dual_branch,multitask,1.0,3277,1,0.5208108425140381,825.0315551757812,1814.5919189453125
A3,dual_branch,multitask,1.0,3299,1,0.5601300001144409,795.0303955078125,1666.0919189453125
A3,dual_branch,multitask,1.0,3312,0,0.5222939848899841,1440.0550537109375,1811.9937744140625
A3,dual_branch,multitask,1.0,3318,0,0.5578979253768921,1560.0596923828125,1684.6318359375
A3,dual_branch,multitask,1.0,3330,0,0.8896802067756653,1935.073974609375,212.556396484375
A3,dual_branch,multitask,1.0,3338,1,0.5570986866950989,255.00975036621094,1685.958251953125
A3,dual_branch,multitask,1.0,3355,0,0.5581502318382263,1680.064208984375,1682.3046875
A3,dual_branch,multitask,1.0,3442,1,0.5592948794364929,585.0223999023438,1681.924560546875
A3,dual_branch,multitask,1.0,3478,0,0.519588053226471,1350.0516357421875,1810.8048095703125
A3,dual_branch,multitask,1.0,3492,1,0.5193774700164795,705.0269775390625,1816.8326416015625
A3,dual_branch,multitask,1.0,3521,0,0.5692712664604187,2025.0775146484375,1691.345458984375
A3,dual_branch,multitask,1.0,3540,1,0.5243050456047058,375.01434326171875,1803.0941162109375
A3,dual_branch,multitask,1.0,3556,0,0.5600297451019287,1500.057373046875,1675.6229248046875
A3,dual_branch,multitask,1.0,3684,0,0.5199865102767944,2100.080322265625,1816.3701171875
A3,dual_branch,multitask,1.0,3718,0,0.5233967900276184,1845.070556640625,1810.6973876953125
A3,dual_branch,multitask,1.0,3828,1,0.5338402986526489,975.0372924804688,1742.76123046875
A3,dual_branch,multitask,3.0,27,0,0.8540849685668945,2145.08203125,519.7783203125
A3,dual_branch,multitask,3.0,28,1,0.866637110710144,915.0349731445312,443.0970458984375
A3,dual_branch,multitask,3.0,60,1,0.5460789203643799,855.03271484375,1640.1749267578125
A3,dual_branch,multitask,3.0,67,0,0.5541689395904541,2550.097412109375,1227.5654296875
A3,dual_branch,multitask,3.0,69,0,0.5541204810142517,1725.06591796875,1233.339111328125
A3,dual_branch,multitask,3.0,73,0,0.5340359807014465,1635.0625,1708.19384765625
A3,dual_branch,multitask,3.0,74,0,0.5527699589729309,1845.070556640625,1252.64892578125
A3,dual_branch,multitask,3.0,96,1,0.5576543211936951,450.0172119140625,1535.149169921875
A3,dual_branch,multitask,3.0,106,1,0.558129608631134,360.0137634277344,1324.16552734375
A3,dual_branch,multitask,3.0,113,0,0.5559994578361511,1140.0435791015625,1199.348388671875
A3,dual_branch,multitask,3.0,123,0,0.8670721054077148,2310.08837890625,439.353515625
A3,dual_branch,multitask,3.0,139,0,0.5541786551475525,1155.044189453125,1236.4869384765625
A3,dual_branch,multitask,3.0,143,0,0.4903678894042969,1320.050537109375,1652.4410400390625
A3,dual_branch,multitask,3.0,144,1,0.8630993962287903,510.0195007324219,467.7091064453125
A3,dual_branch,multitask,3.0,153,0,0.5434309840202332,1335.051025390625,1584.54833984375
A3,dual_branch,multitask,3.0,160,1,0.5638315081596375,390.0149230957031,1482.5450439453125
A3,dual_branch,multitask,3.0,174,0,0.49031689763069153,3060.116943359375,1652.4310302734375
A3,dual_branch,multitask,3.0,215,0,0.4901289641857147,1785.0682373046875,1651.011962890625
A3,dual_branch,multitask,3.0,219,0,0.533211350440979,2355.090087890625,1711.4205322265625
A3,dual_branch,multitask,3.0,221,0,0.8594788312911987,2250.0859375,487.866455078125
A3,dual_branch,multitask,3.0,230,0,0.5527072548866272,2625.100341796875,1254.3193359375
A3,dual_branch,multitask,3.0,267,0,0.5514870882034302,1980.07568359375,1555.7081298828125
A3,dual_branch,multitask,3.0,278,0,0.490229994058609,2010.076904296875,1650.35546875
A3,dual_branch,multitask,3.0,283,1,0.49019116163253784,795.0303955078125,1650.5301513671875
A3,dual_branch,multitask,3.0,326,0,0.5645761489868164,1680.064208984375,1493.14111328125
A3,dual_branch,multitask,3.0,327,0,0.876433789730072,1845.070556640625,382.5087890625
A3,dual_branch,multitask,3.0,328,0,0.551558792591095,1665.063720703125,1310.403564453125
A3,dual_branch,multitask,3.0,347,0,0.5560661554336548,2850.10888671875,1534.180908203125
A3,dual_branch,multitask,3.0,356,0,0.554144024848938,2070.0791015625,1548.7003173828125
A3,dual_branch,multitask,3.0,360,0,0.5609362721443176,1620.06201171875,1551.2738037109375
A3,dual_branch,multitask,3.0,361,0,0.4904281795024872,1680.064208984375,1653.77490234375
A3,dual_branch,multitask,3.0,363,0,0.5533251762390137,1635.0625,1264.6612548828125
A3,dual_branch,multitask,3.0,375,0,0.5615645051002502,3480.133056640625,1512.71923828125
A3,dual_branch,multitask,3.0,383,0,0.5502191781997681,1725.06591796875,1570.9747314453125
A3,dual_branch,multitask,3.0,384,1,0.5556538105010986,900.034423828125,1210.742919921875
A3,dual_branch,multitask,3.0,401,0,0.4901551902294159,2445.093505859375,1649.813720703125
A3,dual_branch,multitask,3.0,418,0,0.5523921251296997,1920.073486328125,1559.1678466796875
A3,dual_branch,multitask,3.0,432,0,0.5602008700370789,1530.0584716796875,1509.4404296875
A3,dual_branch,multitask,3.0,467,0,0.551184892654419,3420.130859375,1274.3455810546875
A3,dual_branch,multitask,3.0,503,0,0.5577436685562134,1335.051025390625,1537.82861328125
A3,dual_branch,multitask,3.0,504,0,0.5325042009353638,2445.093505859375,1707.171142578125
A3,dual_branch,multitask,3.0,509,0,0.49057909846305847,2670.10205078125,1654.0057373046875
A3,dual_branch,multitask,3.0,514,0,0.8675028681755066,3000.11474609375,440.06201171875
A3,dual_branch,multitask,3.0,536,0,0.8669294714927673,2070.0791015625,442.6312255859375
A3,dual_branch,multitask,3.0,538,1,0.5401544570922852,990.037841796875,1676.7452392578125
A3,dual_branch,multitask,3.0,541,0,0.5341590046882629,1110.04248046875,1705.0474853515625
A3,dual_branch,multitask,3.0,544,0,0.5316621661186218,2925.11181640625,1715.6131591796875
A3,dual_branch,multitask,3.0,549,0,0.8831936717033386,1830.0699462890625,330.271484375
A3,dual_branch,multitask,3.0,551,0,0.5415835976600647,1410.053955078125,1656.4906005859375
A3,dual_branch,multitask,3.0,573,0,0.5331295728683472,3165.12109375,1711.9676513671875
A3,dual_branch,multitask,3.0,581,0,0.5763034224510193,3150.120361328125,1421.3809814453125
A3,dual_branch,multitask,3.0,590,0,0.8762198090553284,2925.11181640625,384.3363037109375
A3,dual_branch,multitask,3.0,593,0,0.5535238981246948,2460.093994140625,1243.7242431640625
A3,dual_branch,multitask,3.0,601,0,0.48970216512680054,1455.0556640625,1648.271240234375
A3,dual_branch,multitask,3.0,628,0,0.870008647441864,1365.05224609375,421.540771484375
A3,dual_branch,multitask,3.0,645,0,0.5341789722442627,1545.05908203125,1707.022216796875
A3,dual_branch,multitask,3.0,659,0,0.5681375861167908,2610.099853515625,1485.7249755859375
A3,dual_branch,multitask,3.0,662,0,0.5543005466461182,1425.0545654296875,1254.10302734375
A3,dual_branch,multitask,3.0,667,1,0.8147578835487366,660.0252685546875,719.800537109375
A3,dual_branch,multitask,3.0,680,0,0.49013662338256836,3630.138916015625,1649.2830810546875
A3,dual_branch,multitask,3.0,694,0,0.8710057735443115,3075.11767578125,416.2552490234375
A3,dual_branch,multitask,3.0,708,1,0.4900401830673218,1065.040771484375,1650.3251953125
A3,dual_branch,multitask,3.0,714,1,0.8740895986557007,1005.0384521484375,396.852783203125
A3,dual_branch,multitask,3.0,717,0,0.5647799372673035,1605.0614013671875,1562.33154296875
A3,dual_branch,multitask,3.0,726,0,0.5354382991790771,1560.0596923828125,1696.2486572265625
A3,dual_branch,multitask,3.0,740,0,0.4903990924358368,2115.080810546875,1653.322509765625
A3,dual_branch,multitask,3.0,744,0,0.562218189239502,3435.13134765625,1492.8465576171875
A3,dual_branch,multitask,3.0,756,0,0.5513661503791809,1815.0694580078125,1284.505126953125
A3,dual_branch,multitask,3.0,798,0,0.8537314534187317,2490.09521484375,511.0755615234375
A3,dual_branch,multitask,3.0,804,0,0.3953206241130829,2820.10791015625,2160.97998046875
A3,dual_branch,multitask,3.0,825,0,0.5550118684768677,1755.067138671875,1218.38232421875
A3,dual_branch,multitask,3.0,836,0,0.5615730285644531,3390.129638671875,1532.586669921875
A3,dual_branch,multitask,3.0,838,0,0.5044441819190979,2865.109619140625,1815.94384765625
A3,dual_branch,multitask,3.0,854,0,0.5543476343154907,2790.106689453125,1226.1929931640625
A3,dual_branch,multitask,3.0,856,0,0.5537453889846802,2700.103271484375,1544.5650634765625
A3,dual_branch,multitask,3.0,861,1,0.5368043184280396,375.01434326171875,1693.02490234375
A3,dual_branch,multitask,3.0,870,0,0.5558137893676758,2895.11083984375,1538.841552734375
A3,dual_branch,multitask,3.0,874,0,0.4902941882610321,3180.12158203125,1653.1180419921875
A3,dual_branch,multitask,3.0,880,1,0.8706579208374023,690.0263671875,418.8089599609375
A3,dual_branch,multitask,3.0,881,0,0.5725845694541931,1485.0567626953125,1431.3734130859375
A3,dual_branch,multitask,3.0,885,0,0.5479546189308167,2460.093994140625,1576.1507568359375
A3,dual_branch,multitask,3.0,891,0,0.5394306182861328,2310.08837890625,1678.2877197265625
A3,dual_branch,multitask,3.0,893,0,0.49042603373527527,1350.0516357421875,1650.165771484375
A3,dual_branch,multitask,3.0,896,0,0.4905599057674408,2595.099365234375,1650.765869140625
A3,dual_branch,multitask,3.0,906,0,0.44171324372291565,3300.126220703125,1843.9779052734375
A3,dual_branch,multitask,3.0,907,0,0.49034416675567627,1455.0556640625,1651.2945556640625
A3,dual_branch,multitask,3.0,915,0,0.4858032166957855,3465.132568359375,1665.3984375
A3,dual_branch,multitask,3.0,922,0,0.558465301990509,1590.060791015625,1531.28857421875
A3,dual_branch,multitask,3.0,932,0,0.5515933632850647,2595.099365234375,1269.9912109375
A3,dual_branch,multitask,3.0,968,0,0.552954375743866,2040.0780029296875,1249.030029296875
A3,dual_branch,multitask,3.0,973,1,0.5524775385856628,660.0252685546875,1254.223388671875
A3,dual_branch,multitask,3.0,992,0,0.5659812092781067,3195.122314453125,1522.926025390625
A3,dual_branch,multitask,3.0,1003,0,0.534281313419342,2835.1083984375,1706.7552490234375
A3,dual_branch,multitask,3.0,1012,1,0.5536178946495056,300.011474609375,1243.04248046875
A3,dual_branch,multitask,3.0,1015,0,0.8398011922836304,2130.08154296875,593.76025390625
A3,dual_branch,multitask,3.0,1024,0,0.5766674280166626,2730.1044921875,1416.7423095703125
A3,dual_branch,multitask,3.0,1026,0,0.3911365270614624,2700.103271484375,2180.0673828125
A3,dual_branch,multitask,3.0,1027,0,0.4861794412136078,2310.08837890625,1663.0174560546875
A3,dual_branch,multitask,3.0,1029,1,0.534241795539856,825.0315551757812,1703.855224609375
A3,dual_branch,multitask,3.0,1038,0,0.5570584535598755,1575.060302734375,1516.39208984375
A3,dual_branch,multitask,3.0,1044,0,0.5591607689857483,1935.073974609375,1507.9112548828125
A3,dual_branch,multitask,3.0,1089,0,0.4906432330608368,2385.09130859375,1654.09912109375
A3,dual_branch,multitask,3.0,1093,0,0.853939950466156,1320.050537109375,520.4630126953125
A3,dual_branch,multitask,3.0,1110,0,0.8635113835334778,1770.0677490234375,456.8809814453125
A3,dual_branch,multitask,3.0,1133,0,0.8791641592979431,2475.0947265625,356.714111328125
A3,dual_branch,multitask,3.0,1141,0,0.5312321782112122,2505.095703125,1717.203857421875
A3,dual_branch,multitask,3.0,1144,0,0.8643453121185303,1545.05908203125,459.0992431640625
A3,dual_branch,multitask,3.0,1149,1,0.5537304282188416,1035.03955078125,1280.4072265625
A3,dual_branch,multitask,3.0,1166,0,0.8732825517654419,2190.083740234375,401.82763671875
A3,dual_branch,multitask,3.0,1173,0,0.5516926646232605,1155.044189453125,1262.8916015625
A3,dual_branch,multitask,3.0,1191,0,0.5570491552352905,1230.0469970703125,1229.201904296875
A3,dual_branch,multitask,3.0,1193,0,0.5506011247634888,2280.087158203125,1279.9320068359375
A3,dual_branch,multitask,3.0,1196,0,0.5344135761260986,1725.06591796875,1705.4881591796875
A3,dual_branch,multitask,3.0,1206,0,0.8509719967842102,1500.057373046875,689.081787109375
A3,dual_branch,multitask,3.0,1210,0,0.5133886337280273,1500.057373046875,1562.1314697265625
A3,dual_branch,multitask,3.0,1214,0,0.5444909334182739,3360.12841796875,1631.1646728515625
A3,dual_branch,multitask,3.0,1225,0,0.8709763884544373,2025.077392578125,414.5655517578125
A3,dual_branch,multitask,3.0,1231,1,0.5555734038352966,525.0200805664062,1530.9820556640625
A3,dual_branch,multitask,3.0,1239,1,0.4906681478023529,585.0223999023438,1655.1805419921875
A3,dual_branch,multitask,3.0,1240,0,0.561221718788147,1455.0556640625,1495.185302734375
A3,dual_branch,multitask,3.0,1242,1,0.557695746421814,510.0195007324219,1190.470458984375
A3,dual_branch,multitask,3.0,1257,1,0.561009407043457,900.034423828125,1496.1192626953125
A3,dual_branch,multitask,3.0,1259,0,0.4901173710823059,2490.09521484375,1648.64501953125
A3,dual_branch,multitask,3.0,1265,0,0.4899642765522003,1110.04248046875,1648.3663330078125
A3,dual_branch,multitask,3.0,1302,0,0.4902588427066803,1770.0677490234375,1650.6051025390625
A3,dual_branch,multitask,3.0,1307,0,0.5500649213790894,1425.0545654296875,1611.0277099609375
A3,dual_branch,multitask,3.0,1332,0,0.556485652923584,1290.04931640625,1277.94482421875
A3,dual_branch,multitask,3.0,1339,0,0.49010202288627625,1890.072265625,1650.069580078125
A3,dual_branch,multitask,3.0,1397,1,0.5785384774208069,900.034423828125,1395.8914794921875
A3,dual_branch,multitask,3.0,1425,0,0.49054259061813354,2640.10107421875,1649.6751708984375
A3,dual_branch,multitask,3.0,1461,0,0.4897957146167755,2955.113037109375,1647.825927734375
A3,dual_branch,multitask,3.0,1462,0,0.5880939364433289,3150.12060546875,1379.423828125
A3,dual_branch,multitask,3.0,1467,0,0.5634958744049072,1650.0631103515625,1484.5445556640625
A3,dual_branch,multitask,3.0,1469,0,0.49055957794189453,2205.084228515625,1651.1014404296875
A3,dual_branch,multitask,3.0,1484,0,0.5582987070083618,2655.1015625,1507.4886474609375
A3,dual_branch,multitask,3.0,1569,0,0.5617653131484985,1680.064208984375,1291.9434814453125
A3,dual_branch,multitask,3.0,1582,1,0.5369534492492676,1080.041259765625,1689.6326904296875
A3,dual_branch,multitask,3.0,1590,0,0.3484920263290405,3375.129150390625,2314.074462890625
A3,dual_branch,multitask,3.0,1591,0,0.41322287917137146,3015.115234375,2096.437255859375
A3,dual_branch,multitask,3.0,1593,0,0.8705636858940125,1650.0631103515625,420.791748046875
A3,dual_branch,multitask,3.0,1595,0,0.8737404346466064,1245.047607421875,397.029296875
A3,dual_branch,multitask,3.0,1598,1,0.8758687973022461,660.0252685546875,381.5706787109375
A3,dual_branch,multitask,3.0,1603,0,0.5648007988929749,2565.09814453125,1483.780517578125
A3,dual_branch,multitask,3.0,1612,0,0.5351935029029846,1500.057373046875,1685.9857177734375
A3,dual_branch,multitask,3.0,1616,1,0.8730737566947937,660.0252685546875,402.1087646484375
A3,dual_branch,multitask,3.0,1668,0,0.5622292757034302,1860.0711669921875,1498.0787353515625
A3,dual_branch,multitask,3.0,1707,0,0.549546480178833,2595.099365234375,1615.7464599609375
A3,dual_branch,multitask,3.0,1799,0,0.8554086089134216,2370.090576171875,562.92236328125
A3,dual_branch,multitask,3.0,1803,1,0.5584321022033691,375.01434326171875,1334.4173583984375
A3,dual_branch,multitask,3.0,1844,0,0.4902828335762024,1860.0711669921875,1652.1649169921875
A3,dual_branch,multitask,3.0,1906,0,0.48996344208717346,1230.0469970703125,1648.6689453125
A3,dual_branch,multitask,3.0,1928,0,0.8755534887313843,2040.0780029296875,383.4720458984375
A3,dual_branch,multitask,3.0,1933,1,0.5582751035690308,570.0217895507812,1566.3529052734375
A3,dual_branch,multitask,3.0,1937,0,0.8461435437202454,2565.09814453125,560.8995361328125
A3,dual_branch,multitask,3.0,1943,0,0.553149402141571,2445.093505859375,1307.0703125
A3,dual_branch,multitask,3.0,1973,0,0.5630534291267395,2280.087158203125,1310.6708984375
A3,dual_branch,multitask,3.0,2003,0,0.8903615474700928,2490.09521484375,277.798828125
A3,dual_branch,multitask,3.0,2012,0,0.5729487538337708,1920.073486328125,1388.8255615234375
A3,dual_branch,multitask,3.0,2032,1,0.5446674823760986,600.02294921875,1649.9547119140625
A3,dual_branch,multitask,3.0,2049,0,0.5751695036888123,1560.0596923828125,1355.269287109375
A3,dual_branch,multitask,3.0,2109,0,0.564120352268219,1770.0677490234375,1527.8460693359375
A3,dual_branch,multitask,3.0,2112,0,0.5465617775917053,2940.112548828125,1339.1318359375
A3,dual_branch,multitask,3.0,2152,0,0.4899531304836273,1620.06201171875,1649.1826171875
A3,dual_branch,multitask,3.0,2197,0,0.565097987651825,3000.11474609375,1506.8084716796875
A3,dual_branch,multitask,3.0,2215,0,0.8655722737312317,1440.0550537109375,451.3876953125
A3,dual_branch,multitask,3.0,2220,1,0.4901884198188782,675.0258178710938,1650.6298828125
A3,dual_branch,multitask,3.0,2225,0,0.559513509273529,2085.079833984375,1216.960205078125
A3,dual_branch,multitask,3.0,2255,0,0.49045678973197937,2070.0791015625,1651.3289794921875
A3,dual_branch,multitask,3.0,2273,0,0.553415060043335,2100.080322265625,1246.39990234375
A3,dual_branch,multitask,3.0,2279,1,0.49049797654151917,1020.0390014648438,1650.336181640625
A3,dual_branch,multitask,3.0,2311,1,0.49028605222702026,390.0149230957031,1651.6865234375
A3,dual_branch,multitask,3.0,2314,0,0.5562300682067871,1995.0762939453125,1292.2174072265625
A3,dual_branch,multitask,3.0,2359,0,0.5426749587059021,2760.10546875,1649.92578125
A3,dual_branch,multitask,3.0,2362,1,0.49012959003448486,660.0252685546875,1649.6876220703125
A3,dual_branch,multitask,3.0,2385,0,0.5322943329811096,2100.080322265625,1711.94970703125
A3,dual_branch,multitask,3.0,2387,0,0.48863494396209717,1470.0562744140625,1656.0994873046875
A3,dual_branch,multitask,3.0,2450,0,0.5507245659828186,1740.0665283203125,1624.881591796875
A3,dual_branch,multitask,3.0,2452,0,0.556097686290741,2145.08203125,1208.6529541015625
A3,dual_branch,multitask,3.0,2458,1,0.5404055714607239,810.031005859375,1670.5438232421875
A3,dual_branch,multitask,3.0,2530,1,0.8677358627319336,990.037841796875,438.133544921875
A3,dual_branch,multitask,3.0,2533,0,0.5375243425369263,2115.080810546875,1691.3935546875
A3,dual_branch,multitask,3.0,2603,0,0.5533930063247681,2790.106689453125,1597.1563720703125
A3,dual_branch,multitask,3.0,2621,0,0.8778315782546997,1755.067138671875,370.5804443359375
A3,dual_branch,multitask,3.0,2666,1,0.5681348443031311,915.0349731445312,1345.8326416015625
A3,dual_branch,multitask,3.0,2705,1,0.5613275766372681,915.0349731445312,1493.315673828125
A3,dual_branch,multitask,3.0,2736,0,0.5708869099617004,2685.102783203125,1398.823974609375
A3,dual_branch,multitask,3.0,2757,0,0.5357007384300232,1335.051025390625,1699.696533203125
A3,dual_branch,multitask,3.0,2813,1,0.5683968663215637,810.031005859375,1349.404052734375
A3,dual_branch,multitask,3.0,2815,1,0.5781251192092896,735.0281372070312,1406.36376953125
A3,dual_branch,multitask,3.0,2839,0,0.5574169754981995,1935.073974609375,1349.727783203125
A3,dual_branch,multitask,3.0,2863,0,0.49004682898521423,1815.0694580078125,1649.385009765625
A3,dual_branch,multitask,3.0,2870,1,0.576793909072876,465.0177917480469,1408.664306640625
A3,dual_branch,multitask,3.0,2895,0,0.5643837451934814,1875.07177734375,1528.984130859375
A3,dual_branch,multitask,3.0,2905,0,0.5554903149604797,1830.0699462890625,1405.2152099609375
A3,dual_branch,multitask,3.0,2918,1,0.554695188999176,1065.040771484375,1217.847412109375
A3,dual_branch,multitask,3.0,2921,0,0.561724841594696,1140.0435791015625,1429.4212646484375
A3,dual_branch,multitask,3.0,2963,0,0.5335070490837097,2340.089599609375,1709.96484375
A3,dual_branch,multitask,3.0,2982,0,0.5661281943321228,1695.0648193359375,1260.5784912109375
A3,dual_branch,multitask,3.0,2988,1,0.5778105854988098,360.0137634277344,1257.919677734375
A3,dual_branch,multitask,3.0,3054,0,0.4900304079055786,2280.087158203125,1650.779296875
A3,dual_branch,multitask,3.0,3099,1,0.4907599091529846,870.0332641601562,1651.8026123046875
A3,dual_branch,multitask,3.0,3103,0,0.5538946390151978,1530.0584716796875,1252.4986572265625
A3,dual_branch,multitask,3.0,3112,0,0.8572661280632019,1590.060791015625,499.982666015625
A3,dual_branch,multitask,3.0,3113,0,0.8727331161499023,2040.0780029296875,402.6148681640625
A3,dual_branch,multitask,3.0,3135,0,0.4901694357395172,1230.0469970703125,1648.11083984375
A3,dual_branch,multitask,3.0,3165,0,0.86765056848526,1890.072265625,425.287109375
A3,dual_branch,multitask,3.0,3199,1,0.4098925292491913,810.031005859375,2114.425048828125
A3,dual_branch,multitask,3.0,3277,1,0.8492377996444702,825.0315551757812,546.0616455078125
A3,dual_branch,multitask,3.0,3299,1,0.5773441195487976,795.0303955078125,1334.2923583984375
A3,dual_branch,multitask,3.0,3312,0,0.8405250310897827,1440.0550537109375,590.7537841796875
A3,dual_branch,multitask,3.0,3318,0,0.49063095450401306,1560.0596923828125,1651.969482421875
A3,dual_branch,multitask,3.0,3330,0,0.5517052412033081,1935.073974609375,1258.6669921875
A3,dual_branch,multitask,3.0,3338,1,0.49047982692718506,255.00975036621094,1653.3193359375
A3,dual_branch,multitask,3.0,3355,0,0.5554708242416382,1680.064208984375,1492.552001953125
A3,dual_branch,multitask,3.0,3442,1,0.4903152883052826,585.0223999023438,1646.8084716796875
A3,dual_branch,multitask,3.0,3478,0,0.8302834033966064,1350.0516357421875,640.735595703125
A3,dual_branch,multitask,3.0,3492,1,0.8572912812232971,705.0269775390625,501.2711181640625
A3,dual_branch,multitask,3.0,3521,0,0.4908311069011688,2025.0775146484375,1650.892578125
A3,dual_branch,multitask,3.0,3540,1,0.9000391364097595,375.01434326171875,180.796875
A3,dual_branch,multitask,3.0,3556,0,0.5752810835838318,1500.057373046875,1366.0965576171875
A3,dual_branch,multitask,3.0,3684,0,0.851568341255188,2100.080322265625,533.864013671875
A3,dual_branch,multitask,3.0,3718,0,0.8559024333953857,1845.070556640625,503.1177978515625
A3,dual_branch,multitask,3.0,3828,1,0.550009548664093,975.0372924804688,1628.758544921875
A3,early_fusion,multitask,1.0,27,0,0.5427381992340088,2145.08203125,1663.098876953125
A3,early_fusion,multitask,1.0,28,1,0.5484011769294739,915.0349731445312,1654.704345703125
A3,early_fusion,multitask,1.0,60,1,0.5175343751907349,855.03271484375,1789.741455078125
A3,early_fusion,multitask,1.0,67,0,0.6121952533721924,2550.097412109375,1592.6785888671875
A3,early_fusion,multitask,1.0,69,0,0.6602013111114502,1725.06591796875,1448.0552978515625
A3,early_fusion,multitask,1.0,73,0,0.4957900941371918,1635.0625,1874.0941162109375
A3,early_fusion,multitask,1.0,74,0,0.6284217834472656,1845.070556640625,1543.826171875
A3,early_fusion,multitask,1.0,96,1,0.5288510322570801,450.0172119140625,1703.7586669921875
A3,early_fusion,multitask,1.0,106,1,0.6701254844665527,360.0137634277344,1418.4112548828125
A3,early_fusion,multitask,1.0,113,0,0.6521995067596436,1140.0435791015625,1472.0494384765625
A3,early_fusion,multitask,1.0,123,0,0.5445728898048401,2310.08837890625,1661.07763671875
A3,early_fusion,multitask,1.0,139,0,0.6547118425369263,1155.044189453125,1464.248779296875
A3,early_fusion,multitask,1.0,143,0,0.5073099136352539,1320.050537109375,1905.4693603515625
A3,early_fusion,multitask,1.0,144,1,0.541044294834137,510.0195007324219,1665.9322509765625
A3,early_fusion,multitask,1.0,153,0,0.5288790464401245,1335.051025390625,1703.851806640625
A3,early_fusion,multitask,1.0,160,1,0.5423434376716614,390.0149230957031,1678.093994140625
A3,early_fusion,multitask,1.0,174,0,0.5081809163093567,3060.116943359375,1902.7005615234375
A3,early_fusion,multitask,1.0,215,0,0.5078852772712708,1785.0682373046875,1903.8775634765625
A3,early_fusion,multitask,1.0,219,0,0.49599823355674744,2355.090087890625,1873.62255859375
A3,early_fusion,multitask,1.0,221,0,0.5449365973472595,2250.0859375,1659.9259033203125
A3,early_fusion,multitask,1.0,230,0,0.6447746157646179,2625.100341796875,1493.5496826171875
A3,early_fusion,multitask,1.0,267,0,0.5291409492492676,1980.07568359375,1704.0509033203125
A3,early_fusion,multitask,1.0,278,0,0.5081481337547302,2010.076904296875,1902.325439453125
A3,early_fusion,multitask,1.0,283,1,0.5079566240310669,795.0303955078125,1903.6444091796875
A3,early_fusion,multitask,1.0,326,0,0.5289261341094971,1680.064208984375,1703.8448486328125
A3,early_fusion,multitask,1.0,327,0,0.541292130947113,1845.070556640625,1665.651611328125
A3,early_fusion,multitask,1.0,328,0,0.6713526844978333,1665.063720703125,1414.1448974609375
A3,early_fusion,multitask,1.0,347,0,0.529118537902832,2850.10888671875,1703.999267578125
A3,early_fusion,multitask,1.0,356,0,0.5288971662521362,2070.0791015625,1703.6072998046875
A3,early_fusion,multitask,1.0,360,0,0.556248664855957,1620.06201171875,1676.270263671875
A3,early_fusion,multitask,1.0,361,0,0.507850706577301,1680.064208984375,1903.743408203125
A3,early_fusion,multitask,1.0,363,0,0.690039873123169,1635.0625,1356.66357421875
A3,early_fusion,multitask,1.0,375,0,0.5289662480354309,3480.133056640625,1703.9683837890625
A3,early_fusion,multitask,1.0,383,0,0.5286199450492859,1725.06591796875,1703.565673828125
A3,early_fusion,multitask,1.0,384,1,0.6716541647911072,900.034423828125,1412.76904296875
A3,early_fusion,multitask,1.0,401,0,0.507718563079834,2445.093505859375,1903.7677001953125
A3,early_fusion,multitask,1.0,418,0,0.5289474129676819,1920.073486328125,1703.960693359375
A3,early_fusion,multitask,1.0,432,0,0.534533679485321,1530.0584716796875,1689.8880615234375
A3,early_fusion,multitask,1.0,467,0,0.6024411916732788,3420.130859375,1621.3912353515625
A3,early_fusion,multitask,1.0,503,0,0.5286892056465149,1335.051025390625,1703.1351318359375
A3,early_fusion,multitask,1.0,504,0,0.4974744915962219,2445.093505859375,1864.35205078125
A3,early_fusion,multitask,1.0,509,0,0.5075179934501648,2670.10205078125,1905.7076416015625
A3,early_fusion,multitask,1.0,514,0,0.5405886173248291,3000.11474609375,1666.348388671875
A3,early_fusion,multitask,1.0,536,0,0.540919840335846,2070.0791015625,1666.281494140625
A3,early_fusion,multitask,1.0,538,1,0.5040484070777893,990.037841796875,1843.6611328125
A3,early_fusion,multitask,1.0,541,0,0.49693235754966736,1110.04248046875,1870.985107421875
A3,early_fusion,multitask,1.0,544,0,0.4955751895904541,2925.11181640625,1871.7579345703125
A3,early_fusion,multitask,1.0,549,0,0.5768277645111084,1830.0699462890625,1651.780517578125
A3,early_fusion,multitask,1.0,551,0,0.5120922923088074,1410.053955078125,1805.6939697265625
A3,early_fusion,multitask,1.0,573,0,0.4954816401004791,3165.12109375,1876.029541015625
A3,early_fusion,multitask,1.0,581,0,0.5346078276634216,3150.120361328125,1691.2584228515625
A3,early_fusion,multitask,1.0,590,0,0.5406178832054138,2925.11181640625,1666.15283203125
A3,early_fusion,multitask,1.0,593,0,0.6594635248184204,2460.093994140625,1449.949462890625
A3,early_fusion,multitask,1.0,601,0,0.5080955624580383,1455.0556640625,1903.6983642578125
A3,early_fusion,multitask,1.0,628,0,0.5482096076011658,1365.05224609375,1654.4716796875
A3,early_fusion,multitask,1.0,645,0,0.4957040846347809,1545.05908203125,1872.597900390625
A3,early_fusion,multitask,1.0,659,0,0.5287078022956848,2610.099853515625,1703.74951171875
A3,early_fusion,multitask,1.0,662,0,0.6736564636230469,1425.0545654296875,1406.450439453125
A3,early_fusion,multitask,1.0,667,1,0.5567673444747925,660.0252685546875,1640.68603515625
A3,early_fusion,multitask,1.0,680,0,0.5088011622428894,3630.138916015625,1899.696533203125
A3,early_fusion,multitask,1.0,694,0,0.5478423237800598,3075.11767578125,1654.8768310546875
A3,early_fusion,multitask,1.0,708,1,0.5086697340011597,1065.040771484375,1900.7838134765625
A3,early_fusion,multitask,1.0,714,1,0.5501627922058105,1005.0384521484375,1654.31201171875
A3,early_fusion,multitask,1.0,717,0,0.5559340119361877,1605.0614013671875,1641.8814697265625
A3,early_fusion,multitask,1.0,726,0,0.4989907145500183,1560.0596923828125,1858.0455322265625
A3,early_fusion,multitask,1.0,740,0,0.5086272358894348,2115.080810546875,1901.1427001953125
A3,early_fusion,multitask,1.0,744,0,0.5324253439903259,3435.13134765625,1694.937255859375
A3,early_fusion,multitask,1.0,756,0,0.6619367003440857,1815.0694580078125,1442.106689453125
A3,early_fusion,multitask,1.0,798,0,0.5653602480888367,2490.09521484375,1721.9400634765625
A3,early_fusion,multitask,1.0,804,0,0.4533229172229767,2820.10791015625,1940.4169921875
A3,early_fusion,multitask,1.0,825,0,0.6211907267570496,1755.067138671875,1566.3271484375
A3,early_fusion,multitask,1.0,836,0,0.5288879871368408,3390.129638671875,1703.201171875
A3,early_fusion,multitask,1.0,838,0,0.4732653796672821,2865.109619140625,1875.420166015625
A3,early_fusion,multitask,1.0,854,0,0.6225602030754089,2790.106689453125,1561.2679443359375
A3,early_fusion,multitask,1.0,856,0,0.5298189520835876,2700.103271484375,1700.375244140625
A3,early_fusion,multitask,1.0,861,1,0.500243604183197,375.01434326171875,1855.8953857421875
A3,early_fusion,multitask,1.0,870,0,0.5306320786476135,2895.11083984375,1698.3233642578125
A3,early_fusion,multitask,1.0,874,0,0.5084651112556458,3180.12158203125,1902.1806640625
A3,early_fusion,multitask,1.0,880,1,0.541382908821106,690.0263671875,1665.5711669921875
A3,early_fusion,multitask,1.0,881,0,0.5712755918502808,1485.0567626953125,1615.311767578125
A3,early_fusion,multitask,1.0,885,0,0.5286279320716858,2460.093994140625,1703.5517578125
A3,early_fusion,multitask,1.0,891,0,0.5039332509040833,2310.08837890625,1842.109130859375
A3,early_fusion,multitask,1.0,893,0,0.5088284015655518,1350.0516357421875,1900.2152099609375
A3,early_fusion,multitask,1.0,896,0,0.5086076259613037,2595.099365234375,1900.71044921875
A3,early_fusion,multitask,1.0,906,0,0.4912714958190918,3300.126220703125,2053.474365234375
A3,early_fusion,multitask,1.0,907,0,0.5085517168045044,1455.0556640625,1901.7298583984375
A3,early_fusion,multitask,1.0,915,0,0.49728164076805115,3465.132568359375,1937.197021484375
A3,early_fusion,multitask,1.0,922,0,0.5289372205734253,1590.060791015625,1703.355224609375
A3,early_fusion,multitask,1.0,932,0,0.65006422996521,2595.099365234375,1477.9180908203125
A3,early_fusion,multitask,1.0,968,0,0.6349568963050842,2040.0780029296875,1522.31591796875
A3,early_fusion,multitask,1.0,973,1,0.6549278497695923,660.0252685546875,1463.5687255859375
A3,early_fusion,multitask,1.0,992,0,0.5677298307418823,3195.122314453125,1649.7530517578125
A3,early_fusion,multitask,1.0,1003,0,0.49624335765838623,2835.1083984375,1873.1700439453125
A3,early_fusion,multitask,1.0,1012,1,0.6837560534477234,300.011474609375,1375.883056640625
A3,early_fusion,multitask,1.0,1015,0,0.5698512196540833,2130.08154296875,1618.3095703125
A3,early_fusion,multitask,1.0,1024,0,0.5433338284492493,2730.1044921875,1674.994873046875
A3,early_fusion,multitask,1.0,1026,0,0.4661037027835846,2700.103271484375,1914.088134765625
A3,early_fusion,multitask,1.0,1027,0,0.5021825432777405,2310.08837890625,1919.7108154296875
A3,early_fusion,multitask,1.0,1029,1,0.49754542112350464,825.0315551757812,1865.496337890625
A3,early_fusion,multitask,1.0,1038,0,0.5376557111740112,1575.060302734375,1687.4857177734375
A3,early_fusion,multitask,1.0,1044,0,0.5394023060798645,1935.073974609375,1684.4493408203125
A3,early_fusion,multitask,1.0,1089,0,0.5086912512779236,2385.09130859375,1898.814697265625
A3,early_fusion,multitask,1.0,1093,0,0.5419420599937439,1320.050537109375,1665.319580078125
A3,early_fusion,multitask,1.0,1110,0,0.6063162684440613,1770.0677490234375,1573.4530029296875
A3,early_fusion,multitask,1.0,1133,0,0.5910247564315796,2475.0947265625,1615.6513671875
A3,early_fusion,multitask,1.0,1141,0,0.49602487683296204,2505.095703125,1874.318359375
A3,early_fusion,multitask,1.0,1144,0,0.5409555435180664,1545.05908203125,1666.2783203125
A3,early_fusion,multitask,1.0,1149,1,0.6680995225906372,1035.03955078125,1422.948974609375
A3,early_fusion,multitask,1.0,1166,0,0.5532307624816895,2190.083740234375,1652.3251953125
A3,early_fusion,multitask,1.0,1173,0,0.6930282115936279,1155.044189453125,1347.126953125
A3,early_fusion,multitask,1.0,1191,0,0.7480902075767517,1230.0469970703125,1171.2998046875
A3,early_fusion,multitask,1.0,1193,0,0.6420425772666931,2280.087158203125,1502.0892333984375
A3,early_fusion,multitask,1.0,1196,0,0.49762895703315735,1725.06591796875,1867.7996826171875
A3,early_fusion,multitask,1.0,1206,0,0.45662248134613037,1500.057373046875,2024.281982421875
A3,early_fusion,multitask,1.0,1210,0,0.4172753393650055,1500.057373046875,2535.427001953125
A3,early_fusion,multitask,1.0,1214,0,0.5296813249588013,3360.12841796875,1747.236328125
A3,early_fusion,multitask,1.0,1225,0,0.5622928142547607,2025.077392578125,1643.3216552734375
A3,early_fusion,multitask,1.0,1231,1,0.5289873480796814,525.0200805664062,1703.871826171875
A3,early_fusion,multitask,1.0,1239,1,0.508977472782135,585.0223999023438,1899.8345947265625
A3,early_fusion,multitask,1.0,1240,0,0.5321672558784485,1455.0556640625,1695.33251953125
A3,early_fusion,multitask,1.0,1242,1,0.6643351912498474,510.0195007324219,1436.05419921875
A3,early_fusion,multitask,1.0,1257,1,0.5377694964408875,900.034423828125,1687.8458251953125
A3,early_fusion,multitask,1.0,1259,0,0.5081008076667786,2490.09521484375,1902.951416015625
A3,early_fusion,multitask,1.0,1265,0,0.5085925459861755,1110.04248046875,1901.212646484375
A3,early_fusion,multitask,1.0,1302,0,0.5087055563926697,1770.0677490234375,1901.2392578125
A3,early_fusion,multitask,1.0,1307,0,0.5321287512779236,1425.0545654296875,1742.475341796875
A3,early_fusion,multitask,1.0,1332,0,0.6899479031562805,1290.04931640625,1357.140625
A3,early_fusion,multitask,1.0,1339,0,0.5089613199234009,1890.072265625,1899.916015625
A3,early_fusion,multitask,1.0,1397,1,0.5404574871063232,900.034423828125,1681.9141845703125
A3,early_fusion,multitask,1.0,1425,0,0.5092241168022156,2640.10107421875,1899.553955078125
A3,early_fusion,multitask,1.0,1461,0,0.509663999080658,2955.113037109375,1897.982177734375
A3,early_fusion,multitask,1.0,1462,0,0.6604400277137756,3150.12060546875,1432.745849609375
A3,early_fusion,multitask,1.0,1467,0,0.5310741066932678,1650.0631103515625,1697.974853515625
A3,early_fusion,multitask,1.0,1469,0,0.5106132626533508,2205.084228515625,1892.3629150390625
A3,early_fusion,multitask,1.0,1484,0,0.5350412130355835,2655.1015625,1689.8553466796875
A3,early_fusion,multitask,1.0,1569,0,0.7332296371459961,1680.064208984375,1218.2509765625
A3,early_fusion,multitask,1.0,1582,1,0.5011692047119141,1080.041259765625,1851.0404052734375
A3,early_fusion,multitask,1.0,1590,0,0.4548010528087616,3375.129150390625,1965.5887451171875
A3,early_fusion,multitask,1.0,1591,0,0.4593866169452667,3015.115234375,1919.0745849609375
A3,early_fusion,multitask,1.0,1593,0,0.5407774448394775,1650.0631103515625,1666.2105712890625
A3,early_fusion,multitask,1.0,1595,0,0.5508025288581848,1245.047607421875,1649.418212890625
A3,early_fusion,multitask,1.0,1598,1,0.5710521936416626,660.0252685546875,1618.20263671875
A3,early_fusion,multitask,1.0,1603,0,0.5579566955566406,2565.09814453125,1639.85498046875
A3,early_fusion,multitask,1.0,1612,0,0.5011637806892395,1500.057373046875,1843.1624755859375
A3,early_fusion,multitask,1.0,1616,1,0.5435800552368164,660.0252685546875,1663.4388427734375
A3,early_fusion,multitask,1.0,1668,0,0.538659393787384,1860.0711669921875,1683.81640625
A3,early_fusion,multitask,1.0,1707,0,0.5280405879020691,2595.099365234375,1755.7691650390625
A3,early_fusion,multitask,1.0,1799,0,0.5186323523521423,2370.090576171875,1860.3936767578125
A3,early_fusion,multitask,1.0,1803,1,0.7448192238807678,375.01434326171875,1182.4091796875
A3,early_fusion,multitask,1.0,1844,0,0.5086365938186646,1860.0711669921875,1901.0052490234375
A3,early_fusion,multitask,1.0,1906,0,0.5093570947647095,1230.0469970703125,1898.7210693359375
A3,early_fusion,multitask,1.0,1928,0,0.5765398740768433,2040.0780029296875,1621.4710693359375
A3,early_fusion,multitask,1.0,1933,1,0.5458927750587463,570.0217895507812,1707.105712890625
A3,early_fusion,multitask,1.0,1937,0,0.5559977889060974,2565.09814453125,1640.6727294921875
A3,early_fusion,multitask,1.0,1943,0,0.6765465140342712,2445.093505859375,1398.3603515625
A3,early_fusion,multitask,1.0,1973,0,0.744369626045227,2280.087158203125,1182.7454833984375
A3,early_fusion,multitask,1.0,2003,0,0.5753391981124878,2490.09521484375,1657.45947265625
A3,early_fusion,multitask,1.0,2012,0,0.5846241116523743,1920.073486328125,1583.7041015625
A3,early_fusion,multitask,1.0,2032,1,0.5121300220489502,600.02294921875,1806.97705078125
A3,early_fusion,multitask,1.0,2049,0,0.6726049184799194,1560.0596923828125,1384.88525390625
A3,early_fusion,multitask,1.0,2109,0,0.5729855298995972,1770.0677490234375,1633.4190673828125
A3,early_fusion,multitask,1.0,2112,0,0.6430792808532715,2940.112548828125,1498.4248046875
A3,early_fusion,multitask,1.0,2152,0,0.5081686973571777,1620.06201171875,1902.724609375
A3,early_fusion,multitask,1.0,2197,0,0.5358085632324219,3000.11474609375,1689.4827880859375
A3,early_fusion,multitask,1.0,2215,0,0.5455141663551331,1440.0550537109375,1658.45263671875
A3,early_fusion,multitask,1.0,2220,1,0.5090841054916382,675.0258178710938,1899.5743408203125
A3,early_fusion,multitask,1.0,2225,0,0.7291104793548584,2085.079833984375,1231.505126953125
A3,early_fusion,multitask,1.0,2255,0,0.5078574419021606,2070.0791015625,1904.383544921875
A3,early_fusion,multitask,1.0,2273,0,0.621392548084259,2100.080322265625,1564.8079833984375
A3,early_fusion,multitask,1.0,2279,1,0.5125554800033569,1020.0390014648438,1883.8023681640625
A3,early_fusion,multitask,1.0,2311,1,0.5088261961936951,390.0149230957031,1900.5933837890625
A3,early_fusion,multitask,1.0,2314,0,0.6969831585884094,1995.0762939453125,1334.70849609375
A3,early_fusion,multitask,1.0,2359,0,0.5170788168907166,2760.10546875,1786.4232177734375
A3,early_fusion,multitask,1.0,2362,1,0.5092518925666809,660.0252685546875,1899.0850830078125
A3,early_fusion,multitask,1.0,2385,0,0.49612075090408325,2100.080322265625,1869.1461181640625
A3,early_fusion,multitask,1.0,2387,0,0.5072936415672302,1470.0562744140625,1902.6773681640625
A3,early_fusion,multitask,1.0,2450,0,0.5231074690818787,1740.0665283203125,1775.529052734375
A3,early_fusion,multitask,1.0,2452,0,0.6673623919487,2145.08203125,1426.6041259765625
A3,early_fusion,multitask,1.0,2458,1,0.5059092044830322,810.031005859375,1831.703857421875
A3,early_fusion,multitask,1.0,2530,1,0.5503250956535339,990.037841796875,1648.316162109375
A3,early_fusion,multitask,1.0,2533,0,0.4995075464248657,2115.080810546875,1857.4136962890625
A3,early_fusion,multitask,1.0,2603,0,0.5329671502113342,2790.106689453125,1736.3363037109375
A3,early_fusion,multitask,1.0,2621,0,0.5640036463737488,1755.067138671875,1626.3228759765625
A3,early_fusion,multitask,1.0,2666,1,0.7369325160980225,915.0349731445312,1207.486572265625
A3,early_fusion,multitask,1.0,2705,1,0.5461062788963318,915.0349731445312,1668.4617919921875
A3,early_fusion,multitask,1.0,2736,0,0.5927813053131104,2685.102783203125,1566.556640625
A3,early_fusion,multitask,1.0,2757,0,0.4972483813762665,1335.051025390625,1866.1629638671875
A3,early_fusion,multitask,1.0,2813,1,0.7781826853752136,810.031005859375,1065.7568359375
A3,early_fusion,multitask,1.0,2815,1,0.5378320813179016,735.0281372070312,1686.604248046875
A3,early_fusion,multitask,1.0,2839,0,0.7183117270469666,1935.073974609375,1268.125732421875
A3,early_fusion,multitask,1.0,2863,0,0.5085471868515015,1815.0694580078125,1902.32421875
A3,early_fusion,multitask,1.0,2870,1,0.5422003269195557,465.0177917480469,1675.2755126953125
A3,early_fusion,multitask,1.0,2895,0,0.5665581822395325,1875.07177734375,1650.6739501953125
A3,early_fusion,multitask,1.0,2905,0,0.6447808146476746,1830.0699462890625,1493.548828125
A3,early_fusion,multitask,1.0,2918,1,0.6036206483840942,1065.040771484375,1618.1917724609375
A3,early_fusion,multitask,1.0,2921,0,0.6160171031951904,1140.0435791015625,1520.30419921875
A3,early_fusion,multitask,1.0,2963,0,0.49570491909980774,2340.089599609375,1871.8043212890625
A3,early_fusion,multitask,1.0,2982,0,0.7372260689735413,1695.0648193359375,1205.1539306640625
A3,early_fusion,multitask,1.0,2988,1,0.6541478633880615,360.0137634277344,1421.90771484375
A3,early_fusion,multitask,1.0,3054,0,0.5075138211250305,2280.087158203125,1904.270263671875
A3,early_fusion,multitask,1.0,3099,1,0.5109565258026123,870.0332641601562,1890.2420654296875
A3,early_fusion,multitask,1.0,3103,0,0.6641111373901367,1530.0584716796875,1435.69140625
A3,early_fusion,multitask,1.0,3112,0,0.5654337406158447,1590.060791015625,1635.138916015625
A3,early_fusion,multitask,1.0,3113,0,0.5679481029510498,2040.0780029296875,1642.1563720703125
A3,early_fusion,multitask,1.0,3135,0,0.5114549994468689,1230.0469970703125,1887.780029296875
A3,early_fusion,multitask,1.0,3165,0,0.6042574644088745,1890.072265625,1620.0626220703125
A3,early_fusion,multitask,1.0,3199,1,0.45687347650527954,810.031005859375,1923.4345703125
A3,early_fusion,multitask,1.0,3277,1,0.5666638016700745,825.0315551757812,1629.6199951171875
A3,early_fusion,multitask,1.0,3299,1,0.6752106547355652,795.0303955078125,1376.6923828125
A3,early_fusion,multitask,1.0,3312,0,0.5718497633934021,1440.0550537109375,1631.07861328125
A3,early_fusion,multitask,1.0,3318,0,0.5107689499855042,1560.0596923828125,1891.04931640625
A3,early_fusion,multitask,1.0,3330,0,0.5901423692703247,1935.073974609375,1656.586669921875
A3,early_fusion,multitask,1.0,3338,1,0.508958637714386,255.00975036621094,1898.5455322265625
A3,early_fusion,multitask,1.0,3355,0,0.5892859697341919,1680.064208984375,1578.304931640625
A3,early_fusion,multitask,1.0,3442,1,0.510674238204956,585.0223999023438,1892.3629150390625
A3,early_fusion,multitask,1.0,3478,0,0.5902146100997925,1350.0516357421875,1595.5054931640625
A3,early_fusion,multitask,1.0,3492,1,0.5461611151695251,705.0269775390625,1657.28369140625
A3,early_fusion,multitask,1.0,3521,0,0.5118657350540161,2025.0775146484375,1887.1785888671875
A3,early_fusion,multitask,1.0,3540,1,0.6420097351074219,375.01434326171875,1642.287353515625
A3,early_fusion,multitask,1.0,3556,0,0.5946230888366699,1500.057373046875,1562.313232421875
A3,early_fusion,multitask,1.0,3684,0,0.5429841876029968,2100.080322265625,1662.8814697265625
A3,early_fusion,multitask,1.0,3718,0,0.5897626876831055,1845.070556640625,1622.7613525390625
A3,early_fusion,multitask,1.0,3828,1,0.520645260810852,975.0372924804688,1783.5030517578125
A3,dual_branch,single_task,,27,0,0.86592036485672,2145.08203125,
A3,dual_branch,single_task,,28,1,0.8822256326675415,915.0349731445312,
A3,dual_branch,single_task,,60,1,0.5477162003517151,855.03271484375,
A3,dual_branch,single_task,,67,0,0.8399975895881653,2550.097412109375,
A3,dual_branch,single_task,,69,0,0.8277734518051147,1725.06591796875,
A3,dual_branch,single_task,,73,0,0.5414658188819885,1635.0625,
A3,dual_branch,single_task,,74,0,0.8124489784240723,1845.070556640625,
A3,dual_branch,single_task,,96,1,0.47835394740104675,450.0172119140625,
A3,dual_branch,single_task,,106,1,0.8147572875022888,360.0137634277344,
A3,dual_branch,single_task,,113,0,0.8440353274345398,1140.0435791015625,
A3,dual_branch,single_task,,123,0,0.8821055889129639,2310.08837890625,
A3,dual_branch,single_task,,139,0,0.830735981464386,1155.044189453125,
A3,dual_branch,single_task,,143,0,0.5618057250976562,1320.050537109375,
A3,dual_branch,single_task,,144,1,0.8760915994644165,510.0195007324219,
A3,dual_branch,single_task,,153,0,0.473567396402359,1335.051025390625,
A3,dual_branch,single_task,,160,1,0.4795382022857666,390.0149230957031,
A3,dual_branch,single_task,,174,0,0.562182605266571,3060.116943359375,
A3,dual_branch,single_task,,215,0,0.563374936580658,1785.0682373046875,
A3,dual_branch,single_task,,219,0,0.5394150018692017,2355.090087890625,
A3,dual_branch,single_task,,221,0,0.870388925075531,2250.0859375,
A3,dual_branch,single_task,,230,0,0.8303784728050232,2625.100341796875,
A3,dual_branch,single_task,,267,0,0.47580522298812866,1980.07568359375,
A3,dual_branch,single_task,,278,0,0.5735403895378113,2010.076904296875,
A3,dual_branch,single_task,,283,1,0.5647261142730713,795.0303955078125,
A3,dual_branch,single_task,,326,0,0.4826964735984802,1680.064208984375,
A3,dual_branch,single_task,,327,0,0.8944783210754395,1845.070556640625,
A3,dual_branch,single_task,,328,0,0.8114603161811829,1665.063720703125,
A3,dual_branch,single_task,,347,0,0.47790297865867615,2850.10888671875,
A3,dual_branch,single_task,,356,0,0.4769270122051239,2070.0791015625,
A3,dual_branch,single_task,,360,0,0.5769872665405273,1620.06201171875,
A3,dual_branch,single_task,,361,0,0.5651426315307617,1680.064208984375,
A3,dual_branch,single_task,,363,0,0.8255481719970703,1635.0625,
A3,dual_branch,single_task,,375,0,0.48136094212532043,3480.133056640625,
A3,dual_branch,single_task,,383,0,0.4754412770271301,1725.06591796875,
A3,dual_branch,single_task,,384,1,0.8564496040344238,900.034423828125,
A3,dual_branch,single_task,,401,0,0.5705309510231018,2445.093505859375,
A3,dual_branch,single_task,,418,0,0.47632527351379395,1920.073486328125,
A3,dual_branch,single_task,,432,0,0.4761858582496643,1530.0584716796875,
A3,dual_branch,single_task,,467,0,0.7939736843109131,3420.130859375,
A3,dual_branch,single_task,,503,0,0.4784046709537506,1335.051025390625,
A3,dual_branch,single_task,,504,0,0.5568237900733948,2445.093505859375,
A3,dual_branch,single_task,,509,0,0.5613502264022827,2670.10205078125,
A3,dual_branch,single_task,,514,0,0.8824019432067871,3000.11474609375,
A3,dual_branch,single_task,,536,0,0.883770763874054,2070.0791015625,
A3,dual_branch,single_task,,538,1,0.5718306303024292,990.037841796875,
A3,dual_branch,single_task,,541,0,0.5560765862464905,1110.04248046875,
A3,dual_branch,single_task,,544,0,0.5475463271141052,2925.11181640625,
A3,dual_branch,single_task,,549,0,0.8957415819168091,1830.0699462890625,
A3,dual_branch,single_task,,551,0,0.5669082403182983,1410.053955078125,
A3,dual_branch,single_task,,573,0,0.5470237135887146,3165.12109375,
A3,dual_branch,single_task,,581,0,0.4836061894893646,3150.120361328125,
A3,dual_branch,single_task,,590,0,0.8934323787689209,2925.11181640625,
A3,dual_branch,single_task,,593,0,0.8332648277282715,2460.093994140625,
A3,dual_branch,single_task,,601,0,0.5649754405021667,1455.0556640625,
A3,dual_branch,single_task,,628,0,0.8855711221694946,1365.05224609375,
A3,dual_branch,single_task,,645,0,0.5459392666816711,1545.05908203125,
A3,dual_branch,single_task,,659,0,0.48511025309562683,2610.099853515625,
A3,dual_branch,single_task,,662,0,0.8624229431152344,1425.0545654296875,
A3,dual_branch,single_task,,667,1,0.8163543939590454,660.0252685546875,
A3,dual_branch,single_task,,680,0,0.5848619937896729,3630.138916015625,
A3,dual_branch,single_task,,694,0,0.8863148093223572,3075.11767578125,
A3,dual_branch,single_task,,708,1,0.578255832195282,1065.040771484375,
A3,dual_branch,single_task,,714,1,0.8900153040885925,1005.0384521484375,
A3,dual_branch,single_task,,717,0,0.576518714427948,1605.0614013671875,
A3,dual_branch,single_task,,726,0,0.5491952300071716,1560.0596923828125,
A3,dual_branch,single_task,,740,0,0.5902114510536194,2115.080810546875,
A3,dual_branch,single_task,,744,0,0.4798886477947235,3435.13134765625,
A3,dual_branch,single_task,,756,0,0.8221047520637512,1815.0694580078125,
A3,dual_branch,single_task,,798,0,0.8498573303222656,2490.09521484375,
A3,dual_branch,single_task,,804,0,0.4959653913974762,2820.10791015625,
A3,dual_branch,single_task,,825,0,0.85612553358078,1755.067138671875,
A3,dual_branch,single_task,,836,0,0.48046281933784485,3390.129638671875,
A3,dual_branch,single_task,,838,0,0.5429083108901978,2865.109619140625,
A3,dual_branch,single_task,,854,0,0.8478975296020508,2790.106689453125,
A3,dual_branch,single_task,,856,0,0.4762575328350067,2700.103271484375,
A3,dual_branch,single_task,,861,1,0.5521888136863708,375.01434326171875,
A3,dual_branch,single_task,,870,0,0.4767118990421295,2895.11083984375,
A3,dual_branch,single_task,,874,0,0.5617407560348511,3180.12158203125,
A3,dual_branch,single_task,,880,1,0.8872081637382507,690.0263671875,
A3,dual_branch,single_task,,881,0,0.4832471013069153,1485.0567626953125,
A3,dual_branch,single_task,,885,0,0.47493231296539307,2460.093994140625,
A3,dual_branch,single_task,,891,0,0.5508338212966919,2310.08837890625,
A3,dual_branch,single_task,,893,0,0.5962180495262146,1350.0516357421875,
A3,dual_branch,single_task,,896,0,0.5944480895996094,2595.099365234375,
A3,dual_branch,single_task,,906,0,0.4649566411972046,3300.126220703125,
A3,dual_branch,single_task,,907,0,0.5661283135414124,1455.0556640625,
A3,dual_branch,single_task,,915,0,0.506260871887207,3465.132568359375,
A3,dual_branch,single_task,,922,0,0.4784092605113983,1590.060791015625,
A3,dual_branch,single_task,,932,0,0.8197156190872192,2595.099365234375,
A3,dual_branch,single_task,,968,0,0.8308824300765991,2040.0780029296875,
A3,dual_branch,single_task,,973,1,0.8203383684158325,660.0252685546875,
A3,dual_branch,single_task,,992,0,0.5666067004203796,3195.122314453125,
A3,dual_branch,single_task,,1003,0,0.5397393107414246,2835.1083984375,
A3,dual_branch,single_task,,1012,1,0.8457255363464355,300.011474609375,
A3,dual_branch,single_task,,1015,0,0.8489984273910522,2130.08154296875,
A3,dual_branch,single_task,,1024,0,0.48350968956947327,2730.1044921875,
A3,dual_branch,single_task,,1026,0,0.4924298822879791,2700.103271484375,
A3,dual_branch,single_task,,1027,0,0.5483193397521973,2310.08837890625,
A3,dual_branch,single_task,,1029,1,0.5586788058280945,825.0315551757812,
A3,dual_branch,single_task,,1038,0,0.47602760791778564,1575.060302734375,
A3,dual_branch,single_task,,1044,0,0.47668200731277466,1935.073974609375,
A3,dual_branch,single_task,,1089,0,0.5961329936981201,2385.09130859375,
A3,dual_branch,single_task,,1093,0,0.8646440505981445,1320.050537109375,
A3,dual_branch,single_task,,1110,0,0.8692342042922974,1770.0677490234375,
A3,dual_branch,single_task,,1133,0,0.8885930180549622,2475.0947265625,
A3,dual_branch,single_task,,1141,0,0.5377172231674194,2505.095703125,
A3,dual_branch,single_task,,1144,0,0.8784690499305725,1545.05908203125,
A3,dual_branch,single_task,,1149,1,0.8485400676727295,1035.03955078125,
A3,dual_branch,single_task,,1166,0,0.8878819942474365,2190.083740234375,
A3,dual_branch,single_task,,1173,0,0.828260064125061,1155.044189453125,
A3,dual_branch,single_task,,1191,0,0.8736401796340942,1230.0469970703125,
A3,dual_branch,single_task,,1193,0,0.7949962615966797,2280.087158203125,
A3,dual_branch,single_task,,1196,0,0.5439979434013367,1725.06591796875,
A3,dual_branch,single_task,,1206,0,0.8512832522392273,1500.057373046875,
A3,dual_branch,single_task,,1210,0,0.7733483910560608,1500.057373046875,
A3,dual_branch,single_task,,1214,0,0.5649659633636475,3360.12841796875,
A3,dual_branch,single_task,,1225,0,0.8873555660247803,2025.077392578125,
A3,dual_branch,single_task,,1231,1,0.47795766592025757,525.0200805664062,
A3,dual_branch,single_task,,1239,1,0.581669807434082,585.0223999023438,
A3,dual_branch,single_task,,1240,0,0.47866368293762207,1455.0556640625,
A3,dual_branch,single_task,,1242,1,0.8792585134506226,510.0195007324219,
A3,dual_branch,single_task,,1257,1,0.4782790541648865,900.034423828125,
A3,dual_branch,single_task,,1259,0,0.5738113522529602,2490.09521484375,
A3,dual_branch,single_task,,1265,0,0.5823999643325806,1110.04248046875,
A3,dual_branch,single_task,,1302,0,0.590578019618988,1770.0677490234375,
A3,dual_branch,single_task,,1307,0,0.5536060929298401,1425.0545654296875,
A3,dual_branch,single_task,,1332,0,0.8369595408439636,1290.04931640625,
A3,dual_branch,single_task,,1339,0,0.5784228444099426,1890.072265625,
A3,dual_branch,single_task,,1397,1,0.48401787877082825,900.034423828125,
A3,dual_branch,single_task,,1425,0,0.5856883525848389,2640.10107421875,
A3,dual_branch,single_task,,1461,0,0.5774306654930115,2955.113037109375,
A3,dual_branch,single_task,,1462,0,0.5967260599136353,3150.12060546875,
A3,dual_branch,single_task,,1467,0,0.47943010926246643,1650.0631103515625,
A3,dual_branch,single_task,,1469,0,0.6105049252510071,2205.084228515625,
A3,dual_branch,single_task,,1484,0,0.4764143228530884,2655.1015625,
A3,dual_branch,single_task,,1569,0,0.8939642310142517,1680.064208984375,
A3,dual_branch,single_task,,1582,1,0.5494619607925415,1080.041259765625,
A3,dual_branch,single_task,,1590,0,0.47588157653808594,3375.129150390625,
A3,dual_branch,single_task,,1591,0,0.4963494837284088,3015.115234375,
A3,dual_branch,single_task,,1593,0,0.883163571357727,1650.0631103515625,
A3,dual_branch,single_task,,1595,0,0.8878380060195923,1245.047607421875,
A3,dual_branch,single_task,,1598,1,0.8911768198013306,660.0252685546875,
A3,dual_branch,single_task,,1603,0,0.48048466444015503,2565.09814453125,
A3,dual_branch,single_task,,1612,0,0.5689007639884949,1500.057373046875,
A3,dual_branch,single_task,,1616,1,0.8888474702835083,660.0252685546875,
A3,dual_branch,single_task,,1668,0,0.4767813980579376,1860.0711669921875,
A3,dual_branch,single_task,,1707,0,0.5720714330673218,2595.099365234375,
A3,dual_branch,single_task,,1799,0,0.8557872176170349,2370.090576171875,
A3,dual_branch,single_task,,1803,1,0.8677883744239807,375.01434326171875,
A3,dual_branch,single_task,,1844,0,0.5698936581611633,1860.0711669921875,
A3,dual_branch,single_task,,1906,0,0.572424054145813,1230.0469970703125,
A3,dual_branch,single_task,,1928,0,0.887559711933136,2040.0780029296875,
A3,dual_branch,single_task,,1933,1,0.5770652294158936,570.0217895507812,
A3,dual_branch,single_task,,1937,0,0.8538066744804382,2565.09814453125,
A3,dual_branch,single_task,,1943,0,0.8444355726242065,2445.093505859375,
A3,dual_branch,single_task,,1973,0,0.8819389343261719,2280.087158203125,
A3,dual_branch,single_task,,2003,0,0.9044080376625061,2490.09521484375,
A3,dual_branch,single_task,,2012,0,0.48366063833236694,1920.073486328125,
A3,dual_branch,single_task,,2032,1,0.5693307518959045,600.02294921875,
A3,dual_branch,single_task,,2049,0,0.483222097158432,1560.0596923828125,
A3,dual_branch,single_task,,2109,0,0.5823531150817871,1770.0677490234375,
A3,dual_branch,single_task,,2112,0,0.7980710864067078,2940.112548828125,
A3,dual_branch,single_task,,2152,0,0.567018985748291,1620.06201171875,
A3,dual_branch,single_task,,2197,0,0.479295015335083,3000.11474609375,
A3,dual_branch,single_task,,2215,0,0.8821163177490234,1440.0550537109375,
A3,dual_branch,single_task,,2220,1,0.5776458978652954,675.0258178710938,
A3,dual_branch,single_task,,2225,0,0.9068495631217957,2085.079833984375,
A3,dual_branch,single_task,,2255,0,0.5717918872833252,2070.0791015625,
A3,dual_branch,single_task,,2273,0,0.8280816674232483,2100.080322265625,
A3,dual_branch,single_task,,2279,1,0.6957338452339172,1020.0390014648438,
A3,dual_branch,single_task,,2311,1,0.5736647844314575,390.0149230957031,
A3,dual_branch,single_task,,2314,0,0.8390112519264221,1995.0762939453125,
A3,dual_branch,single_task,,2359,0,0.5636826157569885,2760.10546875,
A3,dual_branch,single_task,,2362,1,0.5811100006103516,660.0252685546875,
A3,dual_branch,single_task,,2385,0,0.537053644657135,2100.080322265625,
A3,dual_branch,single_task,,2387,0,0.6056941151618958,1470.0562744140625,
A3,dual_branch,single_task,,2450,0,0.5526266694068909,1740.0665283203125,
A3,dual_branch,single_task,,2452,0,0.8700461983680725,2145.08203125,
A3,dual_branch,single_task,,2458,1,0.5493786931037903,810.031005859375,
A3,dual_branch,single_task,,2530,1,0.8815222382545471,990.037841796875,
A3,dual_branch,single_task,,2533,0,0.5543013215065002,2115.080810546875,
A3,dual_branch,single_task,,2603,0,0.5492203235626221,2790.106689453125,
A3,dual_branch,single_task,,2621,0,0.8948011994361877,1755.067138671875,
A3,dual_branch,single_task,,2666,1,0.8760331869125366,915.0349731445312,
A3,dual_branch,single_task,,2705,1,0.476831316947937,915.0349731445312,
A3,dual_branch,single_task,,2736,0,0.48319458961486816,2685.102783203125,
A3,dual_branch,single_task,,2757,0,0.5486721396446228,1335.051025390625,
A3,dual_branch,single_task,,2813,1,0.8832032680511475,810.031005859375,
A3,dual_branch,single_task,,2815,1,0.4854799509048462,735.0281372070312,
A3,dual_branch,single_task,,2839,0,0.838570237159729,1935.073974609375,
A3,dual_branch,single_task,,2863,0,0.5712921023368835,1815.0694580078125,
A3,dual_branch,single_task,,2870,1,0.4823601543903351,465.0177917480469,
A3,dual_branch,single_task,,2895,0,0.5690739750862122,1875.07177734375,
A3,dual_branch,single_task,,2905,0,0.8090984225273132,1830.0699462890625,
A3,dual_branch,single_task,,2918,1,0.8332868814468384,1065.040771484375,
A3,dual_branch,single_task,,2921,0,0.4812207818031311,1140.0435791015625,
A3,dual_branch,single_task,,2963,0,0.5396580100059509,2340.089599609375,
A3,dual_branch,single_task,,2982,0,0.9173973798751831,1695.0648193359375,
A3,dual_branch,single_task,,2988,1,0.48997607827186584,360.0137634277344,
A3,dual_branch,single_task,,3054,0,0.5652587413787842,2280.087158203125,
A3,dual_branch,single_task,,3099,1,0.6636277437210083,870.0332641601562,
A3,dual_branch,single_task,,3103,0,0.8312361836433411,1530.0584716796875,
A3,dual_branch,single_task,,3112,0,0.8639886975288391,1590.060791015625,
A3,dual_branch,single_task,,3113,0,0.8786312341690063,2040.0780029296875,
A3,dual_branch,single_task,,3135,0,0.6632068157196045,1230.0469970703125,
A3,dual_branch,single_task,,3165,0,0.8747667670249939,1890.072265625,
A3,dual_branch,single_task,,3199,1,0.49532708525657654,810.031005859375,
A3,dual_branch,single_task,,3277,1,0.8550721406936646,825.0315551757812,
A3,dual_branch,single_task,,3299,1,0.48570528626441956,795.0303955078125,
A3,dual_branch,single_task,,3312,0,0.8444147706031799,1440.0550537109375,
A3,dual_branch,single_task,,3318,0,0.6098551154136658,1560.0596923828125,
A3,dual_branch,single_task,,3330,0,0.8408229351043701,1935.073974609375,
A3,dual_branch,single_task,,3338,1,0.6055565476417542,255.00975036621094,
A3,dual_branch,single_task,,3355,0,0.47744518518447876,1680.064208984375,
A3,dual_branch,single_task,,3442,1,0.6218482851982117,585.0223999023438,
A3,dual_branch,single_task,,3478,0,0.8394153118133545,1350.0516357421875,
A3,dual_branch,single_task,,3492,1,0.8652356266975403,705.0269775390625,
A3,dual_branch,single_task,,3521,0,0.6568236947059631,2025.0775146484375,
A3,dual_branch,single_task,,3540,1,0.8922575116157532,375.01434326171875,
A3,dual_branch,single_task,,3556,0,0.48586854338645935,1500.057373046875,
A3,dual_branch,single_task,,3684,0,0.8567568063735962,2100.080322265625,
A3,dual_branch,single_task,,3718,0,0.8632289171218872,1845.070556640625,
A3,dual_branch,single_task,,3828,1,0.5481709837913513,975.0372924804688,
A2+A3,dual_branch,multitask,0.3,15,1,0.4407639801502228,315.010498046875,2027.369384765625
A2+A3,dual_branch,multitask,0.3,31,0,0.5569636821746826,1860.0618896484375,1692.9534912109375
A2+A3,dual_branch,multitask,0.3,38,0,0.44339242577552795,1635.054443359375,2020.860595703125
A2+A3,dual_branch,multitask,0.3,43,1,0.6196420192718506,105.00349426269531,1580.7059326171875
A2+A3,dual_branch,multitask,0.3,46,0,0.5126664638519287,1620.053955078125,1793.9390869140625
A2+A3,dual_branch,multitask,0.3,54,0,0.4400607943534851,1965.0654296875,2064.564208984375
A2+A3,dual_branch,multitask,0.3,57,0,0.49192193150520325,1500.0499267578125,1902.466552734375
A2+A3,dual_branch,multitask,0.3,92,0,0.49276450276374817,3555.118408203125,1900.6553955078125
A2+A3,dual_branch,multitask,0.3,97,1,0.621360719203949,900.0299682617188,1585.2896728515625
A2+A3,dual_branch,multitask,0.3,102,0,0.5815055966377258,3150.10498046875,1678.8984375
A2+A3,dual_branch,multitask,0.3,108,0,0.4803104102611542,1950.06494140625,1923.2109375
A2+A3,dual_branch,multitask,0.3,117,0,0.48075008392333984,2985.099365234375,1921.8056640625
A2+A3,dual_branch,multitask,0.3,122,0,0.5139365196228027,1950.06494140625,1795.858154296875
A2+A3,dual_branch,multitask,0.3,134,1,0.4810216724872589,585.0194702148438,1920.9783935546875
A2+A3,dual_branch,multitask,0.3,146,0,0.48022040724754333,1125.0374755859375,1923.478759765625
A2+A3,dual_branch,multitask,0.3,172,0,0.4861642122268677,1710.056884765625,1904.81103515625
A2+A3,dual_branch,multitask,0.3,181,0,0.5565055012702942,3525.117431640625,1691.09326171875
A2+A3,dual_branch,multitask,0.3,192,0,0.4461436867713928,3360.11181640625,2014.0743408203125
A2+A3,dual_branch,multitask,0.3,197,0,0.5081601738929749,2115.0703125,1789.1895751953125
A2+A3,dual_branch,multitask,0.3,201,0,0.534843921661377,1215.0404052734375,1809.9185791015625
A2+A3,dual_branch,multitask,0.3,204,0,0.5833885669708252,2040.06787109375,1669.817138671875
A2+A3,dual_branch,multitask,0.3,207,0,0.5039918422698975,1815.0604248046875,1792.4669189453125
A2+A3,dual_branch,multitask,0.3,224,0,0.48021554946899414,1485.0494384765625,1923.4871826171875
A2+A3,dual_branch,multitask,0.3,226,0,0.4950620234012604,2760.091796875,1895.521728515625
A2+A3,dual_branch,multitask,0.3,232,0,0.4534205198287964,1665.055419921875,1995.6795654296875
A2+A3,dual_branch,multitask,0.3,242,0,0.5029716491699219,3555.118408203125,1875.5960693359375
A2+A3,dual_branch,multitask,0.3,260,0,0.4409233033657074,1890.06298828125,2026.974365234375
A2+A3,dual_branch,multitask,0.3,261,0,0.4568431079387665,1320.0439453125,2004.173583984375
A2+A3,dual_branch,multitask,0.3,272,1,0.49625587463378906,435.0144958496094,1874.6536865234375
A2+A3,dual_branch,multitask,0.3,283,0,0.5018998980522156,1650.054931640625,1909.3651123046875
A2+A3,dual_branch,multitask,0.3,285,0,0.5092893838882446,1545.0513916015625,1939.915283203125
A2+A3,dual_branch,multitask,0.3,286,1,0.5999646782875061,630.02099609375,1627.4661865234375
A2+A3,dual_branch,multitask,0.3,287,0,0.48040106892585754,3660.121826171875,1930.5362548828125
A2+A3,dual_branch,multitask,0.3,289,0,0.5199024081230164,1590.052978515625,1858.101318359375
A2+A3,dual_branch,multitask,0.3,308,0,0.47146695852279663,1830.0609130859375,1952.208740234375
A2+A3,dual_branch,multitask,0.3,312,0,0.6811970472335815,1665.055419921875,1398.3472900390625
A2+A3,dual_branch,multitask,0.3,331,0,0.5714596509933472,3330.11083984375,1670.0714111328125
A2+A3,dual_branch,multitask,0.3,334,0,0.5462104678153992,2235.074462890625,1773.0
A2+A3,dual_branch,multitask,0.3,362,0,0.5750231742858887,1500.0499267578125,1669.13818359375
A2+A3,dual_branch,multitask,0.3,368,0,0.49690812826156616,3375.1123046875,1797.0347900390625
A2+A3,dual_branch,multitask,0.3,370,0,0.5990954637527466,1950.06494140625,1620.339111328125
A2+A3,dual_branch,multitask,0.3,380,0,0.5061618089675903,3555.118408203125,1789.7049560546875
A2+A3,dual_branch,multitask,0.3,384,0,0.48029452562332153,3075.102294921875,1923.2586669921875
A2+A3,dual_branch,multitask,0.3,395,0,0.4802602529525757,2415.080322265625,1923.36474609375
A2+A3,dual_branch,multitask,0.3,396,0,0.49278151988983154,2460.08203125,1900.615478515625
A2+A3,dual_branch,multitask,0.3,404,0,0.5708739757537842,2835.094482421875,1660.0738525390625
A2+A3,dual_branch,multitask,0.3,416,1,0.5059356093406677,540.0180053710938,1920.4727783203125
A2+A3,dual_branch,multitask,0.3,422,1,0.5242609977722168,735.0244750976562,1792.4302978515625
A2+A3,dual_branch,multitask,0.3,428,0,0.5980170965194702,1740.0579833984375,1612.65283203125
A2+A3,dual_branch,multitask,0.3,430,0,0.6018068194389343,2715.09033203125,1622.1650390625
A2+A3,dual_branch,multitask,0.3,437,0,0.5032974481582642,3000.099853515625,1785.990234375
A2+A3,dual_branch,multitask,0.3,441,0,0.5027397274971008,1620.053955078125,1791.2574462890625
A2+A3,dual_branch,multitask,0.3,453,0,0.444197416305542,2025.0673828125,2018.756591796875
A2+A3,dual_branch,multitask,0.3,460,0,0.48148804903030396,2865.095458984375,1919.508056640625
A2+A3,dual_branch,multitask,0.3,461,0,0.4823104739189148,2685.08935546875,1916.93701171875
A2+A3,dual_branch,multitask,0.3,478,0,0.594312310218811,3090.102783203125,1664.083984375
A2+A3,dual_branch,multitask,0.3,498,0,0.49511754512786865,1215.0404052734375,1894.8572998046875
A2+A3,dual_branch,multitask,0.3,509,0,0.4804868698120117,3255.1083984375,1922.65625
A2+A3,dual_branch,multitask,0.3,514,0,0.4814808666706085,3045.101318359375,1919.5355224609375
A2+A3,dual_branch,multitask,0.3,518,0,0.5949447751045227,1380.0458984375,1591.410400390625
A2+A3,dual_branch,multitask,0.3,522,0,0.5104966759681702,2235.074462890625,1792.1912841796875
A2+A3,dual_branch,multitask,0.3,530,0,0.5207523107528687,3150.10498046875,1802.7374267578125
A2+A3,dual_branch,multitask,0.3,544,0,0.5103697776794434,1140.0379638671875,1937.1617431640625
A2+A3,dual_branch,multitask,0.3,546,0,0.45826560258865356,1665.055419921875,1983.6287841796875
A2+A3,dual_branch,multitask,0.3,561,0,0.5804822444915771,2925.097412109375,1657.8526611328125
A2+A3,dual_branch,multitask,0.3,575,0,0.49249789118766785,3540.117919921875,1869.33935546875
A2+A3,dual_branch,multitask,0.3,578,0,0.5068904161453247,2625.08740234375,1788.623779296875
A2+A3,dual_branch,multitask,0.3,580,1,0.5089660286903381,240.00799560546875,1793.0986328125
A2+A3,dual_branch,multitask,0.3,599,0,0.5008192658424377,1605.053466796875,1788.8677978515625
A2+A3,dual_branch,multitask,0.3,604,0,0.5055439472198486,2535.08447265625,1944.8773193359375
A2+A3,dual_branch,multitask,0.3,612,0,0.4965790808200836,1740.0579833984375,1892.7213134765625
A2+A3,dual_branch,multitask,0.3,615,0,0.5923054814338684,1770.0589599609375,1616.8896484375
A2+A3,dual_branch,multitask,0.3,617,0,0.603897750377655,1755.0584716796875,1580.2200927734375
A2+A3,dual_branch,multitask,0.3,629,0,0.5137329697608948,1815.0604248046875,1795.0201416015625
A2+A3,dual_branch,multitask,0.3,635,0,0.4818447232246399,3045.101318359375,1918.4136962890625
A2+A3,dual_branch,multitask,0.3,637,0,0.6056936979293823,2970.098876953125,1611.587158203125
A2+A3,dual_branch,multitask,0.3,647,0,0.501867949962616,2640.087890625,1790.2955322265625
A2+A3,dual_branch,multitask,0.3,653,0,0.4822175204753876,3600.119873046875,1917.2530517578125
A2+A3,dual_branch,multitask,0.3,658,0,0.5025790333747864,2070.06884765625,1789.736328125
A2+A3,dual_branch,multitask,0.3,691,0,0.49904316663742065,1530.0509033203125,1800.250244140625
A2+A3,dual_branch,multitask,0.3,692,0,0.509899914264679,2655.08837890625,1788.7630615234375
A2+A3,dual_branch,multitask,0.3,700,0,0.5177114605903625,1380.0458984375,1795.5443115234375
A2+A3,dual_branch,multitask,0.3,712,1,0.5030434727668762,960.031982421875,1786.710693359375
A2+A3,dual_branch,multitask,0.3,714,0,0.5114524364471436,1710.056884765625,1790.8170166015625
A2+A3,dual_branch,multitask,0.3,740,0,0.5664075016975403,1395.0465087890625,1712.170654296875
A2+A3,dual_branch,multitask,0.3,741,0,0.5010186433792114,2865.095458984375,1787.306640625
A2+A3,dual_branch,multitask,0.3,744,0,0.5261102914810181,3120.10400390625,1830.4761962890625
A2+A3,dual_branch,multitask,0.3,745,0,0.46602529287338257,2475.08251953125,1965.3948974609375
A2+A3,dual_branch,multitask,0.3,752,0,0.49966520071029663,1980.06591796875,1882.0269775390625
A2+A3,dual_branch,multitask,0.3,753,0,0.4967140257358551,1515.0504150390625,1892.413330078125
A2+A3,dual_branch,multitask,0.3,762,0,0.4801921248435974,1830.0609130859375,1923.5645751953125
A2+A3,dual_branch,multitask,0.3,770,0,0.444362610578537,1485.0494384765625,2018.400634765625
A2+A3,dual_branch,multitask,0.3,778,0,0.5076690912246704,3270.10888671875,1791.5616455078125
A2+A3,dual_branch,multitask,0.3,786,0,0.5571691989898682,2640.087890625,1749.1214599609375
A2+A3,dual_branch,multitask,0.3,794,0,0.4562731683254242,3150.10498046875,1989.22314453125
A2+A3,dual_branch,multitask,0.3,807,0,0.4424441456794739,1530.0509033203125,2023.20751953125
A2+A3,dual_branch,multitask,0.3,811,0,0.5028679370880127,2925.097412109375,1877.9000244140625
A2+A3,dual_branch,multitask,0.3,814,0,0.49749988317489624,2190.072998046875,1843.652587890625
A2+A3,dual_branch,multitask,0.3,818,0,0.5045199990272522,2535.08447265625,1788.463623046875
A2+A3,dual_branch,multitask,0.3,820,0,0.5200809836387634,2745.09130859375,1780.8341064453125
A2+A3,dual_branch,multitask,0.3,828,0,0.5442409515380859,1650.054931640625,1779.3287353515625
A2+A3,dual_branch,multitask,0.3,854,0,0.4807184338569641,1455.0484619140625,1921.9097900390625
A2+A3,dual_branch,multitask,0.3,868,0,0.5115151405334473,2565.08544921875,1880.5169677734375
A2+A3,dual_branch,multitask,0.3,875,0,0.48028790950775146,1335.04443359375,1923.2835693359375
A2+A3,dual_branch,multitask,0.3,885,0,0.5832972526550293,1380.0458984375,1653.8538818359375
A2+A3,dual_branch,multitask,0.3,904,0,0.4820924997329712,1755.0584716796875,1939.03173828125
A2+A3,dual_branch,multitask,0.3,909,0,0.4598098397254944,3540.117919921875,1980.482666015625
A2+A3,dual_branch,multitask,0.3,912,0,0.5783682465553284,2820.093994140625,1655.57421875
A2+A3,dual_branch,multitask,0.3,980,0,0.6467055678367615,2010.06689453125,1448.028076171875
A2+A3,dual_branch,multitask,0.3,993,0,0.5117868185043335,2505.08349609375,1792.201904296875
A2+A3,dual_branch,multitask,0.3,997,0,0.600914716720581,2955.098388671875,1624.1541748046875
A2+A3,dual_branch,multitask,0.3,1027,0,0.6254813075065613,1545.0513916015625,1499.5498046875
A2+A3,dual_branch,multitask,0.3,1032,0,0.5041636824607849,2970.098876953125,1936.2486572265625
A2+A3,dual_branch,multitask,0.3,1055,0,0.49282464385032654,2175.072509765625,1884.9259033203125
A2+A3,dual_branch,multitask,0.3,1073,0,0.5027825832366943,2640.087890625,1876.31982421875
A2+A3,dual_branch,multitask,0.3,1077,0,0.5026856660842896,3450.114990234375,1952.4210205078125
A2+A3,dual_branch,multitask,0.3,1079,1,0.5139351487159729,1050.034912109375,1791.0843505859375
A2+A3,dual_branch,multitask,0.3,1089,0,0.5325329303741455,2370.078857421875,1768.69287109375
A2+A3,dual_branch,multitask,0.3,1097,0,0.5432915687561035,1515.0504150390625,1772.6212158203125
A2+A3,dual_branch,multitask,0.3,1109,0,0.49630260467529297,3135.1044921875,1874.5557861328125
A2+A3,dual_branch,multitask,0.3,1127,0,0.4599796235561371,2085.0693359375,1980.1597900390625
A2+A3,dual_branch,multitask,0.3,1144,0,0.4976446032524109,3135.1044921875,1936.27001953125
A2+A3,dual_branch,multitask,0.3,1148,0,0.49025729298591614,2400.079833984375,1892.6136474609375
A2+A3,dual_branch,multitask,0.3,1165,0,0.5548125505447388,2580.0859375,1753.9508056640625
A2+A3,dual_branch,multitask,0.3,1168,0,0.5535148978233337,1620.053955078125,1737.02099609375
A2+A3,dual_branch,multitask,0.3,1175,1,0.5082221031188965,870.0289916992188,1862.4937744140625
A2+A3,dual_branch,multitask,0.3,1191,0,0.5499914288520813,1290.04296875,1788.4075927734375
A2+A3,dual_branch,multitask,0.3,1200,1,0.5848317742347717,510.0169677734375,1667.3001708984375
A2+A3,dual_branch,multitask,0.3,1203,0,0.4981878697872162,2640.087890625,1868.9261474609375
A2+A3,dual_branch,multitask,0.3,1204,0,0.5293946862220764,2730.0908203125,1820.8914794921875
A2+A3,dual_branch,multitask,0.3,1216,0,0.6067639589309692,2430.080810546875,1613.28173828125
A2+A3,dual_branch,multitask,0.3,1231,1,0.549642026424408,315.010498046875,1759.13671875
A2+A3,dual_branch,multitask,0.3,1243,1,0.6485083103179932,915.0304565429688,1477.39794921875
A2+A3,dual_branch,multitask,0.3,1249,0,0.4612260162830353,2580.0859375,1976.9346923828125
A2+A3,dual_branch,multitask,0.3,1271,0,0.5930323600769043,2520.083984375,1638.2054443359375
A2+A3,dual_branch,multitask,0.3,1284,1,0.5148414969444275,375.0124816894531,1794.598876953125
A2+A3,dual_branch,multitask,0.3,1288,0,0.478519082069397,3120.10400390625,1935.1337890625
A2+A3,dual_branch,multitask,0.3,1298,0,0.4802057147026062,3240.10791015625,1923.5089111328125
A2+A3,dual_branch,multitask,0.3,1299,0,0.512884259223938,1455.0484619140625,1787.4288330078125
A2+A3,dual_branch,multitask,0.3,1396,0,0.515846312046051,1905.0634765625,1796.7288818359375
A2+A3,dual_branch,multitask,0.3,1414,1,0.6477723717689514,150.00498962402344,1447.4827880859375
A2+A3,dual_branch,multitask,0.3,1424,0,0.5043440461158752,1290.04296875,1789.3829345703125
A2+A3,dual_branch,multitask,0.3,1472,0,0.4807279109954834,1215.0404052734375,1921.9232177734375
A2+A3,dual_branch,multitask,0.3,1475,0,0.5063368082046509,3045.101318359375,1844.4949951171875
A2+A3,dual_branch,multitask,0.3,1498,0,0.5064050555229187,2520.083984375,1789.4210205078125
A2+A3,dual_branch,multitask,0.3,1508,1,0.5113702416419983,300.0099792480469,1857.001708984375
A2+A3,dual_branch,multitask,0.3,1510,0,0.5091915726661682,1260.0419921875,1788.07421875
A2+A3,dual_branch,multitask,0.3,1515,0,0.5555403232574463,1470.0489501953125,1743.3179931640625
A2+A3,dual_branch,multitask,0.3,1518,0,0.5035014748573303,1980.06591796875,1787.5601806640625
A2+A3,dual_branch,multitask,0.3,1591,1,0.5107162594795227,630.02099609375,1782.75927734375
A2+A3,dual_branch,multitask,0.3,1599,0,0.6520926356315613,1890.06298828125,1468.350830078125
A2+A3,dual_branch,multitask,0.3,1602,0,0.5049049258232117,2220.073974609375,1909.487548828125
A2+A3,dual_branch,multitask,0.3,1604,0,0.49898698925971985,2160.072021484375,1797.8828125
A2+A3,dual_branch,multitask,0.3,1645,0,0.4779456853866577,2280.075927734375,1937.3509521484375
A2+A3,dual_branch,multitask,0.3,1662,0,0.5104199647903442,1530.0509033203125,1782.3895263671875
A2+A3,dual_branch,multitask,0.3,1696,1,0.4723038673400879,840.0279541015625,1950.1793212890625
A2+A3,dual_branch,multitask,0.3,1705,0,0.6811627149581909,1275.04248046875,1352.78564453125
A2+A3,dual_branch,multitask,0.3,1719,0,0.5140953660011292,3030.100830078125,1795.1666259765625
A2+A3,dual_branch,multitask,0.3,1726,0,0.5898170471191406,2640.087890625,1653.8795166015625
A2+A3,dual_branch,multitask,0.3,1748,0,0.5625830888748169,1380.0458984375,1685.03173828125
A2+A3,dual_branch,multitask,0.3,1775,0,0.49959173798561096,1680.055908203125,1864.6932373046875
A2+A3,dual_branch,multitask,0.3,1783,0,0.5879395604133606,2295.076416015625,1635.9874267578125
A2+A3,dual_branch,multitask,0.3,1792,1,0.4924721419811249,1005.033447265625,2013.938720703125
A2+A3,dual_branch,multitask,0.3,1810,0,0.546465277671814,1635.054443359375,1767.3076171875
A2+A3,dual_branch,multitask,0.3,1816,1,0.48127660155296326,810.0269775390625,1920.162109375
A2+A3,dual_branch,multitask,0.3,1818,0,0.5820976495742798,2655.08837890625,1672.3624267578125
A2+A3,dual_branch,multitask,0.3,1822,1,0.49255815148353577,825.0274658203125,1901.0880126953125
A2+A3,dual_branch,multitask,0.3,1846,0,0.5052980780601501,2850.094970703125,1783.8773193359375
A2+A3,dual_branch,multitask,0.3,1889,0,0.4943670630455017,2430.080810546875,1896.499755859375
A2+A3,dual_branch,multitask,0.3,1892,0,0.5133996605873108,2100.06982421875,1931.6793212890625
A2+A3,dual_branch,multitask,0.3,1915,0,0.6441593766212463,1350.044921875,1517.470703125
A2+A3,dual_branch,multitask,0.3,1945,1,0.6288271546363831,615.0205078125,1537.408203125
A2+A3,dual_branch,multitask,0.3,1963,0,0.447033166885376,1170.0389404296875,2011.8690185546875
A2+A3,dual_branch,multitask,0.3,1988,0,0.5168328881263733,1995.06640625,1780.9774169921875
A2+A3,dual_branch,multitask,0.3,2000,0,0.48068681359291077,2340.077880859375,1922.0426025390625
A2+A3,dual_branch,multitask,0.3,2027,0,0.504003643989563,2040.06787109375,1791.519775390625
A2+A3,dual_branch,multitask,0.3,2038,1,0.4866396188735962,540.0180053710938,1903.4110107421875
A2+A3,dual_branch,multitask,0.3,2041,0,0.5064009428024292,3045.101318359375,1780.1937255859375
A2+A3,dual_branch,multitask,0.3,2045,0,0.5976313948631287,2205.073486328125,1601.1156005859375
A2+A3,dual_branch,multitask,0.3,2087,0,0.5057756900787354,2475.08251953125,1786.635986328125
A2+A3,dual_branch,multitask,0.3,2113,0,0.48883339762687683,1170.0389404296875,1896.3953857421875
A2+A3,dual_branch,multitask,0.3,2146,0,0.4831256866455078,2010.06689453125,1914.374755859375
A2+A3,dual_branch,multitask,0.3,2160,0,0.4530421793460846,2460.08203125,1996.8863525390625
A2+A3,dual_branch,multitask,0.3,2167,0,0.4894943833351135,1350.044921875,1894.9034423828125
A2+A3,dual_branch,multitask,0.3,2187,0,0.7476255893707275,2370.078857421875,1147.706787109375
A2+A3,dual_branch,multitask,0.3,2192,0,0.5135644674301147,1470.0489501953125,1791.5621337890625
A2+A3,dual_branch,multitask,0.3,2201,0,0.6215291023254395,1305.04345703125,1558.1328125
A2+A3,dual_branch,multitask,0.3,2229,0,0.7331790328025818,1395.0465087890625,1194.308349609375
A2+A3,dual_branch,multitask,0.3,2284,0,0.49155762791633606,2130.071044921875,1914.2567138671875
A2+A3,dual_branch,multitask,0.3,2299,0,0.509787917137146,2085.0693359375,1788.6893310546875
A2+A3,dual_branch,multitask,0.3,2302,0,0.5620017051696777,2070.06884765625,1730.18408203125
A2+A3,dual_branch,multitask,0.3,2321,0,0.5117462277412415,2355.078369140625,1783.88134765625
A2+A3,dual_branch,multitask,0.3,2333,0,0.5381649732589722,3075.102294921875,1752.8514404296875
A2+A3,dual_branch,multitask,0.3,2339,0,0.5101614594459534,1830.0609130859375,1790.2791748046875
A2+A3,dual_branch,multitask,0.3,2355,0,0.519555389881134,1200.0399169921875,1790.152587890625
A2+A3,dual_branch,multitask,0.3,2382,0,0.5852756500244141,1545.0513916015625,1671.910400390625
A2+A3,dual_branch,multitask,0.3,2420,1,0.6352621912956238,855.0284423828125,1493.26953125
A2+A3,dual_branch,multitask,0.3,2434,0,0.5196471214294434,1515.0504150390625,1788.100830078125
A2+A3,dual_branch,multitask,0.3,2459,1,0.5124734044075012,915.0304565429688,1790.5269775390625
A2+A3,dual_branch,multitask,0.3,2473,0,0.6355012059211731,1395.0465087890625,1537.806884765625
A2+A3,dual_branch,multitask,0.3,2502,0,0.48030897974967957,3000.099853515625,1923.2147216796875
A2+A3,dual_branch,multitask,0.3,2528,0,0.5030542612075806,2880.095947265625,1790.3992919921875
A2+A3,dual_branch,multitask,0.3,2543,0,0.5188469290733337,1215.0404052734375,1836.10400390625
A2+A3,dual_branch,multitask,0.3,2565,0,0.5723612904548645,2250.074951171875,1698.481201171875
A2+A3,dual_branch,multitask,0.3,2570,0,0.5907058715820312,2970.098876953125,1601.5682373046875
A2+A3,dual_branch,multitask,0.3,2571,0,0.5020492076873779,2400.079833984375,1795.9163818359375
A2+A3,dual_branch,multitask,0.3,2591,0,0.6682623624801636,2355.078369140625,1416.2294921875
A2+A3,dual_branch,multitask,0.3,2593,0,0.6080685257911682,1335.04443359375,1608.3551025390625
A2+A3,dual_branch,multitask,0.3,2604,0,0.5029069781303406,3060.101806640625,1791.552490234375
A2+A3,dual_branch,multitask,0.3,2621,0,0.5094271302223206,1395.0465087890625,1795.220703125
A2+A3,dual_branch,multitask,0.3,2629,0,0.5235083103179932,1350.044921875,1794.6409912109375
A2+A3,dual_branch,multitask,0.3,2692,0,0.5164272785186768,1590.052978515625,1795.6104736328125
A2+A3,dual_branch,multitask,0.3,2698,0,0.5817416906356812,2295.076416015625,1678.64501953125
A2+A3,dual_branch,multitask,0.3,2758,0,0.5150364637374878,1740.0579833984375,1786.8563232421875
A2+A3,dual_branch,multitask,0.3,2787,0,0.44325369596481323,3045.101318359375,2021.205078125
A2+A3,dual_branch,multitask,0.3,2788,0,0.5115755200386047,1905.0634765625,1783.3455810546875
A2+A3,dual_branch,multitask,0.3,2792,0,0.599396288394928,1905.0634765625,1631.948974609375
A2+A3,dual_branch,multitask,0.3,2958,1,0.4931737780570984,585.0194702148438,1893.6793212890625
A2+A3,dual_branch,multitask,0.3,3031,0,0.5233154892921448,1980.06591796875,1828.079833984375
A2+A3,dual_branch,multitask,0.3,3032,1,0.527267336845398,930.0309448242188,1813.7547607421875
A2+A3,dual_branch,multitask,0.3,3085,1,0.5157237648963928,855.0284423828125,1790.2203369140625
A2+A3,dual_branch,multitask,0.3,3100,1,0.5863250494003296,540.0180053710938,1663.26513671875
A2+A3,dual_branch,multitask,0.3,3109,0,0.6248466968536377,1905.0634765625,1574.6158447265625
A2+A3,dual_branch,multitask,0.3,3133,0,0.5637434124946594,1815.0604248046875,1679.473876953125
A2+A3,dual_branch,multitask,0.3,3135,1,0.5187878012657166,870.0289916992188,1787.3759765625
A2+A3,dual_branch,multitask,0.3,3174,1,0.6295533180236816,630.02099609375,1540.5474853515625
A2+A3,dual_branch,multitask,0.3,3187,1,0.670886754989624,660.02197265625,1407.578125
A2+A3,dual_branch,multitask,0.3,3308,1,0.5205695033073425,750.0249633789062,1834.111572265625
A2+A3,dual_branch,multitask,0.3,3329,1,0.7605051398277283,405.01348876953125,1098.755859375
A2+A3,dual_branch,multitask,0.3,3349,0,0.6319549679756165,2265.075439453125,1498.1875
A2+A3,dual_branch,multitask,0.3,3365,1,0.5033679604530334,645.021484375,1794.194091796875
A2+A3,dual_branch,multitask,0.3,3370,0,0.623158872127533,1245.04150390625,1555.313232421875
A2+A3,dual_branch,multitask,0.3,3375,0,0.4977247416973114,2370.078857421875,1888.4200439453125
A2+A3,dual_branch,multitask,0.3,3386,0,0.48163267970085144,1650.054931640625,1919.0623779296875
A2+A3,dual_branch,multitask,0.3,3388,1,0.5825947523117065,525.0174560546875,1626.87646484375
A2+A3,dual_branch,multitask,0.3,3457,1,0.6924731135368347,780.0260009765625,1337.69970703125
A2+A3,dual_branch,multitask,0.3,3488,0,0.5307177901268005,2160.072021484375,1817.5692138671875
A2+A3,dual_branch,multitask,0.3,3497,0,0.5676179528236389,2160.072021484375,1715.883056640625
A2+A3,dual_branch,multitask,0.3,3612,1,0.512393057346344,795.0264892578125,1852.0308837890625
A2+A3,dual_branch,multitask,0.3,3642,1,0.5047736763954163,810.0269775390625,1871.050537109375
A2+A3,dual_branch,multitask,0.3,3671,0,0.5587325096130371,1710.056884765625,1738.8355712890625
A2+A3,dual_branch,multitask,0.3,3690,0,0.4918573796749115,2565.08544921875,1887.8397216796875
A2+A3,dual_branch,multitask,0.3,3727,0,0.686724066734314,1695.056396484375,1353.2698974609375
A2+A3,dual_branch,multitask,0.3,3751,0,0.5156421661376953,1200.0399169921875,1793.5325927734375
A2+A3,dual_branch,multitask,0.3,3763,0,0.6035740971565247,1920.06396484375,1621.689697265625
A2+A3,dual_branch,multitask,0.3,3770,0,0.5849448442459106,1935.064453125,1659.7811279296875
A2+A3,dual_branch,multitask,0.3,3814,0,0.500891387462616,2190.072998046875,1795.491455078125
A2+A3,dual_branch,multitask,0.3,3823,0,0.5068749189376831,1440.0479736328125,1842.8641357421875
A2+A3,dual_branch,multitask,0.3,3845,0,0.5281997919082642,1965.0654296875,1780.016845703125
A2+A3,dual_branch,multitask,0.3,3847,0,0.49481385946273804,1410.0469970703125,1879.003173828125
A2+A3,dual_branch,multitask,0.3,3859,1,0.5336776971817017,465.0154724121094,1758.9932861328125
A2+A3,dual_branch,multitask,0.3,3865,1,0.626061737537384,570.0189819335938,1552.0245361328125
A2+A3,dual_branch,multitask,0.3,3996,0,0.6893007159233093,1095.0364990234375,1348.4608154296875
A2+A3,dual_branch,multitask,0.3,3997,1,0.5800280570983887,615.0205078125,1685.165771484375
A2+A3,dual_branch,multitask,0.3,4008,1,0.5437586903572083,330.010986328125,1807.0108642578125
A2+A3,dual_branch,multitask,0.3,4029,1,0.48669642210006714,660.02197265625,1903.2498779296875
A2+A3,dual_branch,multitask,0.3,4054,0,0.6075276732444763,1395.0465087890625,1597.83935546875
A2+A3,dual_branch,multitask,0.3,4083,1,0.7331909537315369,420.01397705078125,1209.276123046875
A2+A3,dual_branch,multitask,0.3,4126,0,0.6790781021118164,1155.0384521484375,1401.852294921875
A2+A3,dual_branch,multitask,0.3,4135,1,0.720741868019104,465.0154724121094,1260.306396484375
A2+A3,dual_branch,multitask,0.3,4161,1,0.611973762512207,375.0124816894531,1600.0570068359375
A2+A3,dual_branch,multitask,0.3,4169,0,0.506039023399353,2280.075927734375,1845.4080810546875
A2+A3,dual_branch,multitask,0.3,4172,0,0.49295955896377563,1320.0439453125,1900.1842041015625
A2+A3,dual_branch,multitask,0.3,4178,0,0.5024645328521729,1650.054931640625,1877.1240234375
A2+A3,dual_branch,multitask,0.3,4240,0,0.5882237553596497,1725.0574951171875,1635.181396484375
A2+A3,dual_branch,multitask,0.3,4284,1,0.5293792486190796,360.0119934082031,1768.4033203125
A2+A3,dual_branch,multitask,0.3,4286,1,0.5834465026855469,870.0289916992188,1669.4749755859375
A2+A3,dual_branch,multitask,0.3,4290,0,0.5618360638618469,1425.0474853515625,1730.0018310546875
A2+A3,dual_branch,multitask,0.3,4297,0,0.503267228603363,1530.0509033203125,1875.86181640625
A2+A3,dual_branch,multitask,0.3,4310,0,0.47370094060897827,1980.06591796875,1946.775146484375
A2+A3,dual_branch,multitask,0.3,4357,1,0.4441665709018707,915.0304565429688,2018.8458251953125
A2+A3,dual_branch,multitask,0.3,4434,1,0.6757805943489075,1035.034423828125,1393.1141357421875
A2+A3,dual_branch,multitask,0.3,4655,0,0.5645390748977661,1305.04345703125,1719.227783203125
A2+A3,dual_branch,multitask,0.3,4659,1,0.4997054934501648,285.0094909667969,1863.65380859375
A2+A3,dual_branch,multitask,0.3,27,0,0.4803140461444855,2145.08203125,1923.19091796875
A2+A3,dual_branch,multitask,0.3,28,1,0.5137473940849304,915.0349731445312,1794.845947265625
A2+A3,dual_branch,multitask,0.3,60,1,0.5175827741622925,855.03271484375,1840.6700439453125
A2+A3,dual_branch,multitask,0.3,67,0,0.6148277521133423,2550.097412109375,1601.9278564453125
A2+A3,dual_branch,multitask,0.3,69,0,0.4946269392967224,1725.06591796875,1897.024169921875
A2+A3,dual_branch,multitask,0.3,73,0,0.49236583709716797,1635.0625,1901.49365234375
A2+A3,dual_branch,multitask,0.3,74,0,0.48057398200035095,1845.070556640625,1922.3741455078125
A2+A3,dual_branch,multitask,0.3,96,1,0.5116682052612305,450.0172119140625,1794.9451904296875
A2+A3,dual_branch,multitask,0.3,106,1,0.5112609267234802,360.0137634277344,1792.226806640625
A2+A3,dual_branch,multitask,0.3,113,0,0.48044252395629883,1140.0435791015625,1922.805419921875
A2+A3,dual_branch,multitask,0.3,123,0,0.48042282462120056,2310.08837890625,1922.8372802734375
A2+A3,dual_branch,multitask,0.3,139,0,0.6047002673149109,1155.044189453125,1620.008544921875
A2+A3,dual_branch,multitask,0.3,143,0,0.5077338218688965,1320.050537109375,1791.005859375
A2+A3,dual_branch,multitask,0.3,144,1,0.49695631861686707,510.0195007324219,1891.791259765625
A2+A3,dual_branch,multitask,0.3,153,0,0.5575875639915466,1335.051025390625,1746.7208251953125
A2+A3,dual_branch,multitask,0.3,160,1,0.5144401788711548,390.0149230957031,1791.5517578125
A2+A3,dual_branch,multitask,0.3,174,0,0.4803445637226105,3060.116943359375,1923.09130859375
A2+A3,dual_branch,multitask,0.3,215,0,0.480370432138443,1785.0682373046875,1923.021728515625
A2+A3,dual_branch,multitask,0.3,219,0,0.4923137128353119,2355.090087890625,1901.60107421875
A2+A3,dual_branch,multitask,0.3,221,0,0.5979735851287842,2250.0859375,1640.81787109375
A2+A3,dual_branch,multitask,0.3,230,0,0.6046304106712341,2625.100341796875,1626.8876953125
A2+A3,dual_branch,multitask,0.3,267,0,0.6027874946594238,1980.07568359375,1624.4036865234375
A2+A3,dual_branch,multitask,0.3,278,0,0.5735350847244263,2010.076904296875,1698.6014404296875
A2+A3,dual_branch,multitask,0.3,283,1,0.599238395690918,795.0303955078125,1635.926513671875
A2+A3,dual_branch,multitask,0.3,326,0,0.4817742109298706,1680.064208984375,1918.5916748046875
A2+A3,dual_branch,multitask,0.3,327,0,0.6182317733764648,1845.070556640625,1577.4244384765625
A2+A3,dual_branch,multitask,0.3,328,0,0.5938092470169067,1665.063720703125,1651.6573486328125
A2+A3,dual_branch,multitask,0.3,347,0,0.6105032563209534,2850.10888671875,1605.408203125
A2+A3,dual_branch,multitask,0.3,356,0,0.5944158434867859,2070.0791015625,1652.004638671875
A2+A3,dual_branch,multitask,0.3,360,0,0.5219292640686035,1620.06201171875,1783.78564453125
A2+A3,dual_branch,multitask,0.3,361,0,0.5549789667129517,1680.064208984375,1754.566650390625
A2+A3,dual_branch,multitask,0.3,363,0,0.510383665561676,1635.0625,1792.6695556640625
A2+A3,dual_branch,multitask,0.3,375,0,0.48095718026161194,3480.133056640625,1921.1529541015625
A2+A3,dual_branch,multitask,0.3,383,0,0.4958716928958893,1725.06591796875,1894.2955322265625
A2+A3,dual_branch,multitask,0.3,384,1,0.5145420432090759,900.034423828125,1793.62109375
A2+A3,dual_branch,multitask,0.3,401,0,0.5758317708969116,2445.093505859375,1691.20458984375
A2+A3,dual_branch,multitask,0.3,418,0,0.5730960965156555,1920.073486328125,1701.60107421875
A2+A3,dual_branch,multitask,0.3,432,0,0.6297865509986877,1530.0584716796875,1542.704345703125
A2+A3,dual_branch,multitask,0.3,467,0,0.5930861234664917,3420.130859375,1666.3790283203125
A2+A3,dual_branch,multitask,0.3,503,0,0.5108780860900879,1335.051025390625,1793.2647705078125
A2+A3,dual_branch,multitask,0.3,504,0,0.606952428817749,2445.093505859375,1618.2587890625
A2+A3,dual_branch,multitask,0.3,509,0,0.5785462260246277,2670.10205078125,1685.74609375
A2+A3,dual_branch,multitask,0.3,514,0,0.4919915199279785,3000.11474609375,1902.3140869140625
A2+A3,dual_branch,multitask,0.3,536,0,0.49326658248901367,2070.0791015625,1899.6207275390625
A2+A3,dual_branch,multitask,0.3,538,1,0.6515250205993652,990.037841796875,1491.10009765625
A2+A3,dual_branch,multitask,0.3,541,0,0.6178910732269287,1110.04248046875,1582.7625732421875
A2+A3,dual_branch,multitask,0.3,544,0,0.5976525545120239,2925.11181640625,1637.046630859375
A2+A3,dual_branch,multitask,0.3,549,0,0.5668988227844238,1830.0699462890625,1714.3255615234375
A2+A3,dual_branch,multitask,0.3,551,0,0.5041530132293701,1410.053955078125,1873.68408203125
A2+A3,dual_branch,multitask,0.3,573,0,0.4922849237918854,3165.12109375,1901.6417236328125
A2+A3,dual_branch,multitask,0.3,581,0,0.5184293389320374,3150.120361328125,1792.6373291015625
A2+A3,dual_branch,multitask,0.3,590,0,0.5893272757530212,2925.11181640625,1658.515869140625
A2+A3,dual_branch,multitask,0.3,593,0,0.48064517974853516,2460.093994140625,1922.16552734375
A2+A3,dual_branch,multitask,0.3,601,0,0.6117135882377625,1455.0556640625,1606.627197265625
A2+A3,dual_branch,multitask,0.3,628,0,0.4935244023799896,1365.05224609375,1899.023681640625
A2+A3,dual_branch,multitask,0.3,645,0,0.6105144619941711,1545.05908203125,1599.225830078125
A2+A3,dual_branch,multitask,0.3,659,0,0.4919045567512512,2610.099853515625,1902.5126953125
A2+A3,dual_branch,multitask,0.3,662,0,0.5807324051856995,1425.0545654296875,1673.9365234375
A2+A3,dual_branch,multitask,0.3,667,1,0.49264538288116455,660.0252685546875,1900.680419921875
A2+A3,dual_branch,multitask,0.3,680,0,0.6310634613037109,3630.138916015625,1549.212158203125
A2+A3,dual_branch,multitask,0.3,694,0,0.4931662380695343,3075.11767578125,1899.82568359375
A2+A3,dual_branch,multitask,0.3,708,1,0.5767685174942017,1065.040771484375,1687.718505859375
A2+A3,dual_branch,multitask,0.3,714,1,0.6199066042900085,1005.0384521484375,1572.87646484375
A2+A3,dual_branch,multitask,0.3,717,0,0.5889698266983032,1605.0614013671875,1649.8614501953125
A2+A3,dual_branch,multitask,0.3,726,0,0.4996660649776459,1560.0596923828125,1884.16162109375
A2+A3,dual_branch,multitask,0.3,740,0,0.5262302160263062,2115.080810546875,1820.01416015625
A2+A3,dual_branch,multitask,0.3,744,0,0.6293779015541077,3435.13134765625,1552.5050048828125
A2+A3,dual_branch,multitask,0.3,756,0,0.5756823420524597,1815.0694580078125,1692.019287109375
A2+A3,dual_branch,multitask,0.3,798,0,0.5706684589385986,2490.09521484375,1707.7801513671875
A2+A3,dual_branch,multitask,0.3,804,0,0.5640037059783936,2820.10791015625,1734.2828369140625
A2+A3,dual_branch,multitask,0.3,825,0,0.49621278047561646,1755.067138671875,1891.8973388671875
A2+A3,dual_branch,multitask,0.3,836,0,0.4806608259677887,3390.129638671875,1922.08447265625
A2+A3,dual_branch,multitask,0.3,838,0,0.47124871611595154,2865.109619140625,1950.3157958984375
A2+A3,dual_branch,multitask,0.3,854,0,0.6237903833389282,2790.106689453125,1575.289794921875
A2+A3,dual_branch,multitask,0.3,856,0,0.5687201619148254,2700.103271484375,1709.71435546875
A2+A3,dual_branch,multitask,0.3,861,1,0.48546600341796875,375.01434326171875,1907.066650390625
A2+A3,dual_branch,multitask,0.3,870,0,0.5883336067199707,2895.11083984375,1668.1083984375
A2+A3,dual_branch,multitask,0.3,874,0,0.5775496363639832,3180.12158203125,1690.8958740234375
A2+A3,dual_branch,multitask,0.3,880,1,0.48039624094963074,690.0263671875,1922.93896484375
A2+A3,dual_branch,multitask,0.3,881,0,0.6465162634849548,1485.0567626953125,1503.4100341796875
A2+A3,dual_branch,multitask,0.3,885,0,0.5065235495567322,2460.093994140625,1791.1805419921875
A2+A3,dual_branch,multitask,0.3,891,0,0.6112672090530396,2310.08837890625,1605.4727783203125
A2+A3,dual_branch,multitask,0.3,893,0,0.512624979019165,1350.0516357421875,1852.4447021484375
A2+A3,dual_branch,multitask,0.3,896,0,0.6453203558921814,2595.099365234375,1496.26904296875
A2+A3,dual_branch,multitask,0.3,906,0,0.45140737295150757,3300.126220703125,2023.119140625
A2+A3,dual_branch,multitask,0.3,907,0,0.5129879713058472,1455.0556640625,1793.3782958984375
A2+A3,dual_branch,multitask,0.3,915,0,0.45409736037254333,3465.132568359375,2010.38818359375
A2+A3,dual_branch,multitask,0.3,922,0,0.49304357171058655,1590.060791015625,1900.0406494140625
A2+A3,dual_branch,multitask,0.3,932,0,0.5118598937988281,2595.099365234375,1793.8883056640625
A2+A3,dual_branch,multitask,0.3,968,0,0.6059226989746094,2040.0780029296875,1625.105224609375
A2+A3,dual_branch,multitask,0.3,973,1,0.597946047782898,660.0252685546875,1640.54931640625
A2+A3,dual_branch,multitask,0.3,992,0,0.595478355884552,3195.122314453125,1634.396240234375
A2+A3,dual_branch,multitask,0.3,1003,0,0.5946406126022339,2835.1083984375,1642.045166015625
A2+A3,dual_branch,multitask,0.3,1012,1,0.48031696677207947,300.011474609375,1923.1834716796875
A2+A3,dual_branch,multitask,0.3,1015,0,0.5948367714881897,2130.08154296875,1661.6298828125
A2+A3,dual_branch,multitask,0.3,1024,0,0.5878321528434753,2730.1044921875,1652.6124267578125
A2+A3,dual_branch,multitask,0.3,1026,0,0.6281718611717224,2700.103271484375,1545.548828125
A2+A3,dual_branch,multitask,0.3,1027,0,0.6242164969444275,2310.08837890625,1571.71435546875
A2+A3,dual_branch,multitask,0.3,1029,1,0.5815056562423706,825.0315551757812,1677.793212890625
A2+A3,dual_branch,multitask,0.3,1038,0,0.5713135004043579,1575.060302734375,1697.114990234375
A2+A3,dual_branch,multitask,0.3,1044,0,0.571357011795044,1935.073974609375,1699.9505615234375
A2+A3,dual_branch,multitask,0.3,1089,0,0.559175431728363,2385.09130859375,1738.0052490234375
A2+A3,dual_branch,multitask,0.3,1093,0,0.4802840054035187,1320.050537109375,1923.2861328125
A2+A3,dual_branch,multitask,0.3,1110,0,0.5810315608978271,1770.0677490234375,1665.295166015625
A2+A3,dual_branch,multitask,0.3,1133,0,0.5713824033737183,2475.0947265625,1694.94287109375
A2+A3,dual_branch,multitask,0.3,1141,0,0.5786222815513611,2505.095703125,1687.9222412109375
A2+A3,dual_branch,multitask,0.3,1144,0,0.4923894703388214,1545.05908203125,1901.4315185546875
A2+A3,dual_branch,multitask,0.3,1149,1,0.4955958425998688,1035.03955078125,1876.55810546875
A2+A3,dual_branch,multitask,0.3,1166,0,0.5951308012008667,2190.083740234375,1638.8345947265625
A2+A3,dual_branch,multitask,0.3,1173,0,0.4802727997303009,1155.044189453125,1923.31982421875
A2+A3,dual_branch,multitask,0.3,1191,0,0.6584959030151367,1230.0469970703125,1448.09326171875
A2+A3,dual_branch,multitask,0.3,1193,0,0.5755255818367004,2280.087158203125,1695.3525390625
A2+A3,dual_branch,multitask,0.3,1196,0,0.4829935133457184,1725.06591796875,1914.7821044921875
A2+A3,dual_branch,multitask,0.3,1206,0,0.4779616892337799,1500.057373046875,1936.3228759765625
A2+A3,dual_branch,multitask,0.3,1210,0,0.44571027159690857,1500.057373046875,2041.8505859375
A2+A3,dual_branch,multitask,0.3,1214,0,0.6223302483558655,3360.12841796875,1568.79052734375
A2+A3,dual_branch,multitask,0.3,1225,0,0.49690115451812744,2025.077392578125,1872.75830078125
A2+A3,dual_branch,multitask,0.3,1231,1,0.5799955129623413,525.0200805664062,1684.0753173828125
A2+A3,dual_branch,multitask,0.3,1239,1,0.562324047088623,585.0223999023438,1722.7728271484375
A2+A3,dual_branch,multitask,0.3,1240,0,0.4982049763202667,1455.0556640625,1887.649658203125
A2+A3,dual_branch,multitask,0.3,1242,1,0.5133681893348694,510.0195007324219,1849.7431640625
A2+A3,dual_branch,multitask,0.3,1257,1,0.5009157657623291,900.034423828125,1860.821533203125
A2+A3,dual_branch,multitask,0.3,1259,0,0.49425047636032104,2490.09521484375,1897.1927490234375
A2+A3,dual_branch,multitask,0.3,1265,0,0.5763548016548157,1110.04248046875,1684.648681640625
A2+A3,dual_branch,multitask,0.3,1302,0,0.5152843594551086,1770.0677490234375,1818.5869140625
A2+A3,dual_branch,multitask,0.3,1307,0,0.5087538361549377,1425.0545654296875,1837.46875
A2+A3,dual_branch,multitask,0.3,1332,0,0.5693037509918213,1290.04931640625,1704.5955810546875
A2+A3,dual_branch,multitask,0.3,1339,0,0.4957149922847748,1890.072265625,1893.4613037109375
A2+A3,dual_branch,multitask,0.3,1397,1,0.5108627080917358,900.034423828125,1830.8033447265625
A2+A3,dual_branch,multitask,0.3,1425,0,0.637605607509613,2640.10107421875,1528.9044189453125
A2+A3,dual_branch,multitask,0.3,1461,0,0.519287645816803,2955.113037109375,1798.200439453125
A2+A3,dual_branch,multitask,0.3,1462,0,0.6123378872871399,3150.12060546875,1598.67236328125
A2+A3,dual_branch,multitask,0.3,1467,0,0.5783970952033997,1650.0631103515625,1685.9825439453125
A2+A3,dual_branch,multitask,0.3,1469,0,0.5963931083679199,2205.084228515625,1627.6363525390625
A2+A3,dual_branch,multitask,0.3,1484,0,0.5028113126754761,2655.1015625,1876.9874267578125
A2+A3,dual_branch,multitask,0.3,1569,0,0.5911464691162109,1680.064208984375,1636.8970947265625
A2+A3,dual_branch,multitask,0.3,1582,1,0.5712504982948303,1080.041259765625,1701.4730224609375
A2+A3,dual_branch,multitask,0.3,1590,0,0.5001972317695618,3375.129150390625,1869.04541015625
A2+A3,dual_branch,multitask,0.3,1591,0,0.4582826793193817,3015.115234375,1994.469970703125
A2+A3,dual_branch,multitask,0.3,1593,0,0.5169033408164978,1650.0631103515625,1798.239501953125
A2+A3,dual_branch,multitask,0.3,1595,0,0.626225471496582,1245.047607421875,1570.0435791015625
A2+A3,dual_branch,multitask,0.3,1598,1,0.4875161349773407,660.0252685546875,1900.77783203125
A2+A3,dual_branch,multitask,0.3,1603,0,0.5267878174781799,2565.09814453125,1817.20556640625
A2+A3,dual_branch,multitask,0.3,1612,0,0.6213858127593994,1500.057373046875,1578.8243408203125
A2+A3,dual_branch,multitask,0.3,1616,1,0.6081806421279907,660.0252685546875,1604.3604736328125
A2+A3,dual_branch,multitask,0.3,1668,0,0.4979039430618286,1860.0711669921875,1869.812744140625
A2+A3,dual_branch,multitask,0.3,1707,0,0.5895550847053528,2595.099365234375,1642.79736328125
A2+A3,dual_branch,multitask,0.3,1799,0,0.49890193343162537,2370.090576171875,1873.215087890625
A2+A3,dual_branch,multitask,0.3,1803,1,0.5280600786209106,375.01434326171875,1813.418701171875
A2+A3,dual_branch,multitask,0.3,1844,0,0.5115403532981873,1860.0711669921875,1794.881103515625
A2+A3,dual_branch,multitask,0.3,1906,0,0.5175747871398926,1230.0469970703125,1798.0496826171875
A2+A3,dual_branch,multitask,0.3,1928,0,0.5184004902839661,2040.0780029296875,1794.72998046875
A2+A3,dual_branch,multitask,0.3,1933,1,0.5949853658676147,570.0217895507812,1634.6181640625
A2+A3,dual_branch,multitask,0.3,1937,0,0.4857237637042999,2565.09814453125,1906.208251953125
A2+A3,dual_branch,multitask,0.3,1943,0,0.49783432483673096,2445.093505859375,1888.316162109375
A2+A3,dual_branch,multitask,0.3,1973,0,0.6820735931396484,2280.087158203125,1387.4739990234375
A2+A3,dual_branch,multitask,0.3,2003,0,0.5857652425765991,2490.09521484375,1660.4759521484375
A2+A3,dual_branch,multitask,0.3,2012,0,0.5613309144973755,1920.073486328125,1686.758544921875
A2+A3,dual_branch,multitask,0.3,2032,1,0.4998573362827301,600.02294921875,1863.8743896484375
A2+A3,dual_branch,multitask,0.3,2049,0,0.6710572242736816,1560.0596923828125,1439.2825927734375
A2+A3,dual_branch,multitask,0.3,2109,0,0.5175751447677612,1770.0677490234375,1779.943603515625
A2+A3,dual_branch,multitask,0.3,2112,0,0.5937722325325012,2940.112548828125,1664.9205322265625
A2+A3,dual_branch,multitask,0.3,2152,0,0.5813266634941101,1620.06201171875,1679.30615234375
A2+A3,dual_branch,multitask,0.3,2197,0,0.5552588701248169,3000.11474609375,1733.6998291015625
A2+A3,dual_branch,multitask,0.3,2215,0,0.5112285614013672,1440.0550537109375,1793.2896728515625
A2+A3,dual_branch,multitask,0.3,2220,1,0.6091325283050537,675.0258178710938,1617.3311767578125
A2+A3,dual_branch,multitask,0.3,2225,0,0.5499749779701233,2085.079833984375,1719.2384033203125
A2+A3,dual_branch,multitask,0.3,2255,0,0.5086701512336731,2070.0791015625,1792.2357177734375
A2+A3,dual_branch,multitask,0.3,2273,0,0.5895882844924927,2100.080322265625,1660.0738525390625
A2+A3,dual_branch,multitask,0.3,2279,1,0.6434618234634399,1020.0390014648438,1503.4703369140625
A2+A3,dual_branch,multitask,0.3,2311,1,0.49578189849853516,390.0149230957031,1893.310546875
A2+A3,dual_branch,multitask,0.3,2314,0,0.5123890042304993,1995.0762939453125,1790.4393310546875
A2+A3,dual_branch,multitask,0.3,2359,0,0.4917312264442444,2760.10546875,1888.1904296875
A2+A3,dual_branch,multitask,0.3,2362,1,0.5056647062301636,660.0252685546875,1868.870361328125
A2+A3,dual_branch,multitask,0.3,2385,0,0.5849859118461609,2100.080322265625,1682.0196533203125
A2+A3,dual_branch,multitask,0.3,2387,0,0.5972266793251038,1470.0562744140625,1626.2703857421875
A2+A3,dual_branch,multitask,0.3,2450,0,0.633215606212616,1740.0665283203125,1529.900146484375
A2+A3,dual_branch,multitask,0.3,2452,0,0.4919486343860626,2145.08203125,1887.5108642578125
A2+A3,dual_branch,multitask,0.3,2458,1,0.5661197900772095,810.031005859375,1714.3839111328125
A2+A3,dual_branch,multitask,0.3,2530,1,0.5154685974121094,990.037841796875,1796.496826171875
A2+A3,dual_branch,multitask,0.3,2533,0,0.5151734948158264,2115.080810546875,1794.9417724609375
A2+A3,dual_branch,multitask,0.3,2603,0,0.6280527114868164,2790.106689453125,1561.9906005859375
A2+A3,dual_branch,multitask,0.3,2621,0,0.4968150556087494,1755.067138671875,1891.0731201171875
A2+A3,dual_branch,multitask,0.3,2666,1,0.5646806955337524,915.0349731445312,1677.1385498046875
A2+A3,dual_branch,multitask,0.3,2705,1,0.5165407061576843,915.0349731445312,1842.9078369140625
A2+A3,dual_branch,multitask,0.3,2736,0,0.577648401260376,2685.102783203125,1688.3341064453125
A2+A3,dual_branch,multitask,0.3,2757,0,0.48415857553482056,1335.051025390625,1911.146484375
A2+A3,dual_branch,multitask,0.3,2813,1,0.5180883407592773,810.031005859375,1777.99609375
A2+A3,dual_branch,multitask,0.3,2815,1,0.5047391057014465,735.0281372070312,1870.958251953125
A2+A3,dual_branch,multitask,0.3,2839,0,0.5116381645202637,1935.073974609375,1788.5386962890625
A2+A3,dual_branch,multitask,0.3,2863,0,0.482919305562973,1815.0694580078125,1915.058349609375
A2+A3,dual_branch,multitask,0.3,2870,1,0.5775454044342041,465.0177917480469,1675.3717041015625
A2+A3,dual_branch,multitask,0.3,2895,0,0.5842971205711365,1875.07177734375,1660.0655517578125
A2+A3,dual_branch,multitask,0.3,2905,0,0.5155394673347473,1830.0699462890625,1817.3748779296875
A2+A3,dual_branch,multitask,0.3,2918,1,0.5907177329063416,1065.040771484375,1655.159423828125
A2+A3,dual_branch,multitask,0.3,2921,0,0.5919367671012878,1140.0435791015625,1652.62158203125
A2+A3,dual_branch,multitask,0.3,2963,0,0.5984506011009216,2340.089599609375,1635.549072265625
A2+A3,dual_branch,multitask,0.3,2982,0,0.5753103494644165,1695.0648193359375,1646.94189453125
A2+A3,dual_branch,multitask,0.3,2988,1,0.7747605443000793,360.0137634277344,1050.391357421875
A2+A3,dual_branch,multitask,0.3,3054,0,0.5120441317558289,2280.087158203125,1794.532958984375
A2+A3,dual_branch,multitask,0.3,3099,1,0.6056405305862427,870.0332641601562,1600.643310546875
A2+A3,dual_branch,multitask,0.3,3103,0,0.5127665996551514,1530.0584716796875,1794.0599365234375
A2+A3,dual_branch,multitask,0.3,3112,0,0.5153852105140686,1590.060791015625,1796.6107177734375
A2+A3,dual_branch,multitask,0.3,3113,0,0.6485608220100403,2040.0780029296875,1500.9373779296875
A2+A3,dual_branch,multitask,0.3,3135,0,0.6233276128768921,1230.0469970703125,1556.4276123046875
A2+A3,dual_branch,multitask,0.3,3165,0,0.5584632754325867,1890.072265625,1695.1397705078125
A2+A3,dual_branch,multitask,0.3,3199,1,0.6073051691055298,810.031005859375,1615.7747802734375
A2+A3,dual_branch,multitask,0.3,3277,1,0.5131835341453552,825.0315551757812,1794.38671875
A2+A3,dual_branch,multitask,0.3,3299,1,0.6883854269981384,795.0303955078125,1349.002685546875
A2+A3,dual_branch,multitask,0.3,3312,0,0.502094030380249,1440.0550537109375,1878.002197265625
A2+A3,dual_branch,multitask,0.3,3318,0,0.5148631930351257,1560.0596923828125,1785.34228515625
A2+A3,dual_branch,multitask,0.3,3330,0,0.5194257497787476,1935.073974609375,1799.0408935546875
A2+A3,dual_branch,multitask,0.3,3338,1,0.6422977447509766,255.00975036621094,1502.2730712890625
A2+A3,dual_branch,multitask,0.3,3355,0,0.5710349082946777,1680.064208984375,1659.3778076171875
A2+A3,dual_branch,multitask,0.3,3442,1,0.5254678130149841,585.0223999023438,1784.4776611328125
A2+A3,dual_branch,multitask,0.3,3478,0,0.622516393661499,1350.0516357421875,1586.747314453125
A2+A3,dual_branch,multitask,0.3,3492,1,0.5863131284713745,705.0269775390625,1664.0916748046875
A2+A3,dual_branch,multitask,0.3,3521,0,0.6171659827232361,2025.0775146484375,1572.163818359375
A2+A3,dual_branch,multitask,0.3,3540,1,0.6957594752311707,375.01434326171875,1333.43505859375
A2+A3,dual_branch,multitask,0.3,3556,0,0.6985275149345398,1500.057373046875,1334.8861083984375
A2+A3,dual_branch,multitask,0.3,3684,0,0.4808391332626343,2100.080322265625,1921.5211181640625
A2+A3,dual_branch,multitask,0.3,3718,0,0.5276241302490234,1845.070556640625,1814.634521484375
A2+A3,dual_branch,multitask,0.3,3828,1,0.6067222952842712,975.0372924804688,1606.2725830078125
A2+A3,dual_branch,multitask,1.0,15,1,0.46109291911125183,315.010498046875,1987.09375
A2+A3,dual_branch,multitask,1.0,31,0,0.659973680973053,1860.0618896484375,1486.5081787109375
A2+A3,dual_branch,multitask,1.0,38,0,0.5021435022354126,1635.054443359375,1953.638427734375
A2+A3,dual_branch,multitask,1.0,43,1,0.7022344470024109,105.00349426269531,1390.686279296875
A2+A3,dual_branch,multitask,1.0,46,0,0.5722891092300415,1620.053955078125,1698.37890625
A2+A3,dual_branch,multitask,1.0,54,0,0.5068166255950928,1965.0654296875,1867.4168701171875
A2+A3,dual_branch,multitask,1.0,57,0,0.6043494939804077,1500.0499267578125,1650.1102294921875
A2+A3,dual_branch,multitask,1.0,92,0,0.5904417634010315,3555.118408203125,1676.99951171875
A2+A3,dual_branch,multitask,1.0,97,1,0.6876432299613953,900.0299682617188,1424.521240234375
A2+A3,dual_branch,multitask,1.0,102,0,0.4940977692604065,3150.10498046875,1820.34765625
A2+A3,dual_branch,multitask,1.0,108,0,0.5809272527694702,1950.06494140625,1667.0775146484375
A2+A3,dual_branch,multitask,1.0,117,0,0.582587718963623,2985.099365234375,1662.4381103515625
A2+A3,dual_branch,multitask,1.0,122,0,0.5756233334541321,1950.06494140625,1695.843017578125
A2+A3,dual_branch,multitask,1.0,134,1,0.5867003202438354,585.0194702148438,1650.9630126953125
A2+A3,dual_branch,multitask,1.0,146,0,0.5682883858680725,1125.0374755859375,1700.70849609375
A2+A3,dual_branch,multitask,1.0,172,0,0.5731559991836548,1710.056884765625,1684.5321044921875
A2+A3,dual_branch,multitask,1.0,181,0,0.6478658318519592,3525.117431640625,1517.3233642578125
A2+A3,dual_branch,multitask,1.0,192,0,0.5138450264930725,3360.11181640625,1918.21630859375
A2+A3,dual_branch,multitask,1.0,197,0,0.5720357894897461,2115.0703125,1697.46337890625
A2+A3,dual_branch,multitask,1.0,201,0,0.4736100137233734,1215.0404052734375,1907.2435302734375
A2+A3,dual_branch,multitask,1.0,204,0,0.5217021703720093,2040.06787109375,1736.18896484375
A2+A3,dual_branch,multitask,1.0,207,0,0.5460493564605713,1815.0604248046875,1688.0888671875
A2+A3,dual_branch,multitask,1.0,224,0,0.5560750365257263,1485.0494384765625,1733.2713623046875
A2+A3,dual_branch,multitask,1.0,226,0,0.5582345128059387,2760.091796875,1741.99853515625
A2+A3,dual_branch,multitask,1.0,232,0,0.5267448425292969,1665.055419921875,1835.5830078125
A2+A3,dual_branch,multitask,1.0,242,0,0.6240828633308411,3555.118408203125,1550.764892578125
A2+A3,dual_branch,multitask,1.0,260,0,0.46424251794815063,1890.06298828125,1986.38916015625
A2+A3,dual_branch,multitask,1.0,261,0,0.6106336712837219,1320.0439453125,1586.9300537109375
A2+A3,dual_branch,multitask,1.0,272,1,0.6755462884902954,435.0144958496094,1381.4993896484375
A2+A3,dual_branch,multitask,1.0,283,0,0.46951109170913696,1650.054931640625,1905.5145263671875
A2+A3,dual_branch,multitask,1.0,285,0,0.46257853507995605,1545.0513916015625,1937.1478271484375
A2+A3,dual_branch,multitask,1.0,286,1,0.5323706269264221,630.02099609375,1714.3299560546875
A2+A3,dual_branch,multitask,1.0,287,0,0.4464918375015259,3660.121826171875,2042.9088134765625
A2+A3,dual_branch,multitask,1.0,289,0,0.46716180443763733,1590.052978515625,1920.613525390625
A2+A3,dual_branch,multitask,1.0,308,0,0.5412349700927734,1830.0609130859375,1794.3466796875
A2+A3,dual_branch,multitask,1.0,312,0,0.731263279914856,1665.055419921875,1324.02001953125
A2+A3,dual_branch,multitask,1.0,331,0,0.6426967978477478,3330.11083984375,1523.7911376953125
A2+A3,dual_branch,multitask,1.0,334,0,0.4752741754055023,2235.074462890625,1873.8876953125
A2+A3,dual_branch,multitask,1.0,362,0,0.5708900690078735,1500.0499267578125,1552.297607421875
A2+A3,dual_branch,multitask,1.0,368,0,0.5499967932701111,3375.1123046875,1677.2337646484375
A2+A3,dual_branch,multitask,1.0,370,0,0.6781291961669922,1950.06494140625,1447.112060546875
A2+A3,dual_branch,multitask,1.0,380,0,0.5596862435340881,3555.118408203125,1697.7099609375
A2+A3,dual_branch,multitask,1.0,384,0,0.579214334487915,3075.102294921875,1671.8486328125
A2+A3,dual_branch,multitask,1.0,395,0,0.5827761292457581,2415.080322265625,1661.9735107421875
A2+A3,dual_branch,multitask,1.0,396,0,0.5901107788085938,2460.08203125,1676.7470703125
A2+A3,dual_branch,multitask,1.0,404,0,0.6758201718330383,2835.094482421875,1452.384521484375
A2+A3,dual_branch,multitask,1.0,416,1,0.46677958965301514,540.0180053710938,1876.990478515625
A2+A3,dual_branch,multitask,1.0,422,1,0.6629398465156555,735.0244750976562,1424.2825927734375
A2+A3,dual_branch,multitask,1.0,428,0,0.6701367497444153,1740.0579833984375,1463.25390625
A2+A3,dual_branch,multitask,1.0,430,0,0.5328513383865356,2715.09033203125,1711.0137939453125
A2+A3,dual_branch,multitask,1.0,437,0,0.5607970952987671,3000.099853515625,1704.2734375
A2+A3,dual_branch,multitask,1.0,441,0,0.5440690517425537,1620.053955078125,1690.0697021484375
A2+A3,dual_branch,multitask,1.0,453,0,0.5075068473815918,2025.0673828125,1916.8280029296875
A2+A3,dual_branch,multitask,1.0,460,0,0.5674312710762024,2865.095458984375,1704.19921875
A2+A3,dual_branch,multitask,1.0,461,0,0.5868996381759644,2685.08935546875,1650.438232421875
A2+A3,dual_branch,multitask,1.0,478,0,0.641207218170166,3090.102783203125,1525.6383056640625
A2+A3,dual_branch,multitask,1.0,498,0,0.6023470759391785,1215.0404052734375,1624.6610107421875
A2+A3,dual_branch,multitask,1.0,509,0,0.6047059297561646,3255.1083984375,1600.6021728515625
A2+A3,dual_branch,multitask,1.0,514,0,0.592362105846405,3045.101318359375,1635.3524169921875
A2+A3,dual_branch,multitask,1.0,518,0,0.6711137890815735,1380.0458984375,1461.0732421875
A2+A3,dual_branch,multitask,1.0,522,0,0.571331799030304,2235.074462890625,1699.25341796875
A2+A3,dual_branch,multitask,1.0,530,0,0.6441777944564819,3150.10498046875,1482.410888671875
A2+A3,dual_branch,multitask,1.0,544,0,0.46154916286468506,1140.0379638671875,1944.844970703125
A2+A3,dual_branch,multitask,1.0,546,0,0.5263833403587341,1665.055419921875,1866.774658203125
A2+A3,dual_branch,multitask,1.0,561,0,0.630118191242218,2925.097412109375,1546.873046875
A2+A3,dual_branch,multitask,1.0,575,0,0.5274078249931335,3540.117919921875,1663.0751953125
A2+A3,dual_branch,multitask,1.0,578,0,0.5668273568153381,2625.08740234375,1701.4986572265625
A2+A3,dual_branch,multitask,1.0,580,1,0.5705657601356506,240.00799560546875,1700.605224609375
A2+A3,dual_branch,multitask,1.0,599,0,0.5484494566917419,1605.053466796875,1696.3951416015625
A2+A3,dual_branch,multitask,1.0,604,0,0.46666404604911804,2535.08447265625,1853.1324462890625
A2+A3,dual_branch,multitask,1.0,612,0,0.5786208510398865,1740.0579833984375,1693.5009765625
A2+A3,dual_branch,multitask,1.0,615,0,0.6556915044784546,1770.0589599609375,1494.0621337890625
A2+A3,dual_branch,multitask,1.0,617,0,0.6834748983383179,1755.0584716796875,1434.06982421875
A2+A3,dual_branch,multitask,1.0,629,0,0.5754937529563904,1815.0604248046875,1696.062744140625
A2+A3,dual_branch,multitask,1.0,635,0,0.6204068660736084,3045.101318359375,1553.3065185546875
A2+A3,dual_branch,multitask,1.0,637,0,0.6793084740638733,2970.098876953125,1443.849609375
A2+A3,dual_branch,multitask,1.0,647,0,0.5462521314620972,2640.087890625,1693.728759765625
A2+A3,dual_branch,multitask,1.0,653,0,0.588005542755127,3600.119873046875,1647.4005126953125
A2+A3,dual_branch,multitask,1.0,658,0,0.554358720779419,2070.06884765625,1651.52880859375
A2+A3,dual_branch,multitask,1.0,691,0,0.5441001653671265,1530.0509033203125,1689.4163818359375
A2+A3,dual_branch,multitask,1.0,692,0,0.5774370431900024,2655.08837890625,1700.7520751953125
A2+A3,dual_branch,multitask,1.0,700,0,0.5819259285926819,1380.0458984375,1691.18017578125
A2+A3,dual_branch,multitask,1.0,712,1,0.5621065497398376,960.031982421875,1683.37255859375
A2+A3,dual_branch,multitask,1.0,714,0,0.5756850838661194,1710.056884765625,1680.96923828125
A2+A3,dual_branch,multitask,1.0,740,0,0.4955706000328064,1395.0465087890625,1836.675048828125
A2+A3,dual_branch,multitask,1.0,741,0,0.5524140000343323,2865.095458984375,1696.7335205078125
A2+A3,dual_branch,multitask,1.0,744,0,0.4669967293739319,3120.10400390625,1869.717529296875
A2+A3,dual_branch,multitask,1.0,745,0,0.5536353588104248,2475.08251953125,1761.4862060546875
A2+A3,dual_branch,multitask,1.0,752,0,0.5959650874137878,1980.06591796875,1634.8897705078125
A2+A3,dual_branch,multitask,1.0,753,0,0.5838130116462708,1515.0504150390625,1669.966796875
A2+A3,dual_branch,multitask,1.0,762,0,0.5442384481430054,1830.0609130859375,1762.080322265625
A2+A3,dual_branch,multitask,1.0,770,0,0.5100677609443665,1485.0494384765625,1919.2154541015625
A2+A3,dual_branch,multitask,1.0,778,0,0.5643247365951538,3270.10888671875,1701.6527099609375
A2+A3,dual_branch,multitask,1.0,786,0,0.4794114828109741,2640.087890625,1911.070556640625
A2+A3,dual_branch,multitask,1.0,794,0,0.5310391783714294,3150.10498046875,1842.004638671875
A2+A3,dual_branch,multitask,1.0,807,0,0.4858831763267517,1530.0509033203125,1975.13232421875
A2+A3,dual_branch,multitask,1.0,811,0,0.5770479440689087,2925.097412109375,1689.1534423828125
A2+A3,dual_branch,multitask,1.0,814,0,0.5339891314506531,2190.072998046875,1675.9853515625
A2+A3,dual_branch,multitask,1.0,818,0,0.5517213344573975,2535.08447265625,1695.8072509765625
A2+A3,dual_branch,multitask,1.0,820,0,0.6025034785270691,2745.09130859375,1621.49853515625
A2+A3,dual_branch,multitask,1.0,828,0,0.47982165217399597,1650.054931640625,1876.8211669921875
A2+A3,dual_branch,multitask,1.0,854,0,0.5950626134872437,1455.0484619140625,1627.1766357421875
A2+A3,dual_branch,multitask,1.0,868,0,0.4654616713523865,2565.08544921875,1909.9453125
A2+A3,dual_branch,multitask,1.0,875,0,0.5969223380088806,1335.04443359375,1622.583984375
A2+A3,dual_branch,multitask,1.0,885,0,0.6547268033027649,1380.0458984375,1496.705078125
A2+A3,dual_branch,multitask,1.0,904,0,0.4758734107017517,1755.0584716796875,1863.1927490234375
A2+A3,dual_branch,multitask,1.0,909,0,0.5344721674919128,3540.117919921875,1825.9737548828125
A2+A3,dual_branch,multitask,1.0,912,0,0.6596158742904663,2820.093994140625,1485.7210693359375
A2+A3,dual_branch,multitask,1.0,980,0,0.7195117473602295,2010.06689453125,1353.628662109375
A2+A3,dual_branch,multitask,1.0,993,0,0.5744252800941467,2505.08349609375,1692.720703125
A2+A3,dual_branch,multitask,1.0,997,0,0.5369475483894348,2955.098388671875,1707.266845703125
A2+A3,dual_branch,multitask,1.0,1027,0,0.7042738199234009,1545.0513916015625,1387.676513671875
A2+A3,dual_branch,multitask,1.0,1032,0,0.46537113189697266,2970.098876953125,1909.61767578125
A2+A3,dual_branch,multitask,1.0,1055,0,0.6148931980133057,2175.072509765625,1571.627685546875
A2+A3,dual_branch,multitask,1.0,1073,0,0.6023697853088379,2640.087890625,1618.1463623046875
A2+A3,dual_branch,multitask,1.0,1077,0,0.4646744132041931,3450.114990234375,1922.062255859375
A2+A3,dual_branch,multitask,1.0,1079,1,0.5837072134017944,1050.034912109375,1696.58544921875
A2+A3,dual_branch,multitask,1.0,1089,0,0.6878365278244019,2370.078857421875,1344.349853515625
A2+A3,dual_branch,multitask,1.0,1097,0,0.4879915416240692,1515.0504150390625,1837.5225830078125
A2+A3,dual_branch,multitask,1.0,1109,0,0.6075787544250488,3135.1044921875,1592.2796630859375
A2+A3,dual_branch,multitask,1.0,1127,0,0.5440355539321899,2085.0693359375,1797.9404296875
A2+A3,dual_branch,multitask,1.0,1144,0,0.4675334095954895,3135.1044921875,1884.2283935546875
A2+A3,dual_branch,multitask,1.0,1148,0,0.6087790727615356,2400.079833984375,1589.089111328125
A2+A3,dual_branch,multitask,1.0,1165,0,0.4733089506626129,2580.0859375,1908.5123291015625
A2+A3,dual_branch,multitask,1.0,1168,0,0.49756285548210144,1620.053955078125,1760.690185546875
A2+A3,dual_branch,multitask,1.0,1175,1,0.6339700222015381,870.0289916992188,1528.6290283203125
A2+A3,dual_branch,multitask,1.0,1191,0,0.4895780086517334,1290.04296875,1802.2081298828125
A2+A3,dual_branch,multitask,1.0,1200,1,0.49051976203918457,510.0169677734375,1798.8685302734375
A2+A3,dual_branch,multitask,1.0,1203,0,0.6280908584594727,2640.087890625,1531.7979736328125
A2+A3,dual_branch,multitask,1.0,1204,0,0.47248876094818115,2730.0908203125,1898.4659423828125
A2+A3,dual_branch,multitask,1.0,1216,0,0.6803259253501892,2430.080810546875,1440.855224609375
A2+A3,dual_branch,multitask,1.0,1231,1,0.4874515235424042,315.010498046875,1813.9559326171875
A2+A3,dual_branch,multitask,1.0,1243,1,0.7149028182029724,915.0304565429688,1362.63427734375
A2+A3,dual_branch,multitask,1.0,1249,0,0.578632652759552,2580.0859375,1692.910400390625
A2+A3,dual_branch,multitask,1.0,1271,0,0.5288740396499634,2520.083984375,1678.53173828125
A2+A3,dual_branch,multitask,1.0,1284,1,0.5836862325668335,375.0124816894531,1680.6014404296875
A2+A3,dual_branch,multitask,1.0,1288,0,0.5546233057975769,3120.10400390625,1746.4649658203125
A2+A3,dual_branch,multitask,1.0,1298,0,0.593427836894989,3240.10791015625,1632.317626953125
A2+A3,dual_branch,multitask,1.0,1299,0,0.5862928032875061,1455.0484619140625,1654.487548828125
A2+A3,dual_branch,multitask,1.0,1396,0,0.5856009721755981,1905.0634765625,1693.5338134765625
A2+A3,dual_branch,multitask,1.0,1414,1,0.7099826335906982,150.00498962402344,1374.068359375
A2+A3,dual_branch,multitask,1.0,1424,0,0.5601163506507874,1290.04296875,1702.127685546875
A2+A3,dual_branch,multitask,1.0,1472,0,0.606725811958313,1215.0404052734375,1594.504638671875
A2+A3,dual_branch,multitask,1.0,1475,0,0.657913088798523,3045.101318359375,1439.827392578125
A2+A3,dual_branch,multitask,1.0,1498,0,0.5788680911064148,2520.083984375,1593.6031494140625
A2+A3,dual_branch,multitask,1.0,1508,1,0.6066007018089294,300.0099792480469,1598.96044921875
A2+A3,dual_branch,multitask,1.0,1510,0,0.5690133571624756,1260.0419921875,1683.0618896484375
A2+A3,dual_branch,multitask,1.0,1515,0,0.4843483865261078,1470.0489501953125,1861.3172607421875
A2+A3,dual_branch,multitask,1.0,1518,0,0.5607758164405823,1980.06591796875,1642.0111083984375
A2+A3,dual_branch,multitask,1.0,1591,1,0.589462399482727,630.02099609375,1657.2371826171875
A2+A3,dual_branch,multitask,1.0,1599,0,0.7109181880950928,1890.06298828125,1371.948974609375
A2+A3,dual_branch,multitask,1.0,1602,0,0.4713260233402252,2220.073974609375,1843.9447021484375
A2+A3,dual_branch,multitask,1.0,1604,0,0.5419039130210876,2160.072021484375,1686.43994140625
A2+A3,dual_branch,multitask,1.0,1645,0,0.48657965660095215,2280.075927734375,1923.9637451171875
A2+A3,dual_branch,multitask,1.0,1662,0,0.5864855051040649,1530.0509033203125,1562.479248046875
A2+A3,dual_branch,multitask,1.0,1696,1,0.5397798418998718,840.0279541015625,1797.3929443359375
A2+A3,dual_branch,multitask,1.0,1705,0,0.7472805976867676,1275.04248046875,1288.7685546875
A2+A3,dual_branch,multitask,1.0,1719,0,0.5827428102493286,3030.100830078125,1693.087646484375
A2+A3,dual_branch,multitask,1.0,1726,0,0.5126777291297913,2640.087890625,1744.7806396484375
A2+A3,dual_branch,multitask,1.0,1748,0,0.6413888931274414,1380.0458984375,1524.726318359375
A2+A3,dual_branch,multitask,1.0,1775,0,0.6157341599464417,1680.055908203125,1566.36279296875
A2+A3,dual_branch,multitask,1.0,1783,0,0.6693117022514343,2295.076416015625,1465.0872802734375
A2+A3,dual_branch,multitask,1.0,1792,1,0.4614359140396118,1005.033447265625,1887.1162109375
A2+A3,dual_branch,multitask,1.0,1810,0,0.6719827651977539,1635.054443359375,1403.082275390625
A2+A3,dual_branch,multitask,1.0,1816,1,0.6333759427070618,810.0269775390625,1512.2186279296875
A2+A3,dual_branch,multitask,1.0,1818,0,0.5063970685005188,2655.08837890625,1770.2376708984375
A2+A3,dual_branch,multitask,1.0,1822,1,0.5929988622665405,825.0274658203125,1669.2298583984375
A2+A3,dual_branch,multitask,1.0,1846,0,0.5605840086936951,2850.094970703125,1639.8719482421875
A2+A3,dual_branch,multitask,1.0,1889,0,0.6021071076393127,2430.080810546875,1640.20068359375
A2+A3,dual_branch,multitask,1.0,1892,0,0.4725361764431,2100.06982421875,1853.0784912109375
A2+A3,dual_branch,multitask,1.0,1915,0,0.6761074066162109,1350.044921875,1446.8089599609375
A2+A3,dual_branch,multitask,1.0,1945,1,0.7036588788032532,615.0205078125,1388.2564697265625
A2+A3,dual_branch,multitask,1.0,1963,0,0.5216882228851318,1170.0389404296875,1895.5048828125
A2+A3,dual_branch,multitask,1.0,1988,0,0.5975412726402283,1995.06640625,1623.2657470703125
A2+A3,dual_branch,multitask,1.0,2000,0,0.5964703559875488,2340.077880859375,1623.9171142578125
A2+A3,dual_branch,multitask,1.0,2027,0,0.5511091947555542,2040.06787109375,1665.1473388671875
A2+A3,dual_branch,multitask,1.0,2038,1,0.594664454460144,540.0180053710938,1628.900146484375
A2+A3,dual_branch,multitask,1.0,2041,0,0.5659246444702148,3045.101318359375,1658.571533203125
A2+A3,dual_branch,multitask,1.0,2045,0,0.6835794448852539,2205.073486328125,1435.260986328125
A2+A3,dual_branch,multitask,1.0,2087,0,0.5553323030471802,2475.08251953125,1692.555908203125
A2+A3,dual_branch,multitask,1.0,2113,0,0.5989856719970703,1170.0389404296875,1606.1611328125
A2+A3,dual_branch,multitask,1.0,2146,0,0.6092287302017212,2010.06689453125,1582.7822265625
A2+A3,dual_branch,multitask,1.0,2160,0,0.5548823475837708,2460.08203125,1785.280517578125
A2+A3,dual_branch,multitask,1.0,2167,0,0.6157376766204834,1350.044921875,1568.07470703125
A2+A3,dual_branch,multitask,1.0,2187,0,0.7973498106002808,2370.078857421875,1155.788330078125
A2+A3,dual_branch,multitask,1.0,2192,0,0.5836021900177002,1470.0489501953125,1677.743408203125
A2+A3,dual_branch,multitask,1.0,2201,0,0.6513099670410156,1305.04345703125,1500.0595703125
A2+A3,dual_branch,multitask,1.0,2229,0,0.7906168699264526,1395.0465087890625,1175.90283203125
A2+A3,dual_branch,multitask,1.0,2284,0,0.47637179493904114,2130.071044921875,1876.093994140625
A2+A3,dual_branch,multitask,1.0,2299,0,0.5751726627349854,2085.0693359375,1672.568115234375
A2+A3,dual_branch,multitask,1.0,2302,0,0.6719823479652405,2070.06884765625,1394.661865234375
A2+A3,dual_branch,multitask,1.0,2321,0,0.5832468867301941,2355.078369140625,1654.7479248046875
A2+A3,dual_branch,multitask,1.0,2333,0,0.6752795577049255,3075.102294921875,1382.878662109375
A2+A3,dual_branch,multitask,1.0,2339,0,0.5820084810256958,1830.0609130859375,1680.7037353515625
A2+A3,dual_branch,multitask,1.0,2355,0,0.5907725691795349,1200.0399169921875,1666.3648681640625
A2+A3,dual_branch,multitask,1.0,2382,0,0.4930775463581085,1545.0513916015625,1837.605712890625
A2+A3,dual_branch,multitask,1.0,2420,1,0.6966202855110168,855.0284423828125,1403.14599609375
A2+A3,dual_branch,multitask,1.0,2434,0,0.5960069894790649,1515.0504150390625,1657.314453125
A2+A3,dual_branch,multitask,1.0,2459,1,0.5795451402664185,915.0304565429688,1678.6295166015625
A2+A3,dual_branch,multitask,1.0,2473,0,0.659362256526947,1395.0465087890625,1478.7509765625
A2+A3,dual_branch,multitask,1.0,2502,0,0.5725661516189575,3000.099853515625,1689.7969970703125
A2+A3,dual_branch,multitask,1.0,2528,0,0.5461641550064087,2880.095947265625,1686.52880859375
A2+A3,dual_branch,multitask,1.0,2543,0,0.6706294417381287,1215.0404052734375,1420.327392578125
A2+A3,dual_branch,multitask,1.0,2565,0,0.48996129631996155,2250.074951171875,1831.79443359375
A2+A3,dual_branch,multitask,1.0,2570,0,0.6552167534828186,2970.098876953125,1496.0447998046875
A2+A3,dual_branch,multitask,1.0,2571,0,0.5430241227149963,2400.079833984375,1683.189697265625
A2+A3,dual_branch,multitask,1.0,2591,0,0.7199835777282715,2355.078369140625,1352.039306640625
A2+A3,dual_branch,multitask,1.0,2593,0,0.665033757686615,1335.04443359375,1472.1961669921875
A2+A3,dual_branch,multitask,1.0,2604,0,0.5460325479507446,3060.101806640625,1689.885498046875
A2+A3,dual_branch,multitask,1.0,2621,0,0.5710671544075012,1395.0465087890625,1699.8419189453125
A2+A3,dual_branch,multitask,1.0,2629,0,0.6876763105392456,1350.044921875,1344.2799072265625
A2+A3,dual_branch,multitask,1.0,2692,0,0.5861784219741821,1590.052978515625,1690.64892578125
A2+A3,dual_branch,multitask,1.0,2698,0,0.7436466813087463,2295.076416015625,1167.4915771484375
A2+A3,dual_branch,multitask,1.0,2758,0,0.5838322639465332,1740.0579833984375,1662.491455078125
A2+A3,dual_branch,multitask,1.0,2787,0,0.5019406080245972,3045.101318359375,1949.3818359375
A2+A3,dual_branch,multitask,1.0,2788,0,0.5870095491409302,1905.0634765625,1649.290283203125
A2+A3,dual_branch,multitask,1.0,2792,0,0.7935024499893188,1905.0634765625,994.2976684570312
A2+A3,dual_branch,multitask,1.0,2958,1,0.6559047102928162,585.0194702148438,1448.843505859375
A2+A3,dual_branch,multitask,1.0,3031,0,0.6170239448547363,1980.06591796875,1558.66796875
A2+A3,dual_branch,multitask,1.0,3032,1,0.6581701040267944,930.0309448242188,1454.7537841796875
A2+A3,dual_branch,multitask,1.0,3085,1,0.5860002040863037,855.0284423828125,1666.487060546875
A2+A3,dual_branch,multitask,1.0,3100,1,0.4926993250846863,540.0180053710938,1795.7723388671875
A2+A3,dual_branch,multitask,1.0,3109,0,0.6723600029945374,1905.0634765625,1456.2587890625
A2+A3,dual_branch,multitask,1.0,3133,0,0.7125673294067383,1815.0604248046875,1262.787841796875
A2+A3,dual_branch,multitask,1.0,3135,1,0.5924064517021179,870.0289916992188,1661.7635498046875
A2+A3,dual_branch,multitask,1.0,3174,1,0.5754931569099426,630.02099609375,1519.473388671875
A2+A3,dual_branch,multitask,1.0,3187,1,0.7281317710876465,660.02197265625,1333.57861328125
A2+A3,dual_branch,multitask,1.0,3308,1,0.6117808222770691,750.0249633789062,1574.0791015625
A2+A3,dual_branch,multitask,1.0,3329,1,0.8118236064910889,405.01348876953125,1113.07177734375
A2+A3,dual_branch,multitask,1.0,3349,0,0.8188970685005188,2265.075439453125,851.9136352539062
A2+A3,dual_branch,multitask,1.0,3365,1,0.5514594912528992,645.021484375,1666.069580078125
A2+A3,dual_branch,multitask,1.0,3370,0,0.5758906602859497,1245.04150390625,1501.51611328125
A2+A3,dual_branch,multitask,1.0,3375,0,0.6146540641784668,2370.078857421875,1597.5084228515625
A2+A3,dual_branch,multitask,1.0,3386,0,0.5869165062904358,1650.054931640625,1650.4720458984375
A2+A3,dual_branch,multitask,1.0,3388,1,0.7367835640907288,525.0174560546875,1178.421875
A2+A3,dual_branch,multitask,1.0,3457,1,0.8541483283042908,780.0260009765625,676.021484375
A2+A3,dual_branch,multitask,1.0,3488,0,0.46653318405151367,2160.072021484375,1908.2752685546875
A2+A3,dual_branch,multitask,1.0,3497,0,0.7376180291175842,2160.072021484375,1181.9281005859375
A2+A3,dual_branch,multitask,1.0,3612,1,0.6395400762557983,795.0264892578125,1529.873779296875
A2+A3,dual_branch,multitask,1.0,3642,1,0.6191653609275818,810.0269775390625,1579.2459716796875
A2+A3,dual_branch,multitask,1.0,3671,0,0.49317413568496704,1710.056884765625,1742.37890625
A2+A3,dual_branch,multitask,1.0,3690,0,0.6525012254714966,2565.08544921875,1456.8394775390625
A2+A3,dual_branch,multitask,1.0,3727,0,0.7247362732887268,1695.056396484375,1339.97119140625
A2+A3,dual_branch,multitask,1.0,3751,0,0.5809012055397034,1200.0399169921875,1688.207763671875
A2+A3,dual_branch,multitask,1.0,3763,0,0.7665039300918579,1920.06396484375,1081.7857666015625
A2+A3,dual_branch,multitask,1.0,3770,0,0.5202556252479553,1935.064453125,1712.5511474609375
A2+A3,dual_branch,multitask,1.0,3814,0,0.5420187711715698,2190.072998046875,1685.5054931640625
A2+A3,dual_branch,multitask,1.0,3823,0,0.6673038005828857,1440.0479736328125,1407.703125
A2+A3,dual_branch,multitask,1.0,3845,0,0.6582998037338257,1965.0654296875,1434.5811767578125
A2+A3,dual_branch,multitask,1.0,3847,0,0.6069086194038391,1410.0469970703125,1594.51171875
A2+A3,dual_branch,multitask,1.0,3859,1,0.6582087278366089,465.0154724121094,1475.814208984375
A2+A3,dual_branch,multitask,1.0,3865,1,0.6804746985435486,570.0189819335938,1438.80810546875
A2+A3,dual_branch,multitask,1.0,3996,0,0.742784321308136,1095.0364990234375,1298.8155517578125
A2+A3,dual_branch,multitask,1.0,3997,1,0.693157970905304,615.0205078125,1324.60009765625
A2+A3,dual_branch,multitask,1.0,4008,1,0.6325673460960388,330.010986328125,1440.3299560546875
A2+A3,dual_branch,multitask,1.0,4029,1,0.6144642233848572,660.02197265625,1572.724365234375
A2+A3,dual_branch,multitask,1.0,4054,0,0.5177956819534302,1395.0465087890625,1704.5906982421875
A2+A3,dual_branch,multitask,1.0,4083,1,0.7645931243896484,420.01397705078125,1241.51806640625
A2+A3,dual_branch,multitask,1.0,4126,0,0.683864951133728,1155.0384521484375,1496.762451171875
A2+A3,dual_branch,multitask,1.0,4135,1,0.7595785856246948,465.0154724121094,1255.119384765625
A2+A3,dual_branch,multitask,1.0,4161,1,0.7722849249839783,375.0124816894531,1023.3275756835938
A2+A3,dual_branch,multitask,1.0,4169,0,0.6608824729919434,2280.075927734375,1430.81298828125
A2+A3,dual_branch,multitask,1.0,4172,0,0.5923397541046143,1320.0439453125,1665.595947265625
A2+A3,dual_branch,multitask,1.0,4178,0,0.6059295535087585,1650.054931640625,1602.4281005859375
A2+A3,dual_branch,multitask,1.0,4240,0,0.6527779698371887,1725.0574951171875,1499.2872314453125
A2+A3,dual_branch,multitask,1.0,4284,1,0.6413465738296509,360.0119934082031,1534.352294921875
A2+A3,dual_branch,multitask,1.0,4286,1,0.531860888004303,870.0289916992188,1685.425537109375
A2+A3,dual_branch,multitask,1.0,4290,0,0.6999906897544861,1425.0474853515625,1311.360107421875
A2+A3,dual_branch,multitask,1.0,4297,0,0.6483926177024841,1530.0509033203125,1474.6619873046875
A2+A3,dual_branch,multitask,1.0,4310,0,0.5462759733200073,1980.06591796875,1774.4697265625
A2+A3,dual_branch,multitask,1.0,4357,1,0.5028468370437622,915.0304565429688,1935.051513671875
A2+A3,dual_branch,multitask,1.0,4434,1,0.7299705147743225,1035.034423828125,1329.1083984375
A2+A3,dual_branch,multitask,1.0,4655,0,0.49313685297966003,1305.04345703125,1744.2459716796875
A2+A3,dual_branch,multitask,1.0,4659,1,0.6194360852241516,285.0094909667969,1549.074951171875
A2+A3,dual_branch,multitask,1.0,27,0,0.5723685026168823,2145.08203125,1690.740234375
A2+A3,dual_branch,multitask,1.0,28,1,0.5770847201347351,915.0349731445312,1693.0548095703125
A2+A3,dual_branch,multitask,1.0,60,1,0.6051855683326721,855.03271484375,1594.841796875
A2+A3,dual_branch,multitask,1.0,67,0,0.6909693479537964,2550.097412109375,1417.939453125
A2+A3,dual_branch,multitask,1.0,69,0,0.5787744522094727,1725.06591796875,1699.1795654296875
A2+A3,dual_branch,multitask,1.0,73,0,0.5964280366897583,1635.0625,1664.859375
A2+A3,dual_branch,multitask,1.0,74,0,0.5768260955810547,1845.070556640625,1678.4169921875
A2+A3,dual_branch,multitask,1.0,96,1,0.5753874182701111,450.0172119140625,1698.921875
A2+A3,dual_branch,multitask,1.0,106,1,0.5789879560470581,360.0137634277344,1681.84521484375
A2+A3,dual_branch,multitask,1.0,113,0,0.59930419921875,1140.0435791015625,1615.9161376953125
A2+A3,dual_branch,multitask,1.0,123,0,0.596089243888855,2310.08837890625,1624.874755859375
A2+A3,dual_branch,multitask,1.0,139,0,0.6839186549186707,1155.044189453125,1433.1800537109375
A2+A3,dual_branch,multitask,1.0,143,0,0.5648708939552307,1320.050537109375,1702.3170166015625
A2+A3,dual_branch,multitask,1.0,144,1,0.5705794095993042,510.0195007324219,1714.996337890625
A2+A3,dual_branch,multitask,1.0,153,0,0.4776042103767395,1335.051025390625,1907.2080078125
A2+A3,dual_branch,multitask,1.0,160,1,0.581721305847168,390.0149230957031,1677.6387939453125
A2+A3,dual_branch,multitask,1.0,174,0,0.5637114644050598,3060.116943359375,1713.9949951171875
A2+A3,dual_branch,multitask,1.0,215,0,0.5826566815376282,1785.0682373046875,1662.3355712890625
A2+A3,dual_branch,multitask,1.0,219,0,0.5955184698104858,2355.090087890625,1666.48876953125
A2+A3,dual_branch,multitask,1.0,221,0,0.6602748036384583,2250.0859375,1484.080810546875
A2+A3,dual_branch,multitask,1.0,230,0,0.677623450756073,2625.100341796875,1446.4110107421875
A2+A3,dual_branch,multitask,1.0,267,0,0.6784224510192871,1980.07568359375,1445.7198486328125
A2+A3,dual_branch,multitask,1.0,278,0,0.4852379858493805,2010.076904296875,1861.4183349609375
A2+A3,dual_branch,multitask,1.0,283,1,0.6734579205513,795.0303955078125,1456.032470703125
A2+A3,dual_branch,multitask,1.0,326,0,0.5879009962081909,1680.064208984375,1646.589111328125
A2+A3,dual_branch,multitask,1.0,327,0,0.7007262706756592,1845.070556640625,1396.539794921875
A2+A3,dual_branch,multitask,1.0,328,0,0.6525121927261353,1665.063720703125,1498.9984130859375
A2+A3,dual_branch,multitask,1.0,347,0,0.6819280385971069,2850.10888671875,1437.8594970703125
A2+A3,dual_branch,multitask,1.0,356,0,0.6597952842712402,2070.0791015625,1485.17578125
A2+A3,dual_branch,multitask,1.0,360,0,0.6002771854400635,1620.06201171875,1640.046630859375
A2+A3,dual_branch,multitask,1.0,361,0,0.48160624504089355,1680.064208984375,1903.544677734375
A2+A3,dual_branch,multitask,1.0,363,0,0.5713328123092651,1635.0625,1692.8736572265625
A2+A3,dual_branch,multitask,1.0,375,0,0.5758184790611267,3480.133056640625,1681.1409912109375
A2+A3,dual_branch,multitask,1.0,383,0,0.574792742729187,1725.06591796875,1706.665283203125
A2+A3,dual_branch,multitask,1.0,384,1,0.5748745799064636,900.034423828125,1695.542724609375
A2+A3,dual_branch,multitask,1.0,401,0,0.4821350574493408,2445.093505859375,1867.8900146484375
A2+A3,dual_branch,multitask,1.0,418,0,0.48110708594322205,1920.073486328125,1884.1717529296875
A2+A3,dual_branch,multitask,1.0,432,0,0.6944159865379333,1530.0584716796875,1408.6573486328125
A2+A3,dual_branch,multitask,1.0,467,0,0.6365150213241577,3420.130859375,1536.908447265625
A2+A3,dual_branch,multitask,1.0,503,0,0.5749412775039673,1335.051025390625,1698.2320556640625
A2+A3,dual_branch,multitask,1.0,504,0,0.6577332615852356,2445.093505859375,1487.579833984375
A2+A3,dual_branch,multitask,1.0,509,0,0.6322385668754578,2670.10205078125,1543.6904296875
A2+A3,dual_branch,multitask,1.0,514,0,0.602193295955658,3000.11474609375,1659.04931640625
A2+A3,dual_branch,multitask,1.0,536,0,0.5860280990600586,2070.0791015625,1683.9599609375
A2+A3,dual_branch,multitask,1.0,538,1,0.725898265838623,990.037841796875,1338.14306640625
A2+A3,dual_branch,multitask,1.0,541,0,0.7084711194038391,1110.04248046875,1378.0714111328125
A2+A3,dual_branch,multitask,1.0,544,0,0.6583588123321533,2925.11181640625,1487.035400390625
A2+A3,dual_branch,multitask,1.0,549,0,0.4797351062297821,1830.0699462890625,1839.617431640625
A2+A3,dual_branch,multitask,1.0,551,0,0.6044143438339233,1410.053955078125,1598.9246826171875
A2+A3,dual_branch,multitask,1.0,573,0,0.5970300436019897,3165.12109375,1665.2147216796875
A2+A3,dual_branch,multitask,1.0,581,0,0.5879700183868408,3150.120361328125,1677.440673828125
A2+A3,dual_branch,multitask,1.0,590,0,0.4891529977321625,2925.11181640625,1791.88134765625
A2+A3,dual_branch,multitask,1.0,593,0,0.5965617299079895,2460.093994140625,1623.59521484375
A2+A3,dual_branch,multitask,1.0,601,0,0.6844279766082764,1455.0556640625,1432.7991943359375
A2+A3,dual_branch,multitask,1.0,628,0,0.5874884724617004,1365.05224609375,1675.0609130859375
A2+A3,dual_branch,multitask,1.0,645,0,0.6883856058120728,1545.05908203125,1423.9537353515625
A2+A3,dual_branch,multitask,1.0,659,0,0.602728009223938,2610.099853515625,1660.134521484375
A2+A3,dual_branch,multitask,1.0,662,0,0.5038178563117981,1425.0545654296875,1764.260009765625
A2+A3,dual_branch,multitask,1.0,667,1,0.6010534763336182,660.0252685546875,1654.9552001953125
A2+A3,dual_branch,multitask,1.0,680,0,0.7019209265708923,3630.138916015625,1391.81005859375
A2+A3,dual_branch,multitask,1.0,694,0,0.5893537402153015,3075.11767578125,1670.481689453125
A2+A3,dual_branch,multitask,1.0,708,1,0.48744723200798035,1065.040771484375,1830.135009765625
A2+A3,dual_branch,multitask,1.0,714,1,0.6959527730941772,1005.0384521484375,1406.95458984375
A2+A3,dual_branch,multitask,1.0,717,0,0.5164024829864502,1605.0614013671875,1691.0263671875
A2+A3,dual_branch,multitask,1.0,726,0,0.5918306708335876,1560.0596923828125,1657.5328369140625
A2+A3,dual_branch,multitask,1.0,740,0,0.623399019241333,2115.080810546875,1539.896484375
A2+A3,dual_branch,multitask,1.0,744,0,0.7005403637886047,3435.13134765625,1395.968994140625
A2+A3,dual_branch,multitask,1.0,756,0,0.4904066026210785,1815.0694580078125,1840.6239013671875
A2+A3,dual_branch,multitask,1.0,798,0,0.678687334060669,2490.09521484375,1373.5499267578125
A2+A3,dual_branch,multitask,1.0,804,0,0.5049241185188293,2820.10791015625,1769.4013671875
A2+A3,dual_branch,multitask,1.0,825,0,0.6152629256248474,1755.067138671875,1610.9449462890625
A2+A3,dual_branch,multitask,1.0,836,0,0.5588366389274597,3390.129638671875,1727.271240234375
A2+A3,dual_branch,multitask,1.0,838,0,0.5870130062103271,2865.109619140625,1648.6912841796875
A2+A3,dual_branch,multitask,1.0,854,0,0.694365918636322,2790.106689453125,1409.6728515625
A2+A3,dual_branch,multitask,1.0,856,0,0.4824763536453247,2700.103271484375,1874.16357421875
A2+A3,dual_branch,multitask,1.0,861,1,0.6056901812553406,375.01434326171875,1597.3779296875
A2+A3,dual_branch,multitask,1.0,870,0,0.6213000416755676,2895.11083984375,1564.2454833984375
A2+A3,dual_branch,multitask,1.0,874,0,0.48800939321517944,3180.12158203125,1887.8382568359375
A2+A3,dual_branch,multitask,1.0,880,1,0.5963666439056396,690.0263671875,1624.1298828125
A2+A3,dual_branch,multitask,1.0,881,0,0.6916067600250244,1485.0567626953125,1411.97607421875
A2+A3,dual_branch,multitask,1.0,885,0,0.5690242648124695,2460.093994140625,1704.1878662109375
A2+A3,dual_branch,multitask,1.0,891,0,0.6814475059509277,2310.08837890625,1437.902587890625
A2+A3,dual_branch,multitask,1.0,893,0,0.6179295182228088,1350.0516357421875,1560.423095703125
A2+A3,dual_branch,multitask,1.0,896,0,0.7098702788352966,2595.099365234375,1374.43603515625
A2+A3,dual_branch,multitask,1.0,906,0,0.5867473483085632,3300.126220703125,1654.9327392578125
A2+A3,dual_branch,multitask,1.0,907,0,0.5760008692741394,1455.0556640625,1697.909423828125
A2+A3,dual_branch,multitask,1.0,915,0,0.5338380336761475,3465.132568359375,1796.18212890625
A2+A3,dual_branch,multitask,1.0,922,0,0.5891393423080444,1590.060791015625,1674.0751953125
A2+A3,dual_branch,multitask,1.0,932,0,0.5762404799461365,2595.099365234375,1695.2930908203125
A2+A3,dual_branch,multitask,1.0,968,0,0.678443193435669,2040.0780029296875,1444.7677001953125
A2+A3,dual_branch,multitask,1.0,973,1,0.6707056760787964,660.0252685546875,1461.6171875
A2+A3,dual_branch,multitask,1.0,992,0,0.5043031573295593,3195.122314453125,1734.926025390625
A2+A3,dual_branch,multitask,1.0,1003,0,0.5170911550521851,2835.1083984375,1738.92578125
A2+A3,dual_branch,multitask,1.0,1012,1,0.6109790205955505,300.011474609375,1581.6422119140625
A2+A3,dual_branch,multitask,1.0,1015,0,0.6274603605270386,2130.08154296875,1548.448486328125
A2+A3,dual_branch,multitask,1.0,1024,0,0.5237665772438049,2730.1044921875,1704.4757080078125
A2+A3,dual_branch,multitask,1.0,1026,0,0.6523689031600952,2700.103271484375,1556.6832275390625
A2+A3,dual_branch,multitask,1.0,1027,0,0.6623278856277466,2310.08837890625,1513.12255859375
A2+A3,dual_branch,multitask,1.0,1029,1,0.49714988470077515,825.0315551757812,1810.7586669921875
A2+A3,dual_branch,multitask,1.0,1038,0,0.4801527261734009,1575.060302734375,1855.77294921875
A2+A3,dual_branch,multitask,1.0,1044,0,0.48486024141311646,1935.073974609375,1851.9588623046875
A2+A3,dual_branch,multitask,1.0,1089,0,0.6475202441215515,2385.09130859375,1466.4293212890625
A2+A3,dual_branch,multitask,1.0,1093,0,0.5721078515052795,1320.050537109375,1691.3916015625
A2+A3,dual_branch,multitask,1.0,1110,0,0.5246593952178955,1770.0677490234375,1694.30615234375
A2+A3,dual_branch,multitask,1.0,1133,0,0.48384541273117065,2475.0947265625,1813.3856201171875
A2+A3,dual_branch,multitask,1.0,1141,0,0.4948763847351074,2505.095703125,1849.54052734375
A2+A3,dual_branch,multitask,1.0,1144,0,0.5946681499481201,1545.05908203125,1668.6776123046875
A2+A3,dual_branch,multitask,1.0,1149,1,0.6456053853034973,1035.03955078125,1474.218505859375
A2+A3,dual_branch,multitask,1.0,1166,0,0.5167937874794006,2190.083740234375,1728.4300537109375
A2+A3,dual_branch,multitask,1.0,1173,0,0.6018111109733582,1155.044189453125,1608.93212890625
A2+A3,dual_branch,multitask,1.0,1191,0,0.7276061177253723,1230.0469970703125,1334.7744140625
A2+A3,dual_branch,multitask,1.0,1193,0,0.48466697335243225,2280.087158203125,1893.8018798828125
A2+A3,dual_branch,multitask,1.0,1196,0,0.5890275835990906,1725.06591796875,1643.6534423828125
A2+A3,dual_branch,multitask,1.0,1206,0,0.4383802115917206,1500.057373046875,2069.36279296875
A2+A3,dual_branch,multitask,1.0,1210,0,0.5248403549194336,1500.057373046875,1821.808349609375
A2+A3,dual_branch,multitask,1.0,1214,0,0.6712493896484375,3360.12841796875,1457.9044189453125
A2+A3,dual_branch,multitask,1.0,1225,0,0.6260198950767517,2025.077392578125,1535.0399169921875
A2+A3,dual_branch,multitask,1.0,1231,1,0.48458510637283325,525.0200805664062,1865.498291015625
A2+A3,dual_branch,multitask,1.0,1239,1,0.4890079200267792,585.0223999023438,1844.33349609375
A2+A3,dual_branch,multitask,1.0,1240,0,0.5995793342590332,1455.0556640625,1630.449951171875
A2+A3,dual_branch,multitask,1.0,1242,1,0.62917160987854,510.0195007324219,1541.572021484375
A2+A3,dual_branch,multitask,1.0,1257,1,0.6195876002311707,900.034423828125,1555.75341796875
A2+A3,dual_branch,multitask,1.0,1259,0,0.5914711952209473,2490.09521484375,1660.2628173828125
A2+A3,dual_branch,multitask,1.0,1265,0,0.4854697287082672,1110.04248046875,1821.42626953125
A2+A3,dual_branch,multitask,1.0,1302,0,0.6659093499183655,1770.0677490234375,1412.97021484375
A2+A3,dual_branch,multitask,1.0,1307,0,0.6304944157600403,1425.0545654296875,1523.342041015625
A2+A3,dual_branch,multitask,1.0,1332,0,0.4824991822242737,1290.04931640625,1858.1529541015625
A2+A3,dual_branch,multitask,1.0,1339,0,0.6008843183517456,1890.072265625,1631.9931640625
A2+A3,dual_branch,multitask,1.0,1397,1,0.6804399490356445,900.034423828125,1366.534423828125
A2+A3,dual_branch,multitask,1.0,1425,0,0.7152201533317566,2640.10107421875,1362.9217529296875
A2+A3,dual_branch,multitask,1.0,1461,0,0.5871161222457886,2955.113037109375,1685.6304931640625
A2+A3,dual_branch,multitask,1.0,1462,0,0.7786738276481628,3150.12060546875,1039.1009521484375
A2+A3,dual_branch,multitask,1.0,1467,0,0.4912470877170563,1650.0631103515625,1823.390380859375
A2+A3,dual_branch,multitask,1.0,1469,0,0.5394002199172974,2205.084228515625,1651.2591552734375
A2+A3,dual_branch,multitask,1.0,1484,0,0.6024938821792603,2655.1015625,1605.200439453125
A2+A3,dual_branch,multitask,1.0,1569,0,0.5442965626716614,1680.064208984375,1622.63671875
A2+A3,dual_branch,multitask,1.0,1582,1,0.48636484146118164,1080.041259765625,1853.473388671875
A2+A3,dual_branch,multitask,1.0,1590,0,0.5461552143096924,3375.129150390625,1669.8392333984375
A2+A3,dual_branch,multitask,1.0,1591,0,0.5705429911613464,3015.115234375,1696.075439453125
A2+A3,dual_branch,multitask,1.0,1593,0,0.5807139277458191,1650.0631103515625,1696.878662109375
A2+A3,dual_branch,multitask,1.0,1595,0,0.6918700933456421,1245.047607421875,1414.56591796875
A2+A3,dual_branch,multitask,1.0,1598,1,0.6382570266723633,660.0252685546875,1499.579833984375
A2+A3,dual_branch,multitask,1.0,1603,0,0.650969386100769,2565.09814453125,1461.921875
A2+A3,dual_branch,multitask,1.0,1612,0,0.6845851540565491,1500.057373046875,1429.321044921875
A2+A3,dual_branch,multitask,1.0,1616,1,0.687923789024353,660.0252685546875,1423.7646484375
A2+A3,dual_branch,multitask,1.0,1668,0,0.6568536162376404,1860.0711669921875,1441.8843994140625
A2+A3,dual_branch,multitask,1.0,1707,0,0.5496796369552612,2595.099365234375,1642.23681640625
A2+A3,dual_branch,multitask,1.0,1799,0,0.6536630392074585,2370.090576171875,1455.0748291015625
A2+A3,dual_branch,multitask,1.0,1803,1,0.6680246591567993,375.01434326171875,1414.201171875
A2+A3,dual_branch,multitask,1.0,1844,0,0.5760254859924316,1860.0711669921875,1697.0037841796875
A2+A3,dual_branch,multitask,1.0,1906,0,0.584674596786499,1230.0469970703125,1690.541259765625
A2+A3,dual_branch,multitask,1.0,1928,0,0.5877885818481445,2040.0780029296875,1676.3790283203125
A2+A3,dual_branch,multitask,1.0,1933,1,0.5185571908950806,570.0217895507812,1696.8521728515625
A2+A3,dual_branch,multitask,1.0,1937,0,0.5897178053855896,2565.09814453125,1637.85009765625
A2+A3,dual_branch,multitask,1.0,1943,0,0.6102796196937561,2445.093505859375,1598.9111328125
A2+A3,dual_branch,multitask,1.0,1973,0,0.7285038232803345,2280.087158203125,1330.710205078125
A2+A3,dual_branch,multitask,1.0,2003,0,0.49110546708106995,2490.09521484375,1769.1641845703125
A2+A3,dual_branch,multitask,1.0,2012,0,0.7535372376441956,1920.073486328125,1119.8021240234375
A2+A3,dual_branch,multitask,1.0,2032,1,0.653717041015625,600.02294921875,1450.2275390625
A2+A3,dual_branch,multitask,1.0,2049,0,0.8064730167388916,1560.0596923828125,911.470458984375
A2+A3,dual_branch,multitask,1.0,2109,0,0.5981561541557312,1770.0677490234375,1624.4931640625
A2+A3,dual_branch,multitask,1.0,2112,0,0.6234244704246521,2940.112548828125,1556.9615478515625
A2+A3,dual_branch,multitask,1.0,2152,0,0.4847750663757324,1620.06201171875,1846.887451171875
A2+A3,dual_branch,multitask,1.0,2197,0,0.4892808198928833,3000.11474609375,1826.76708984375
A2+A3,dual_branch,multitask,1.0,2215,0,0.5696297883987427,1440.0550537109375,1702.5809326171875
A2+A3,dual_branch,multitask,1.0,2220,1,0.6629514098167419,675.0258178710938,1476.93212890625
A2+A3,dual_branch,multitask,1.0,2225,0,0.7519112229347229,2085.079833984375,1126.190185546875
A2+A3,dual_branch,multitask,1.0,2255,0,0.5711198449134827,2070.0791015625,1696.852783203125
A2+A3,dual_branch,multitask,1.0,2273,0,0.492500364780426,2100.080322265625,1807.179931640625
A2+A3,dual_branch,multitask,1.0,2279,1,0.5801219940185547,1020.0390014648438,1477.457763671875
A2+A3,dual_branch,multitask,1.0,2311,1,0.5949850678443909,390.0149230957031,1655.14697265625
A2+A3,dual_branch,multitask,1.0,2314,0,0.5776675939559937,1995.0762939453125,1685.1353759765625
A2+A3,dual_branch,multitask,1.0,2359,0,0.6457650661468506,2760.10546875,1474.835205078125
A2+A3,dual_branch,multitask,1.0,2362,1,0.6121394634246826,660.0252685546875,1598.1866455078125
A2+A3,dual_branch,multitask,1.0,2385,0,0.6275214552879333,2100.080322265625,1553.5628662109375
A2+A3,dual_branch,multitask,1.0,2387,0,0.5536359548568726,1470.0562744140625,1602.4476318359375
A2+A3,dual_branch,multitask,1.0,2450,0,0.7057472467422485,1740.0665283203125,1384.45166015625
A2+A3,dual_branch,multitask,1.0,2452,0,0.6458244919776917,2145.08203125,1474.122802734375
A2+A3,dual_branch,multitask,1.0,2458,1,0.48182910680770874,810.031005859375,1868.92333984375
A2+A3,dual_branch,multitask,1.0,2530,1,0.5785480737686157,990.037841796875,1695.7020263671875
A2+A3,dual_branch,multitask,1.0,2533,0,0.5759575366973877,2115.080810546875,1694.9683837890625
A2+A3,dual_branch,multitask,1.0,2603,0,0.6674856543540955,2790.106689453125,1466.710205078125
A2+A3,dual_branch,multitask,1.0,2621,0,0.5984004735946655,1755.067138671875,1631.79052734375
A2+A3,dual_branch,multitask,1.0,2666,1,0.7205839157104492,915.0349731445312,1235.586669921875
A2+A3,dual_branch,multitask,1.0,2705,1,0.6282281279563904,915.0349731445312,1528.949951171875
A2+A3,dual_branch,multitask,1.0,2736,0,0.7124724984169006,2685.102783203125,1276.36767578125
A2+A3,dual_branch,multitask,1.0,2757,0,0.6077191233634949,1335.051025390625,1586.889404296875
A2+A3,dual_branch,multitask,1.0,2813,1,0.6040288209915161,810.031005859375,1605.87890625
A2+A3,dual_branch,multitask,1.0,2815,1,0.6410224437713623,735.0281372070312,1527.056884765625
A2+A3,dual_branch,multitask,1.0,2839,0,0.5846056342124939,1935.073974609375,1661.322998046875
A2+A3,dual_branch,multitask,1.0,2863,0,0.6032029986381531,1815.0694580078125,1603.8758544921875
A2+A3,dual_branch,multitask,1.0,2870,1,0.5185905694961548,465.0177917480469,1709.3515625
A2+A3,dual_branch,multitask,1.0,2895,0,0.49655836820602417,1875.07177734375,1762.999755859375
A2+A3,dual_branch,multitask,1.0,2905,0,0.6234076023101807,1830.0699462890625,1540.3553466796875
A2+A3,dual_branch,multitask,1.0,2918,1,0.4932922422885895,1065.040771484375,1784.8536376953125
A2+A3,dual_branch,multitask,1.0,2921,0,0.7269243597984314,1140.0435791015625,1219.5240478515625
A2+A3,dual_branch,multitask,1.0,2963,0,0.6592837572097778,2340.089599609375,1487.195068359375
A2+A3,dual_branch,multitask,1.0,2982,0,0.7724592089653015,1695.0648193359375,1048.8671875
A2+A3,dual_branch,multitask,1.0,2988,1,0.8195419907569885,360.0137634277344,1090.125244140625
A2+A3,dual_branch,multitask,1.0,3054,0,0.5710221529006958,2280.087158203125,1699.857177734375
A2+A3,dual_branch,multitask,1.0,3099,1,0.5214812159538269,870.0332641601562,1684.1270751953125
A2+A3,dual_branch,multitask,1.0,3103,0,0.5754678249359131,1530.0584716796875,1692.4697265625
A2+A3,dual_branch,multitask,1.0,3112,0,0.5849934220314026,1590.060791015625,1683.1419677734375
A2+A3,dual_branch,multitask,1.0,3113,0,0.6980737447738647,2040.0780029296875,1400.970458984375
A2+A3,dual_branch,multitask,1.0,3135,0,0.5621057748794556,1230.0469970703125,1536.5428466796875
A2+A3,dual_branch,multitask,1.0,3165,0,0.732807993888855,1890.072265625,1193.508056640625
A2+A3,dual_branch,multitask,1.0,3199,1,0.6363765597343445,810.031005859375,1580.30810546875
A2+A3,dual_branch,multitask,1.0,3277,1,0.5825877785682678,825.0315551757812,1684.578369140625
A2+A3,dual_branch,multitask,1.0,3299,1,0.8416029214859009,795.0303955078125,743.125732421875
A2+A3,dual_branch,multitask,1.0,3312,0,0.6129593253135681,1440.0550537109375,1579.853271484375
A2+A3,dual_branch,multitask,1.0,3318,0,0.5965388417243958,1560.0596923828125,1646.7655029296875
A2+A3,dual_branch,multitask,1.0,3330,0,0.5858838558197021,1935.073974609375,1694.221435546875
A2+A3,dual_branch,multitask,1.0,3338,1,0.6975497603416443,255.00975036621094,1400.7218017578125
A2+A3,dual_branch,multitask,1.0,3355,0,0.7082676887512207,1680.064208984375,1275.833984375
A2+A3,dual_branch,multitask,1.0,3442,1,0.6078978776931763,585.0223999023438,1626.62890625
A2+A3,dual_branch,multitask,1.0,3478,0,0.6490161418914795,1350.0516357421875,1503.5257568359375
A2+A3,dual_branch,multitask,1.0,3492,1,0.5037648677825928,705.0269775390625,1778.339111328125
A2+A3,dual_branch,multitask,1.0,3521,0,0.5633125305175781,2025.0775146484375,1558.05712890625
A2+A3,dual_branch,multitask,1.0,3540,1,0.8738511800765991,375.01434326171875,563.280029296875
A2+A3,dual_branch,multitask,1.0,3556,0,0.7585306167602539,1500.057373046875,1258.92822265625
A2+A3,dual_branch,multitask,1.0,3684,0,0.5746429562568665,2100.080322265625,1684.4036865234375
A2+A3,dual_branch,multitask,1.0,3718,0,0.6456595659255981,1845.070556640625,1478.7161865234375
A2+A3,dual_branch,multitask,1.0,3828,1,0.5414873957633972,975.0372924804688,1666.7083740234375
A2+A3,dual_branch,multitask,3.0,15,1,0.4935203492641449,315.010498046875,1788.3743896484375
A2+A3,dual_branch,multitask,3.0,31,0,0.8365041017532349,1860.0618896484375,851.2003173828125
A2+A3,dual_branch,multitask,3.0,38,0,0.4943331480026245,1635.054443359375,1792.6026611328125
A2+A3,dual_branch,multitask,3.0,43,1,0.9098039269447327,105.00349426269531,396.6058349609375
A2+A3,dual_branch,multitask,3.0,46,0,0.5502766370773315,1620.053955078125,1891.0570068359375
A2+A3,dual_branch,multitask,3.0,54,0,0.6400772333145142,1965.0654296875,1449.6319580078125
A2+A3,dual_branch,multitask,3.0,57,0,0.5018102526664734,1500.0499267578125,1701.65185546875
A2+A3,dual_branch,multitask,3.0,92,0,0.4959547817707062,3555.118408203125,1783.7115478515625
A2+A3,dual_branch,multitask,3.0,97,1,0.884415328502655,900.0299682617188,562.417236328125
A2+A3,dual_branch,multitask,3.0,102,0,0.9982062578201294,3150.10498046875,-1783.4725341796875
A2+A3,dual_branch,multitask,3.0,108,0,0.6686580181121826,1950.06494140625,1369.8768310546875
A2+A3,dual_branch,multitask,3.0,117,0,0.6679457426071167,2985.099365234375,1371.8582763671875
A2+A3,dual_branch,multitask,3.0,122,0,0.5503819584846497,1950.06494140625,1892.3546142578125
A2+A3,dual_branch,multitask,3.0,134,1,0.6733288168907166,585.0194702148438,1355.198486328125
A2+A3,dual_branch,multitask,3.0,146,0,0.6428863406181335,1125.0374755859375,1449.110595703125
A2+A3,dual_branch,multitask,3.0,172,0,0.6585965156555176,1710.056884765625,1401.2681884765625
A2+A3,dual_branch,multitask,3.0,181,0,0.8250829577445984,3525.117431640625,900.0977783203125
A2+A3,dual_branch,multitask,3.0,192,0,0.4940166473388672,3360.11181640625,1790.73388671875
A2+A3,dual_branch,multitask,3.0,197,0,0.5545903444290161,2115.0703125,1852.287841796875
A2+A3,dual_branch,multitask,3.0,201,0,0.9956380724906921,1215.0404052734375,-1291.8787841796875
A2+A3,dual_branch,multitask,3.0,204,0,0.9973235726356506,2040.06787109375,-1555.6947021484375
A2+A3,dual_branch,multitask,3.0,207,0,0.5510441064834595,1815.0604248046875,1885.996826171875
A2+A3,dual_branch,multitask,3.0,224,0,0.6110361814498901,1485.0494384765625,1544.171142578125
A2+A3,dual_branch,multitask,3.0,226,0,0.4950993061065674,2760.091796875,1804.3477783203125
A2+A3,dual_branch,multitask,3.0,232,0,0.49248746037483215,1665.055419921875,1729.712158203125
A2+A3,dual_branch,multitask,3.0,242,0,0.5085626244544983,3555.118408203125,1671.5047607421875
A2+A3,dual_branch,multitask,3.0,260,0,0.49364301562309265,1890.06298828125,1788.0068359375
A2+A3,dual_branch,multitask,3.0,261,0,0.6840711236000061,1320.0439453125,1292.6259765625
A2+A3,dual_branch,multitask,3.0,272,1,0.7481669783592224,435.0144958496094,1100.1298828125
A2+A3,dual_branch,multitask,3.0,283,0,0.993723452091217,1650.054931640625,-1080.5653076171875
A2+A3,dual_branch,multitask,3.0,285,0,0.9960915446281433,1545.0513916015625,-1355.5206298828125
A2+A3,dual_branch,multitask,3.0,286,1,0.9979887008666992,630.02099609375,-1729.5718994140625
A2+A3,dual_branch,multitask,3.0,287,0,0.48829197883605957,3660.121826171875,1891.022216796875
A2+A3,dual_branch,multitask,3.0,289,0,0.9960500597953796,1590.052978515625,-1349.3314208984375
A2+A3,dual_branch,multitask,3.0,308,0,0.49445387721061707,1830.0609130859375,1789.4271240234375
A2+A3,dual_branch,multitask,3.0,312,0,0.9371317028999329,1665.055419921875,154.8548583984375
A2+A3,dual_branch,multitask,3.0,331,0,0.8259454369544983,3330.11083984375,888.9691162109375
A2+A3,dual_branch,multitask,3.0,334,0,0.9964494705200195,2235.074462890625,-1410.6009521484375
A2+A3,dual_branch,multitask,3.0,362,0,0.9984127283096313,1500.0499267578125,-1856.9239501953125
A2+A3,dual_branch,multitask,3.0,368,0,0.5568748712539673,3375.1123046875,1807.8863525390625
A2+A3,dual_branch,multitask,3.0,370,0,0.8626211881637573,1950.06494140625,695.83251953125
A2+A3,dual_branch,multitask,3.0,380,0,0.550408124923706,3555.118408203125,1891.5167236328125
A2+A3,dual_branch,multitask,3.0,384,0,0.6631192564964294,3075.102294921875,1386.9642333984375
A2+A3,dual_branch,multitask,3.0,395,0,0.6613622903823853,2415.080322265625,1392.4249267578125
A2+A3,dual_branch,multitask,3.0,396,0,0.49589526653289795,2460.08203125,1784.850830078125
A2+A3,dual_branch,multitask,3.0,404,0,0.8496913313865662,2835.094482421875,789.2939453125
A2+A3,dual_branch,multitask,3.0,416,1,0.9973937273025513,540.0180053710938,-1589.9288330078125
A2+A3,dual_branch,multitask,3.0,422,1,0.7131534814834595,735.0244750976562,1225.2490234375
A2+A3,dual_branch,multitask,3.0,428,0,0.8694485425949097,1740.0579833984375,663.3548583984375
A2+A3,dual_branch,multitask,3.0,430,0,0.9981599450111389,2715.09033203125,-1782.8861083984375
A2+A3,dual_branch,multitask,3.0,437,0,0.550273597240448,3000.099853515625,1886.514892578125
A2+A3,dual_branch,multitask,3.0,441,0,0.5504556894302368,1620.053955078125,1891.578125
A2+A3,dual_branch,multitask,3.0,453,0,0.4909701645374298,2025.0673828125,1752.9251708984375
A2+A3,dual_branch,multitask,3.0,460,0,0.612499475479126,2865.095458984375,1540.0
A2+A3,dual_branch,multitask,3.0,461,0,0.6810305714607239,2685.08935546875,1330.8603515625
A2+A3,dual_branch,multitask,3.0,478,0,0.8473001718521118,3090.102783203125,763.5123291015625
A2+A3,dual_branch,multitask,3.0,498,0,0.4994558095932007,1215.0404052734375,1720.37646484375
A2+A3,dual_branch,multitask,3.0,509,0,0.6746472120285034,3255.1083984375,1350.62841796875
A2+A3,dual_branch,multitask,3.0,514,0,0.6739349961280823,3045.101318359375,1352.8135986328125
A2+A3,dual_branch,multitask,3.0,518,0,0.8540986776351929,1380.0458984375,767.737548828125
A2+A3,dual_branch,multitask,3.0,522,0,0.5509113669395447,2235.074462890625,1886.265869140625
A2+A3,dual_branch,multitask,3.0,530,0,0.6988985538482666,3150.10498046875,1272.6075439453125
A2+A3,dual_branch,multitask,3.0,544,0,0.9948087930679321,1140.0379638671875,-1191.0167236328125
A2+A3,dual_branch,multitask,3.0,546,0,0.4915967583656311,1665.055419921875,1749.591064453125
A2+A3,dual_branch,multitask,3.0,561,0,0.8302567005157471,2925.097412109375,858.5866088867188
A2+A3,dual_branch,multitask,3.0,575,0,0.5152065753936768,3540.117919921875,1901.2974853515625
A2+A3,dual_branch,multitask,3.0,578,0,0.5511813759803772,2625.08740234375,1885.4451904296875
A2+A3,dual_branch,multitask,3.0,580,1,0.5503724813461304,240.00799560546875,1888.7144775390625
A2+A3,dual_branch,multitask,3.0,599,0,0.5501103401184082,1605.053466796875,1888.098388671875
A2+A3,dual_branch,multitask,3.0,604,0,0.998205304145813,2535.08447265625,-1800.1854248046875
A2+A3,dual_branch,multitask,3.0,612,0,0.49448361992836,1740.0579833984375,1789.265869140625
A2+A3,dual_branch,multitask,3.0,615,0,0.851473867893219,1770.0589599609375,768.127197265625
A2+A3,dual_branch,multitask,3.0,617,0,0.8727076053619385,1755.0584716796875,661.5250244140625
A2+A3,dual_branch,multitask,3.0,629,0,0.5513952374458313,1815.0604248046875,1880.8975830078125
A2+A3,dual_branch,multitask,3.0,635,0,0.7214925289154053,3045.101318359375,1195.92333984375
A2+A3,dual_branch,multitask,3.0,637,0,0.8755629062652588,2970.098876953125,622.7916259765625
A2+A3,dual_branch,multitask,3.0,647,0,0.5504940152168274,2640.087890625,1890.412109375
A2+A3,dual_branch,multitask,3.0,653,0,0.663459300994873,3600.119873046875,1385.99365234375
A2+A3,dual_branch,multitask,3.0,658,0,0.5633600354194641,2070.06884765625,1725.53662109375
A2+A3,dual_branch,multitask,3.0,691,0,0.5519188642501831,1530.0509033203125,1876.710693359375
A2+A3,dual_branch,multitask,3.0,692,0,0.5514174103736877,2655.08837890625,1878.3787841796875
A2+A3,dual_branch,multitask,3.0,700,0,0.5508636832237244,1380.0458984375,1891.063720703125
A2+A3,dual_branch,multitask,3.0,712,1,0.5576158761978149,960.031982421875,1805.4715576171875
A2+A3,dual_branch,multitask,3.0,714,0,0.5591406226158142,1710.056884765625,1789.1416015625
A2+A3,dual_branch,multitask,3.0,740,0,0.9892259240150452,1395.0465087890625,-745.0574951171875
A2+A3,dual_branch,multitask,3.0,741,0,0.5509915947914124,2865.095458984375,1886.54931640625
A2+A3,dual_branch,multitask,3.0,744,0,0.9980214834213257,3120.10400390625,-1749.4539794921875
A2+A3,dual_branch,multitask,3.0,745,0,0.4932454824447632,2475.08251953125,1760.7562255859375
A2+A3,dual_branch,multitask,3.0,752,0,0.5043302178382874,1980.06591796875,1649.076416015625
A2+A3,dual_branch,multitask,3.0,753,0,0.4950801432132721,1515.0504150390625,1744.217041015625
A2+A3,dual_branch,multitask,3.0,762,0,0.59706711769104,1830.0609130859375,1585.4755859375
A2+A3,dual_branch,multitask,3.0,770,0,0.49199146032333374,1485.0494384765625,1764.004638671875
A2+A3,dual_branch,multitask,3.0,778,0,0.550142228603363,3270.10888671875,1892.1904296875
A2+A3,dual_branch,multitask,3.0,786,0,0.9953193068504333,2640.087890625,-1249.8804931640625
A2+A3,dual_branch,multitask,3.0,794,0,0.4951518476009369,3150.10498046875,1795.27685546875
A2+A3,dual_branch,multitask,3.0,807,0,0.4930300712585449,1530.0509033203125,1783.05322265625
A2+A3,dual_branch,multitask,3.0,811,0,0.49395450949668884,2925.097412109375,1779.5941162109375
A2+A3,dual_branch,multitask,3.0,814,0,0.5305594801902771,2190.072998046875,1881.2867431640625
A2+A3,dual_branch,multitask,3.0,818,0,0.5512910485267639,2535.08447265625,1880.570556640625
A2+A3,dual_branch,multitask,3.0,820,0,0.5721949934959412,2745.09130859375,1613.845458984375
A2+A3,dual_branch,multitask,3.0,828,0,0.9946169257164001,1650.054931640625,-1169.0672607421875
A2+A3,dual_branch,multitask,3.0,854,0,0.6869779229164124,1455.0484619140625,1311.3394775390625
A2+A3,dual_branch,multitask,3.0,868,0,0.9984353184700012,2565.08544921875,-1885.1673583984375
A2+A3,dual_branch,multitask,3.0,875,0,0.673629879951477,1335.04443359375,1353.397705078125
A2+A3,dual_branch,multitask,3.0,885,0,0.8487427830696106,1380.0458984375,769.1177978515625
A2+A3,dual_branch,multitask,3.0,904,0,0.988847017288208,1755.0584716796875,-745.6478271484375
A2+A3,dual_branch,multitask,3.0,909,0,0.4938449263572693,3540.117919921875,1778.846923828125
A2+A3,dual_branch,multitask,3.0,912,0,0.8545021414756775,2820.093994140625,753.736328125
A2+A3,dual_branch,multitask,3.0,980,0,0.892557680606842,2010.06689453125,549.1766357421875
A2+A3,dual_branch,multitask,3.0,993,0,0.5533313751220703,2505.08349609375,1859.0289306640625
A2+A3,dual_branch,multitask,3.0,997,0,0.997389018535614,2955.098388671875,-1580.7293701171875
A2+A3,dual_branch,multitask,3.0,1027,0,0.8893607258796692,1545.0513916015625,571.7230224609375
A2+A3,dual_branch,multitask,3.0,1032,0,0.995226263999939,2970.098876953125,-1239.5155029296875
A2+A3,dual_branch,multitask,3.0,1055,0,0.6693204641342163,2175.072509765625,1368.250244140625
A2+A3,dual_branch,multitask,3.0,1073,0,0.5016180276870728,2640.087890625,1711.0316162109375
A2+A3,dual_branch,multitask,3.0,1077,0,0.995775043964386,3450.114990234375,-1310.3668212890625
A2+A3,dual_branch,multitask,3.0,1079,1,0.5522441267967224,1050.034912109375,1869.3458251953125
A2+A3,dual_branch,multitask,3.0,1089,0,0.7131052613258362,2370.078857421875,1224.570556640625
A2+A3,dual_branch,multitask,3.0,1097,0,0.9956017732620239,1515.0504150390625,-1285.1585693359375
A2+A3,dual_branch,multitask,3.0,1109,0,0.631162166595459,3135.1044921875,1485.2005615234375
A2+A3,dual_branch,multitask,3.0,1127,0,0.4933004081249237,2085.0693359375,1768.467041015625
A2+A3,dual_branch,multitask,3.0,1144,0,0.9950805902481079,3135.1044921875,-1222.0313720703125
A2+A3,dual_branch,multitask,3.0,1148,0,0.6898620128631592,2400.079833984375,1301.81298828125
A2+A3,dual_branch,multitask,3.0,1165,0,0.9975481629371643,2580.0859375,-1624.7247314453125
A2+A3,dual_branch,multitask,3.0,1168,0,0.9982967972755432,1620.053955078125,-1835.5499267578125
A2+A3,dual_branch,multitask,3.0,1175,1,0.5175843238830566,870.0289916992188,1633.58447265625
A2+A3,dual_branch,multitask,3.0,1191,0,0.9992436170578003,1290.04296875,-2287.513671875
A2+A3,dual_branch,multitask,3.0,1200,1,0.9966949224472046,510.0169677734375,-1431.7432861328125
A2+A3,dual_branch,multitask,3.0,1203,0,0.7016718983650208,2640.087890625,1263.1962890625
A2+A3,dual_branch,multitask,3.0,1204,0,0.9965370893478394,2730.0908203125,-1425.3048095703125
A2+A3,dual_branch,multitask,3.0,1216,0,0.8810755014419556,2430.080810546875,588.9627685546875
A2+A3,dual_branch,multitask,3.0,1231,1,0.9977849125862122,315.010498046875,-1683.0665283203125
A2+A3,dual_branch,multitask,3.0,1243,1,0.9194530844688416,915.0304565429688,326.427490234375
A2+A3,dual_branch,multitask,3.0,1249,0,0.4993448555469513,2580.0859375,1699.30810546875
A2+A3,dual_branch,multitask,3.0,1271,0,0.9990334510803223,2520.083984375,-2144.2421875
A2+A3,dual_branch,multitask,3.0,1284,1,0.5574047565460205,375.0124816894531,1809.4681396484375
A2+A3,dual_branch,multitask,3.0,1288,0,0.49405184388160706,3120.10400390625,1766.1602783203125
A2+A3,dual_branch,multitask,3.0,1298,0,0.6741182804107666,3240.10791015625,1352.4271240234375
A2+A3,dual_branch,multitask,3.0,1299,0,0.5627356171607971,1455.0484619140625,1724.1759033203125
A2+A3,dual_branch,multitask,3.0,1396,0,0.5504447817802429,1905.0634765625,1889.8563232421875
A2+A3,dual_branch,multitask,3.0,1414,1,0.9006619453430176,150.00498962402344,492.4346923828125
A2+A3,dual_branch,multitask,3.0,1424,0,0.5504968166351318,1290.04296875,1889.9129638671875
A2+A3,dual_branch,multitask,3.0,1472,0,0.6872023344039917,1215.0404052734375,1310.459716796875
A2+A3,dual_branch,multitask,3.0,1475,0,0.7026891112327576,3045.101318359375,1259.4373779296875
A2+A3,dual_branch,multitask,3.0,1498,0,0.5766057372093201,2520.083984375,1537.0435791015625
A2+A3,dual_branch,multitask,3.0,1508,1,0.49697983264923096,300.0099792480469,1706.91162109375
A2+A3,dual_branch,multitask,3.0,1510,0,0.5581671595573425,1260.0419921875,1795.59326171875
A2+A3,dual_branch,multitask,3.0,1515,0,0.9957692623138428,1470.0489501953125,-1305.0421142578125
A2+A3,dual_branch,multitask,3.0,1518,0,0.5675672888755798,1980.06591796875,1695.186279296875
A2+A3,dual_branch,multitask,3.0,1591,1,0.5636856555938721,630.02099609375,1721.70849609375
A2+A3,dual_branch,multitask,3.0,1599,0,0.9027248024940491,1890.06298828125,452.6790771484375
A2+A3,dual_branch,multitask,3.0,1602,0,0.9956976175308228,2220.073974609375,-1299.3358154296875
A2+A3,dual_branch,multitask,3.0,1604,0,0.551343560218811,2160.072021484375,1881.2064208984375
A2+A3,dual_branch,multitask,3.0,1645,0,0.4962131381034851,2280.075927734375,1810.943603515625
A2+A3,dual_branch,multitask,3.0,1662,0,0.5822147130966187,1530.0509033203125,1461.777099609375
A2+A3,dual_branch,multitask,3.0,1696,1,0.49445125460624695,840.0279541015625,1791.469970703125
A2+A3,dual_branch,multitask,3.0,1705,0,0.9029874205589294,1275.04248046875,471.8392333984375
A2+A3,dual_branch,multitask,3.0,1719,0,0.5511166453361511,3030.100830078125,1879.6875
A2+A3,dual_branch,multitask,3.0,1726,0,0.998119056224823,2640.087890625,-1758.4796142578125
A2+A3,dual_branch,multitask,3.0,1748,0,0.8302165865898132,1380.0458984375,877.0888671875
A2+A3,dual_branch,multitask,3.0,1775,0,0.648430585861206,1680.055908203125,1432.342529296875
A2+A3,dual_branch,multitask,3.0,1783,0,0.8651210069656372,2295.076416015625,691.2529296875
A2+A3,dual_branch,multitask,3.0,1792,1,0.996816098690033,1005.033447265625,-1469.5594482421875
A2+A3,dual_branch,multitask,3.0,1810,0,0.5201467871665955,1635.054443359375,1613.640869140625
A2+A3,dual_branch,multitask,3.0,1816,1,0.7270370125770569,810.0269775390625,1176.6334228515625
A2+A3,dual_branch,multitask,3.0,1818,0,0.9962854385375977,2655.08837890625,-1364.2947998046875
A2+A3,dual_branch,multitask,3.0,1822,1,0.49544790387153625,825.0274658203125,1768.143310546875
A2+A3,dual_branch,multitask,3.0,1846,0,0.5655925273895264,2850.094970703125,1681.5863037109375
A2+A3,dual_branch,multitask,3.0,1889,0,0.4978782832622528,2430.080810546875,1733.404052734375
A2+A3,dual_branch,multitask,3.0,1892,0,0.9934304356575012,2100.06982421875,-1053.7679443359375
A2+A3,dual_branch,multitask,3.0,1915,0,0.8857982754707336,1350.044921875,555.212890625
A2+A3,dual_branch,multitask,3.0,1945,1,0.9035583734512329,615.0205078125,448.1781005859375
A2+A3,dual_branch,multitask,3.0,1963,0,0.4933524429798126,1170.0389404296875,1780.7266845703125
A2+A3,dual_branch,multitask,3.0,1988,0,0.5731787085533142,1995.06640625,1593.2091064453125
A2+A3,dual_branch,multitask,3.0,2000,0,0.6839840412139893,2340.077880859375,1321.3505859375
A2+A3,dual_branch,multitask,3.0,2027,0,0.5598795413970947,2040.06787109375,1767.096923828125
A2+A3,dual_branch,multitask,3.0,2038,1,0.6798818111419678,540.0180053710938,1334.311279296875
A2+A3,dual_branch,multitask,3.0,2041,0,0.5631343722343445,3045.101318359375,1724.235595703125
A2+A3,dual_branch,multitask,3.0,2045,0,0.8659194707870483,2205.073486328125,696.0281982421875
A2+A3,dual_branch,multitask,3.0,2087,0,0.5545598864555359,2475.08251953125,1849.2098388671875
A2+A3,dual_branch,multitask,3.0,2113,0,0.6895380020141602,1170.0389404296875,1303.5284423828125
A2+A3,dual_branch,multitask,3.0,2146,0,0.6997257471084595,2010.06689453125,1269.6217041015625
A2+A3,dual_branch,multitask,3.0,2160,0,0.4913748502731323,2460.08203125,1741.844482421875
A2+A3,dual_branch,multitask,3.0,2167,0,0.6905813813209534,1350.044921875,1299.353515625
A2+A3,dual_branch,multitask,3.0,2187,0,0.9468173980712891,2370.078857421875,52.4190673828125
A2+A3,dual_branch,multitask,3.0,2192,0,0.5601806044578552,1470.0489501953125,1791.4671630859375
A2+A3,dual_branch,multitask,3.0,2201,0,0.8818609714508057,1305.04345703125,587.923095703125
A2+A3,dual_branch,multitask,3.0,2229,0,0.9400246739387512,1395.0465087890625,135.5279541015625
A2+A3,dual_branch,multitask,3.0,2284,0,0.9877018332481384,2130.071044921875,-688.6541748046875
A2+A3,dual_branch,multitask,3.0,2299,0,0.561058521270752,2085.0693359375,1767.3094482421875
A2+A3,dual_branch,multitask,3.0,2302,0,0.5130580067634583,2070.06884765625,1627.4400634765625
A2+A3,dual_branch,multitask,3.0,2321,0,0.5643267631530762,2355.078369140625,1713.9169921875
A2+A3,dual_branch,multitask,3.0,2333,0,0.6661689281463623,3075.102294921875,1378.684814453125
A2+A3,dual_branch,multitask,3.0,2339,0,0.558954656124115,1830.0609130859375,1800.529052734375
A2+A3,dual_branch,multitask,3.0,2355,0,0.5612382292747498,1200.0399169921875,1758.631103515625
A2+A3,dual_branch,multitask,3.0,2382,0,0.9961750507354736,1545.0513916015625,-1345.5616455078125
A2+A3,dual_branch,multitask,3.0,2420,1,0.8810365200042725,855.0284423828125,610.255615234375
A2+A3,dual_branch,multitask,3.0,2434,0,0.563549280166626,1515.0504150390625,1731.103271484375
A2+A3,dual_branch,multitask,3.0,2459,1,0.558916449546814,915.0304565429688,1784.2685546875
A2+A3,dual_branch,multitask,3.0,2473,0,0.8803347945213318,1395.0465087890625,590.7078857421875
A2+A3,dual_branch,multitask,3.0,2502,0,0.6546229124069214,3000.099853515625,1413.3758544921875
A2+A3,dual_branch,multitask,3.0,2528,0,0.5553796887397766,2880.095947265625,1838.3836669921875
A2+A3,dual_branch,multitask,3.0,2543,0,0.5311568975448608,1215.0404052734375,1567.128173828125
A2+A3,dual_branch,multitask,3.0,2565,0,0.9962465167045593,2250.074951171875,-1357.5086669921875
A2+A3,dual_branch,multitask,3.0,2570,0,0.8328357934951782,2970.098876953125,867.3624877929688
A2+A3,dual_branch,multitask,3.0,2571,0,0.5546371340751648,2400.079833984375,1849.739501953125
A2+A3,dual_branch,multitask,3.0,2591,0,0.8986998200416565,2355.078369140625,481.4061279296875
A2+A3,dual_branch,multitask,3.0,2593,0,0.8814666867256165,1335.04443359375,587.4632568359375
A2+A3,dual_branch,multitask,3.0,2604,0,0.5508251190185547,3060.101806640625,1886.0479736328125
A2+A3,dual_branch,multitask,3.0,2621,0,0.5508924722671509,1395.0465087890625,1885.2510986328125
A2+A3,dual_branch,multitask,3.0,2629,0,0.7447047829627991,1350.044921875,1113.4486083984375
A2+A3,dual_branch,multitask,3.0,2692,0,0.5520689487457275,1590.052978515625,1871.75
A2+A3,dual_branch,multitask,3.0,2698,0,0.5468257665634155,2295.076416015625,1426.868408203125
A2+A3,dual_branch,multitask,3.0,2758,0,0.5631911158561707,1740.0579833984375,1733.72216796875
A2+A3,dual_branch,multitask,3.0,2787,0,0.49286410212516785,3045.101318359375,1780.0811767578125
A2+A3,dual_branch,multitask,3.0,2788,0,0.5662657618522644,1905.0634765625,1690.9248046875
A2+A3,dual_branch,multitask,3.0,2792,0,0.5806904435157776,1905.0634765625,1317.3701171875
A2+A3,dual_branch,multitask,3.0,2958,1,0.7084915637969971,585.0194702148438,1216.3447265625
A2+A3,dual_branch,multitask,3.0,3031,0,0.4981435537338257,1980.06591796875,1710.69970703125
A2+A3,dual_branch,multitask,3.0,3032,1,0.5217811465263367,930.0309448242188,1554.9423828125
A2+A3,dual_branch,multitask,3.0,3085,1,0.5613315105438232,855.0284423828125,1760.471923828125
A2+A3,dual_branch,multitask,3.0,3100,1,0.9972272515296936,540.0180053710938,-1531.9510498046875
A2+A3,dual_branch,multitask,3.0,3109,0,0.8929222226142883,1905.0634765625,511.616943359375
A2+A3,dual_branch,multitask,3.0,3133,0,0.7491011023521423,1815.0604248046875,1098.608642578125
A2+A3,dual_branch,multitask,3.0,3135,1,0.5618832111358643,870.0289916992188,1747.19482421875
A2+A3,dual_branch,multitask,3.0,3174,1,0.9985482096672058,630.02099609375,-1906.3211669921875
A2+A3,dual_branch,multitask,3.0,3187,1,0.901995837688446,660.02197265625,458.321044921875
A2+A3,dual_branch,multitask,3.0,3308,1,0.49689656496047974,750.0249633789062,1729.4412841796875
A2+A3,dual_branch,multitask,3.0,3329,1,0.9546788334846497,405.01348876953125,-55.656982421875
A2+A3,dual_branch,multitask,3.0,3349,0,0.810189962387085,2265.075439453125,850.5712280273438
A2+A3,dual_branch,multitask,3.0,3365,1,0.5603137016296387,645.021484375,1771.72314453125
A2+A3,dual_branch,multitask,3.0,3370,0,0.9983464479446411,1245.04150390625,-1835.2110595703125
A2+A3,dual_branch,multitask,3.0,3375,0,0.5031180381774902,2370.078857421875,1692.267333984375
A2+A3,dual_branch,multitask,3.0,3386,0,0.6652007102966309,1650.054931640625,1380.55615234375
A2+A3,dual_branch,multitask,3.0,3388,1,0.7738442420959473,525.0174560546875,1003.8038330078125
A2+A3,dual_branch,multitask,3.0,3457,1,0.8318955302238464,780.0260009765625,748.106201171875
A2+A3,dual_branch,multitask,3.0,3488,0,0.9981536269187927,2160.072021484375,-1789.4368896484375
A2+A3,dual_branch,multitask,3.0,3497,0,0.5451694130897522,2160.072021484375,1458.6204833984375
A2+A3,dual_branch,multitask,3.0,3612,1,0.5260501503944397,795.0264892578125,1593.9749755859375
A2+A3,dual_branch,multitask,3.0,3642,1,0.50445157289505,810.0269775390625,1682.551513671875
A2+A3,dual_branch,multitask,3.0,3671,0,0.9989936947822571,1710.056884765625,-2138.9541015625
A2+A3,dual_branch,multitask,3.0,3690,0,0.7130779027938843,2565.08544921875,1224.543701171875
A2+A3,dual_branch,multitask,3.0,3727,0,0.9120514988899231,1695.056396484375,387.59619140625
A2+A3,dual_branch,multitask,3.0,3751,0,0.5547502636909485,1200.0399169921875,1845.455810546875
A2+A3,dual_branch,multitask,3.0,3763,0,0.5713569521903992,1920.06396484375,1362.1240234375
A2+A3,dual_branch,multitask,3.0,3770,0,0.9965974688529968,1935.064453125,-1416.2513427734375
A2+A3,dual_branch,multitask,3.0,3814,0,0.5519598126411438,2190.072998046875,1870.931396484375
A2+A3,dual_branch,multitask,3.0,3823,0,0.7465407252311707,1440.0479736328125,1106.64794921875
A2+A3,dual_branch,multitask,3.0,3845,0,0.7170278429985046,1965.0654296875,1212.00927734375
A2+A3,dual_branch,multitask,3.0,3847,0,0.6543321013450623,1410.0469970703125,1414.312255859375
A2+A3,dual_branch,multitask,3.0,3859,1,0.6137920618057251,465.0154724121094,1166.59423828125
A2+A3,dual_branch,multitask,3.0,3865,1,0.8869379162788391,570.0189819335938,555.3221435546875
A2+A3,dual_branch,multitask,3.0,3996,0,0.921773374080658,1095.0364990234375,303.6146240234375
A2+A3,dual_branch,multitask,3.0,3997,1,0.5232368111610413,615.0205078125,1567.9947509765625
A2+A3,dual_branch,multitask,3.0,4008,1,0.6075970530509949,330.010986328125,1035.60595703125
A2+A3,dual_branch,multitask,3.0,4029,1,0.692417323589325,660.02197265625,1293.5877685546875
A2+A3,dual_branch,multitask,3.0,4054,0,0.9982662796974182,1395.0465087890625,-1819.0618896484375
A2+A3,dual_branch,multitask,3.0,4083,1,0.9150856733322144,420.01397705078125,355.7291259765625
A2+A3,dual_branch,multitask,3.0,4126,0,0.9013043642044067,1155.0384521484375,475.1722412109375
A2+A3,dual_branch,multitask,3.0,4135,1,0.9188747406005859,465.0154724121094,321.5653076171875
A2+A3,dual_branch,multitask,3.0,4161,1,0.5789403319358826,375.0124816894531,1326.4503173828125
A2+A3,dual_branch,multitask,3.0,4169,0,0.7259088158607483,2280.075927734375,1180.36181640625
A2+A3,dual_branch,multitask,3.0,4172,0,0.4956852197647095,1320.0439453125,1766.1973876953125
A2+A3,dual_branch,multitask,3.0,4178,0,0.5001779794692993,1650.054931640625,1717.533203125
A2+A3,dual_branch,multitask,3.0,4240,0,0.8446311354637146,1725.0574951171875,793.2327880859375
A2+A3,dual_branch,multitask,3.0,4284,1,0.5959099531173706,360.0119934082031,1335.8118896484375
A2+A3,dual_branch,multitask,3.0,4286,1,0.9987543821334839,870.0289916992188,-2011.0877685546875
A2+A3,dual_branch,multitask,3.0,4290,0,0.5291722416877747,1425.0474853515625,1552.323486328125
A2+A3,dual_branch,multitask,3.0,4297,0,0.5168226957321167,1530.0509033203125,1596.928466796875
A2+A3,dual_branch,multitask,3.0,4310,0,0.4932669401168823,1980.06591796875,1771.831787109375
A2+A3,dual_branch,multitask,3.0,4357,1,0.49253085255622864,915.0304565429688,1771.01171875
A2+A3,dual_branch,multitask,3.0,4434,1,0.9053207635879517,1035.034423828125,436.6724853515625
A2+A3,dual_branch,multitask,3.0,4655,0,0.999030351638794,1305.04345703125,-2161.0830078125
A2+A3,dual_branch,multitask,3.0,4659,1,0.6936419010162354,285.0094909667969,1289.643310546875
A2+A3,dual_branch,multitask,3.0,27,0,0.653027355670929,2145.08203125,1418.51025390625
A2+A3,dual_branch,multitask,3.0,28,1,0.5516694188117981,915.0349731445312,1877.2845458984375
A2+A3,dual_branch,multitask,3.0,60,1,0.49540549516677856,855.03271484375,1749.2618408203125
A2+A3,dual_branch,multitask,3.0,67,0,0.8825021982192993,2550.097412109375,576.3240966796875
A2+A3,dual_branch,multitask,3.0,69,0,0.4949774146080017,1725.06591796875,1803.2679443359375
A2+A3,dual_branch,multitask,3.0,73,0,0.49580147862434387,1635.0625,1768.2852783203125
A2+A3,dual_branch,multitask,3.0,74,0,0.6673816442489624,1845.070556640625,1374.106201171875
A2+A3,dual_branch,multitask,3.0,96,1,0.5503726005554199,450.0172119140625,1890.3564453125
A2+A3,dual_branch,multitask,3.0,106,1,0.5578802227973938,360.0137634277344,1808.3388671875
A2+A3,dual_branch,multitask,3.0,113,0,0.7106286287307739,1140.0435791015625,1233.959716796875
A2+A3,dual_branch,multitask,3.0,123,0,0.6818399429321289,2310.08837890625,1327.7305908203125
A2+A3,dual_branch,multitask,3.0,139,0,0.8782194256782532,1155.044189453125,605.5098876953125
A2+A3,dual_branch,multitask,3.0,143,0,0.5504215955734253,1320.050537109375,1887.800048828125
A2+A3,dual_branch,multitask,3.0,144,1,0.4947334825992584,510.0195007324219,1802.6707763671875
A2+A3,dual_branch,multitask,3.0,153,0,0.9953737854957581,1335.051025390625,-1256.1627197265625
A2+A3,dual_branch,multitask,3.0,160,1,0.5592909455299377,390.0149230957031,1786.8148193359375
A2+A3,dual_branch,multitask,3.0,174,0,0.6330587267875671,3060.116943359375,1478.7265625
A2+A3,dual_branch,multitask,3.0,215,0,0.6750723123550415,1785.0682373046875,1349.59326171875
A2+A3,dual_branch,multitask,3.0,219,0,0.4957718253135681,2355.090087890625,1763.9935302734375
A2+A3,dual_branch,multitask,3.0,221,0,0.8646571636199951,2250.0859375,680.328125
A2+A3,dual_branch,multitask,3.0,230,0,0.8798603415489197,2625.100341796875,594.2022705078125
A2+A3,dual_branch,multitask,3.0,267,0,0.8712575435638428,1980.07568359375,645.063232421875
A2+A3,dual_branch,multitask,3.0,278,0,0.9973847270011902,2010.076904296875,-1571.1827392578125
A2+A3,dual_branch,multitask,3.0,283,1,0.8709778189659119,795.0303955078125,646.370361328125
A2+A3,dual_branch,multitask,3.0,326,0,0.6821425557136536,1680.064208984375,1327.152099609375
A2+A3,dual_branch,multitask,3.0,327,0,0.888023853302002,1845.070556640625,546.9677734375
A2+A3,dual_branch,multitask,3.0,328,0,0.8662859201431274,1665.063720703125,672.4832763671875
A2+A3,dual_branch,multitask,3.0,347,0,0.8794131875038147,2850.10888671875,597.608154296875
A2+A3,dual_branch,multitask,3.0,356,0,0.8635035753250122,2070.0791015625,686.33056640625
A2+A3,dual_branch,multitask,3.0,360,0,0.568379819393158,1620.06201171875,1654.6025390625
A2+A3,dual_branch,multitask,3.0,361,0,0.992393970489502,1680.064208984375,-967.6527099609375
A2+A3,dual_branch,multitask,3.0,363,0,0.5549070239067078,1635.0625,1848.521240234375
A2+A3,dual_branch,multitask,3.0,375,0,0.6585125923156738,3480.133056640625,1401.5601806640625
A2+A3,dual_branch,multitask,3.0,383,0,0.4947853088378906,1725.06591796875,1798.067138671875
A2+A3,dual_branch,multitask,3.0,384,1,0.5509299635887146,900.034423828125,1890.15966796875
A2+A3,dual_branch,multitask,3.0,401,0,0.9984810948371887,2445.093505859375,-1886.5623779296875
A2+A3,dual_branch,multitask,3.0,418,0,0.9964358806610107,1920.073486328125,-1398.6966552734375
A2+A3,dual_branch,multitask,3.0,432,0,0.8988474607467651,1530.0584716796875,477.0218505859375
A2+A3,dual_branch,multitask,3.0,467,0,0.8364279866218567,3420.130859375,814.5789184570312
A2+A3,dual_branch,multitask,3.0,503,0,0.5510348677635193,1335.051025390625,1883.0201416015625
A2+A3,dual_branch,multitask,3.0,504,0,0.8817223906517029,2445.093505859375,583.647705078125
A2+A3,dual_branch,multitask,3.0,509,0,0.8395608067512512,2670.10205078125,806.5516357421875
A2+A3,dual_branch,multitask,3.0,514,0,0.4951002299785614,3000.11474609375,1734.436767578125
A2+A3,dual_branch,multitask,3.0,536,0,0.4954204559326172,2070.0791015625,1795.077880859375
A2+A3,dual_branch,multitask,3.0,538,1,0.9193199872970581,990.037841796875,316.9720458984375
A2+A3,dual_branch,multitask,3.0,541,0,0.8985703587532043,1110.04248046875,477.651123046875
A2+A3,dual_branch,multitask,3.0,544,0,0.8690415024757385,2925.11181640625,658.5771484375
A2+A3,dual_branch,multitask,3.0,549,0,0.9983997941017151,1830.0699462890625,-1870.0142822265625
A2+A3,dual_branch,multitask,3.0,551,0,0.49737468361854553,1410.053955078125,1720.373779296875
A2+A3,dual_branch,multitask,3.0,573,0,0.49501246213912964,3165.12109375,1758.1724853515625
A2+A3,dual_branch,multitask,3.0,581,0,0.5575816035270691,3150.120361328125,1812.046630859375
A2+A3,dual_branch,multitask,3.0,590,0,0.999226450920105,2925.11181640625,-2270.2314453125
A2+A3,dual_branch,multitask,3.0,593,0,0.6913629174232483,2460.093994140625,1297.1885986328125
A2+A3,dual_branch,multitask,3.0,601,0,0.8754618167877197,1455.0556640625,619.099853515625
A2+A3,dual_branch,multitask,3.0,628,0,0.4945576786994934,1365.05224609375,1779.55810546875
A2+A3,dual_branch,multitask,3.0,645,0,0.8776654601097107,1545.05908203125,609.3868408203125
A2+A3,dual_branch,multitask,3.0,659,0,0.4966111183166504,2610.099853515625,1719.6099853515625
A2+A3,dual_branch,multitask,3.0,662,0,0.9982112646102905,1425.0545654296875,-1785.9451904296875
A2+A3,dual_branch,multitask,3.0,667,1,0.4998473525047302,660.0252685546875,1712.5406494140625
A2+A3,dual_branch,multitask,3.0,680,0,0.9072325825691223,3630.138916015625,415.05908203125
A2+A3,dual_branch,multitask,3.0,694,0,0.49553871154785156,3075.11767578125,1779.8369140625
A2+A3,dual_branch,multitask,3.0,708,1,0.997197151184082,1065.040771484375,-1527.3306884765625
A2+A3,dual_branch,multitask,3.0,714,1,0.8867977857589722,1005.0384521484375,554.4866943359375
A2+A3,dual_branch,multitask,3.0,717,0,0.9990577101707458,1605.0614013671875,-2154.216796875
A2+A3,dual_branch,multitask,3.0,726,0,0.4946640431880951,1560.0596923828125,1770.656005859375
A2+A3,dual_branch,multitask,3.0,740,0,0.49990859627723694,2115.080810546875,1702.1839599609375
A2+A3,dual_branch,multitask,3.0,744,0,0.893333911895752,3435.13134765625,510.9747314453125
A2+A3,dual_branch,multitask,3.0,756,0,0.9958348274230957,1815.0694580078125,-1299.0572509765625
A2+A3,dual_branch,multitask,3.0,798,0,0.5139166116714478,2490.09521484375,1627.5506591796875
A2+A3,dual_branch,multitask,3.0,804,0,0.9990358352661133,2820.10791015625,-2148.89306640625
A2+A3,dual_branch,multitask,3.0,825,0,0.5033964514732361,1755.067138671875,1684.07470703125
A2+A3,dual_branch,multitask,3.0,836,0,0.6206182837486267,3390.129638671875,1515.767578125
A2+A3,dual_branch,multitask,3.0,838,0,0.6888470649719238,2865.109619140625,1297.930419921875
A2+A3,dual_branch,multitask,3.0,854,0,0.891278862953186,2790.106689453125,522.0247802734375
A2+A3,dual_branch,multitask,3.0,856,0,0.9970266222953796,2700.103271484375,-1503.3939208984375
A2+A3,dual_branch,multitask,3.0,861,1,0.6952810883522034,375.01434326171875,1284.169189453125
A2+A3,dual_branch,multitask,3.0,870,0,0.8445673584938049,2895.11083984375,780.917724609375
A2+A3,dual_branch,multitask,3.0,874,0,0.9934942126274109,3180.12158203125,-1043.9920654296875
A2+A3,dual_branch,multitask,3.0,880,1,0.696224570274353,690.0263671875,1281.46923828125
A2+A3,dual_branch,multitask,3.0,881,0,0.894253671169281,1485.0567626953125,504.6387939453125
A2+A3,dual_branch,multitask,3.0,885,0,0.5504768490791321,2460.093994140625,1887.057861328125
A2+A3,dual_branch,multitask,3.0,891,0,0.8798126578330994,2310.08837890625,594.952880859375
A2+A3,dual_branch,multitask,3.0,893,0,0.5010638236999512,1350.0516357421875,1694.9775390625
A2+A3,dual_branch,multitask,3.0,896,0,0.9093554019927979,2595.099365234375,401.4383544921875
A2+A3,dual_branch,multitask,3.0,906,0,0.6767328381538391,3300.126220703125,1314.04931640625
A2+A3,dual_branch,multitask,3.0,907,0,0.5505238771438599,1455.0556640625,1886.884033203125
A2+A3,dual_branch,multitask,3.0,915,0,0.6349233984947205,3465.132568359375,1446.980224609375
A2+A3,dual_branch,multitask,3.0,922,0,0.4958534240722656,1590.060791015625,1787.4390869140625
A2+A3,dual_branch,multitask,3.0,932,0,0.5512527227401733,2595.099365234375,1877.1253662109375
A2+A3,dual_branch,multitask,3.0,968,0,0.880187451839447,2040.0780029296875,591.7535400390625
A2+A3,dual_branch,multitask,3.0,973,1,0.8702766299247742,660.0252685546875,650.0855712890625
A2+A3,dual_branch,multitask,3.0,992,0,0.9979233145713806,3195.122314453125,-1699.2232666015625
A2+A3,dual_branch,multitask,3.0,1003,0,0.9982709884643555,2835.1083984375,-1811.5838623046875
A2+A3,dual_branch,multitask,3.0,1012,1,0.7104739546775818,300.011474609375,1233.69189453125
A2+A3,dual_branch,multitask,3.0,1015,0,0.8665013313293457,2130.08154296875,667.7552490234375
A2+A3,dual_branch,multitask,3.0,1024,0,0.998241662979126,2730.1044921875,-1798.4632568359375
A2+A3,dual_branch,multitask,3.0,1026,0,0.8693720102310181,2700.103271484375,669.2108154296875
A2+A3,dual_branch,multitask,3.0,1027,0,0.878320038318634,2310.08837890625,613.8055419921875
A2+A3,dual_branch,multitask,3.0,1029,1,0.9976335763931274,825.0315551757812,-1623.5164794921875
A2+A3,dual_branch,multitask,3.0,1038,0,0.9986193180084229,1575.060302734375,-1948.0614013671875
A2+A3,dual_branch,multitask,3.0,1044,0,0.9975003600120544,1935.073974609375,-1606.2784423828125
A2+A3,dual_branch,multitask,3.0,1089,0,0.5033433437347412,2385.09130859375,1681.910400390625
A2+A3,dual_branch,multitask,3.0,1093,0,0.6598325371742249,1320.050537109375,1397.3905029296875
A2+A3,dual_branch,multitask,3.0,1110,0,0.9971207976341248,1770.0677490234375,-1511.5430908203125
A2+A3,dual_branch,multitask,3.0,1133,0,0.9981574416160583,2475.0947265625,-1780.9671630859375
A2+A3,dual_branch,multitask,3.0,1141,0,0.9929291605949402,2505.095703125,-989.4542236328125
A2+A3,dual_branch,multitask,3.0,1144,0,0.4956466853618622,1545.05908203125,1772.3109130859375
A2+A3,dual_branch,multitask,3.0,1149,1,0.7167572975158691,1035.03955078125,1212.099609375
A2+A3,dual_branch,multitask,3.0,1166,0,0.9988889098167419,2190.083740234375,-2065.86376953125
A2+A3,dual_branch,multitask,3.0,1173,0,0.6881938576698303,1155.044189453125,1307.22509765625
A2+A3,dual_branch,multitask,3.0,1191,0,0.9122111797332764,1230.0469970703125,382.245361328125
A2+A3,dual_branch,multitask,3.0,1193,0,0.9953346848487854,2280.087158203125,-1240.4112548828125
A2+A3,dual_branch,multitask,3.0,1196,0,0.6709782481193542,1725.06591796875,1362.349853515625
A2+A3,dual_branch,multitask,3.0,1206,0,0.4884365200996399,1500.057373046875,1893.3291015625
A2+A3,dual_branch,multitask,3.0,1210,0,0.6525965332984924,1500.057373046875,1391.892333984375
A2+A3,dual_branch,multitask,3.0,1214,0,0.8889729976654053,3360.12841796875,541.34765625
A2+A3,dual_branch,multitask,3.0,1225,0,0.7106980681419373,2025.077392578125,1233.19970703125
A2+A3,dual_branch,multitask,3.0,1231,1,0.9972900152206421,525.0200805664062,-1549.1715087890625
A2+A3,dual_branch,multitask,3.0,1239,1,0.9883312582969666,585.0223999023438,-709.5780029296875
A2+A3,dual_branch,multitask,3.0,1240,0,0.4970693588256836,1455.0556640625,1753.160888671875
A2+A3,dual_branch,multitask,3.0,1242,1,0.5037032961845398,510.0195007324219,1684.3369140625
A2+A3,dual_branch,multitask,3.0,1257,1,0.7039371728897095,900.034423828125,1256.05322265625
A2+A3,dual_branch,multitask,3.0,1259,0,0.4952757954597473,2490.09521484375,1781.5294189453125
A2+A3,dual_branch,multitask,3.0,1265,0,0.9988532066345215,1110.04248046875,-2045.2039794921875
A2+A3,dual_branch,multitask,3.0,1302,0,0.7429047226905823,1770.0677490234375,1120.533447265625
A2+A3,dual_branch,multitask,3.0,1307,0,0.6728434562683105,1425.0545654296875,1356.6890869140625
A2+A3,dual_branch,multitask,3.0,1332,0,0.997329592704773,1290.04931640625,-1566.7701416015625
A2+A3,dual_branch,multitask,3.0,1339,0,0.4988267123699188,1890.072265625,1731.3114013671875
A2+A3,dual_branch,multitask,3.0,1397,1,0.7480682730674744,900.034423828125,1101.2813720703125
A2+A3,dual_branch,multitask,3.0,1425,0,0.9073716402053833,2640.10107421875,414.0189208984375
A2+A3,dual_branch,multitask,3.0,1461,0,0.553837239742279,2955.113037109375,1851.7103271484375
A2+A3,dual_branch,multitask,3.0,1462,0,0.5750843286514282,3150.12060546875,1342.6044921875
A2+A3,dual_branch,multitask,3.0,1467,0,0.9977704286575317,1650.0631103515625,-1657.9073486328125
A2+A3,dual_branch,multitask,3.0,1469,0,0.9960273504257202,2205.084228515625,-1326.4930419921875
A2+A3,dual_branch,multitask,3.0,1484,0,0.496292382478714,2655.1015625,1740.098388671875
A2+A3,dual_branch,multitask,3.0,1569,0,0.9983381032943726,1680.064208984375,-1831.2586669921875
A2+A3,dual_branch,multitask,3.0,1582,1,0.9968390464782715,1080.041259765625,-1461.8746337890625
A2+A3,dual_branch,multitask,3.0,1590,0,0.5100582242012024,3375.129150390625,1840.2650146484375
A2+A3,dual_branch,multitask,3.0,1591,0,0.6561937928199768,3015.115234375,1388.920654296875
A2+A3,dual_branch,multitask,3.0,1593,0,0.5501602292060852,1650.0631103515625,1893.6129150390625
A2+A3,dual_branch,multitask,3.0,1595,0,0.8969393968582153,1245.047607421875,484.06103515625
A2+A3,dual_branch,multitask,3.0,1598,1,0.7227121591567993,660.0252685546875,1191.5260009765625
A2+A3,dual_branch,multitask,3.0,1603,0,0.5168749094009399,2565.09814453125,1622.8658447265625
A2+A3,dual_branch,multitask,3.0,1612,0,0.9035660624504089,1500.057373046875,441.625
A2+A3,dual_branch,multitask,3.0,1616,1,0.8899694085121155,660.0252685546875,536.7821044921875
A2+A3,dual_branch,multitask,3.0,1668,0,0.7239154577255249,1860.0711669921875,1187.1265869140625
A2+A3,dual_branch,multitask,3.0,1707,0,0.9980196952819824,2595.099365234375,-1736.3594970703125
A2+A3,dual_branch,multitask,3.0,1799,0,0.7019369006156921,2370.090576171875,1244.7364501953125
A2+A3,dual_branch,multitask,3.0,1803,1,0.5222893357276917,375.01434326171875,1594.7086181640625
A2+A3,dual_branch,multitask,3.0,1844,0,0.55091392993927,1860.0711669921875,1887.7276611328125
A2+A3,dual_branch,multitask,3.0,1906,0,0.5507111549377441,1230.0469970703125,1890.6064453125
A2+A3,dual_branch,multitask,3.0,1928,0,0.5591579079627991,2040.0780029296875,1789.3426513671875
A2+A3,dual_branch,multitask,3.0,1933,1,0.9991808533668518,570.0217895507812,-2238.11181640625
A2+A3,dual_branch,multitask,3.0,1937,0,0.6504414677619934,2565.09814453125,1426.05810546875
A2+A3,dual_branch,multitask,3.0,1943,0,0.5027023553848267,2445.093505859375,1699.468017578125
A2+A3,dual_branch,multitask,3.0,1973,0,0.9180580973625183,2280.087158203125,331.0042724609375
A2+A3,dual_branch,multitask,3.0,2003,0,0.9991627931594849,2490.09521484375,-2224.1884765625
A2+A3,dual_branch,multitask,3.0,2012,0,0.7904438376426697,1920.073486328125,934.8550415039062
A2+A3,dual_branch,multitask,3.0,2032,1,0.7383743524551392,600.02294921875,1136.466552734375
A2+A3,dual_branch,multitask,3.0,2049,0,0.5713170170783997,1560.0596923828125,1326.8267822265625
A2+A3,dual_branch,multitask,3.0,2109,0,0.5702793002128601,1770.0677490234375,1619.2392578125
A2+A3,dual_branch,multitask,3.0,2112,0,0.853085994720459,2940.112548828125,736.45068359375
A2+A3,dual_branch,multitask,3.0,2152,0,0.9982740879058838,1620.06201171875,-1807.2528076171875
A2+A3,dual_branch,multitask,3.0,2197,0,0.9924348592758179,3000.11474609375,-959.9691162109375
A2+A3,dual_branch,multitask,3.0,2215,0,0.5506735444068909,1440.0550537109375,1888.1671142578125
A2+A3,dual_branch,multitask,3.0,2220,1,0.8696125745773315,675.0258178710938,651.193115234375
A2+A3,dual_branch,multitask,3.0,2225,0,0.7874575853347778,2085.079833984375,948.105224609375
A2+A3,dual_branch,multitask,3.0,2255,0,0.551986575126648,2070.0791015625,1872.5784912109375
A2+A3,dual_branch,multitask,3.0,2273,0,0.998028576374054,2100.080322265625,-1729.4720458984375
A2+A3,dual_branch,multitask,3.0,2279,1,0.9992693066596985,1020.0390014648438,-2303.19189453125
A2+A3,dual_branch,multitask,3.0,2311,1,0.49764201045036316,390.0149230957031,1753.124755859375
A2+A3,dual_branch,multitask,3.0,2314,0,0.558658242225647,1995.0762939453125,1794.8419189453125
A2+A3,dual_branch,multitask,3.0,2359,0,0.7118828296661377,2760.10546875,1228.574462890625
A2+A3,dual_branch,multitask,3.0,2362,1,0.49947234988212585,660.0252685546875,1711.1658935546875
A2+A3,dual_branch,multitask,3.0,2385,0,0.8396331667900085,2100.080322265625,802.5289916992188
A2+A3,dual_branch,multitask,3.0,2387,0,0.9988186955451965,1470.0562744140625,-2034.2410888671875
A2+A3,dual_branch,multitask,3.0,2450,0,0.8865401744842529,1740.0665283203125,556.853271484375
A2+A3,dual_branch,multitask,3.0,2452,0,0.7363388538360596,2145.08203125,1144.0777587890625
A2+A3,dual_branch,multitask,3.0,2458,1,0.9970816969871521,810.031005859375,-1517.7860107421875
A2+A3,dual_branch,multitask,3.0,2530,1,0.5510066747665405,990.037841796875,1880.168701171875
A2+A3,dual_branch,multitask,3.0,2533,0,0.5528935194015503,2115.080810546875,1869.032958984375
A2+A3,dual_branch,multitask,3.0,2603,0,0.8699430227279663,2790.106689453125,649.048828125
A2+A3,dual_branch,multitask,3.0,2621,0,0.4964613914489746,1755.067138671875,1757.6343994140625
A2+A3,dual_branch,multitask,3.0,2666,1,0.7454554438591003,915.0349731445312,1111.6478271484375
A2+A3,dual_branch,multitask,3.0,2705,1,0.5021220445632935,915.0349731445312,1693.7540283203125
A2+A3,dual_branch,multitask,3.0,2736,0,0.5363568067550659,2685.102783203125,1533.427490234375
A2+A3,dual_branch,multitask,3.0,2757,0,0.7154531478881836,1335.051025390625,1217.431884765625
A2+A3,dual_branch,multitask,3.0,2813,1,0.5759242177009583,810.031005859375,1537.3179931640625
A2+A3,dual_branch,multitask,3.0,2815,1,0.5272444486618042,735.0281372070312,1584.2818603515625
A2+A3,dual_branch,multitask,3.0,2839,0,0.5620609521865845,1935.073974609375,1737.2647705078125
A2+A3,dual_branch,multitask,3.0,2863,0,0.6968422532081604,1815.0694580078125,1279.45458984375
A2+A3,dual_branch,multitask,3.0,2870,1,0.9986433386802673,465.0177917480469,-1947.1671142578125
A2+A3,dual_branch,multitask,3.0,2895,0,0.9973438382148743,1875.07177734375,-1559.4791259765625
A2+A3,dual_branch,multitask,3.0,2905,0,0.6480873227119446,1830.0699462890625,1434.170654296875
A2+A3,dual_branch,multitask,3.0,2918,1,0.9988577365875244,1065.040771484375,-2046.3851318359375
A2+A3,dual_branch,multitask,3.0,2921,0,0.5330828428268433,1140.0435791015625,1526.8126220703125
A2+A3,dual_branch,multitask,3.0,2963,0,0.8559994697570801,2340.089599609375,725.9622802734375
A2+A3,dual_branch,multitask,3.0,2982,0,0.8053945899009705,1695.0648193359375,870.6944580078125
A2+A3,dual_branch,multitask,3.0,2988,1,0.9596009850502014,360.0137634277344,-134.9569091796875
A2+A3,dual_branch,multitask,3.0,3054,0,0.5503327250480652,2280.087158203125,1892.2889404296875
A2+A3,dual_branch,multitask,3.0,3099,1,0.998490571975708,870.0332641601562,-1892.2425537109375
A2+A3,dual_branch,multitask,3.0,3103,0,0.5553973317146301,1530.0584716796875,1843.4176025390625
A2+A3,dual_branch,multitask,3.0,3112,0,0.5568100810050964,1590.060791015625,1827.8106689453125
A2+A3,dual_branch,multitask,3.0,3113,0,0.8929880261421204,2040.0780029296875,509.1680908203125
A2+A3,dual_branch,multitask,3.0,3135,0,0.9992539286613464,1230.0469970703125,-2293.75439453125
A2+A3,dual_branch,multitask,3.0,3165,0,0.7620918154716492,1890.072265625,1048.97509765625
A2+A3,dual_branch,multitask,3.0,3199,1,0.8539453744888306,810.031005859375,745.796630859375
A2+A3,dual_branch,multitask,3.0,3277,1,0.5565555691719055,825.0315551757812,1831.551513671875
A2+A3,dual_branch,multitask,3.0,3299,1,0.8086474537849426,795.0303955078125,858.151123046875
A2+A3,dual_branch,multitask,3.0,3312,0,0.502397894859314,1440.0550537109375,1712.1907958984375
A2+A3,dual_branch,multitask,3.0,3318,0,0.5644491910934448,1560.0596923828125,1701.9637451171875
A2+A3,dual_branch,multitask,3.0,3330,0,0.5505258440971375,1935.073974609375,1889.4124755859375
A2+A3,dual_branch,multitask,3.0,3338,1,0.8947818875312805,255.00975036621094,505.5579833984375
A2+A3,dual_branch,multitask,3.0,3355,0,0.7407414317131042,1680.064208984375,1129.1292724609375
A2+A3,dual_branch,multitask,3.0,3442,1,0.5711110234260559,585.0223999023438,1623.52490234375
A2+A3,dual_branch,multitask,3.0,3478,0,0.8738785982131958,1350.0516357421875,622.0257568359375
A2+A3,dual_branch,multitask,3.0,3492,1,0.9973383545875549,705.0269775390625,-1558.0677490234375
A2+A3,dual_branch,multitask,3.0,3521,0,0.9976499676704407,2025.0775146484375,-1629.4385986328125
A2+A3,dual_branch,multitask,3.0,3540,1,0.851094663143158,375.01434326171875,648.5748291015625
A2+A3,dual_branch,multitask,3.0,3556,0,0.9295598268508911,1500.057373046875,228.87890625
A2+A3,dual_branch,multitask,3.0,3684,0,0.6548758149147034,2100.080322265625,1412.8536376953125
A2+A3,dual_branch,multitask,3.0,3718,0,0.5106682777404785,1845.070556640625,1653.6431884765625
A2+A3,dual_branch,multitask,3.0,3828,1,0.9983805418014526,975.0372924804688,-1855.0001220703125
A2+A3,early_fusion,multitask,1.0,15,1,0.41957101225852966,315.010498046875,2117.2001953125
A2+A3,early_fusion,multitask,1.0,31,0,0.47099655866622925,1860.0618896484375,1924.438232421875
A2+A3,early_fusion,multitask,1.0,38,0,0.4229632318019867,1635.054443359375,2103.2607421875
A2+A3,early_fusion,multitask,1.0,43,1,0.5256010890007019,105.00349426269531,1817.543212890625
A2+A3,early_fusion,multitask,1.0,46,0,0.49337008595466614,1620.053955078125,1937.9271240234375
A2+A3,early_fusion,multitask,1.0,54,0,0.47063252329826355,1965.0654296875,2019.836669921875
A2+A3,early_fusion,multitask,1.0,57,0,0.46885329484939575,1500.0499267578125,1959.575927734375
A2+A3,early_fusion,multitask,1.0,92,0,0.4643305242061615,3555.118408203125,1968.2330322265625
A2+A3,early_fusion,multitask,1.0,97,1,0.5542219877243042,900.0299682617188,1727.372802734375
A2+A3,early_fusion,multitask,1.0,102,0,0.5297200083732605,3150.10498046875,1761.1456298828125
A2+A3,early_fusion,multitask,1.0,108,0,0.47874510288238525,1950.06494140625,1983.5377197265625
A2+A3,early_fusion,multitask,1.0,117,0,0.48286372423171997,2985.099365234375,1846.007080078125
A2+A3,early_fusion,multitask,1.0,122,0,0.4974423944950104,1950.06494140625,1936.5625
A2+A3,early_fusion,multitask,1.0,134,1,0.48063740134239197,585.0194702148438,2015.1561279296875
A2+A3,early_fusion,multitask,1.0,146,0,0.47748008370399475,1125.0374755859375,1972.0755615234375
A2+A3,early_fusion,multitask,1.0,172,0,0.4857921302318573,1710.056884765625,1826.07177734375
A2+A3,early_fusion,multitask,1.0,181,0,0.46916478872299194,3525.117431640625,1929.3359375
A2+A3,early_fusion,multitask,1.0,192,0,0.4243752062320709,3360.11181640625,2097.370849609375
A2+A3,early_fusion,multitask,1.0,197,0,0.4961135983467102,2115.0703125,1861.19775390625
A2+A3,early_fusion,multitask,1.0,201,0,0.5004132986068726,1215.0404052734375,1833.0054931640625
A2+A3,early_fusion,multitask,1.0,204,0,0.5263713598251343,2040.06787109375,1769.3089599609375
A2+A3,early_fusion,multitask,1.0,207,0,0.48054924607276917,1815.0604248046875,1934.04296875
A2+A3,early_fusion,multitask,1.0,224,0,0.48028358817100525,1485.0494384765625,1826.9127197265625
A2+A3,early_fusion,multitask,1.0,226,0,0.4488452970981598,2760.091796875,2009.09326171875
A2+A3,early_fusion,multitask,1.0,232,0,0.44018304347991943,1665.055419921875,2060.78173828125
A2+A3,early_fusion,multitask,1.0,242,0,0.5448298454284668,3555.118408203125,1765.9984130859375
A2+A3,early_fusion,multitask,1.0,260,0,0.4199603796005249,1890.06298828125,2115.59619140625
A2+A3,early_fusion,multitask,1.0,261,0,0.47427353262901306,1320.0439453125,1955.0252685546875
A2+A3,early_fusion,multitask,1.0,272,1,0.5017675757408142,435.0144958496094,1738.0167236328125
A2+A3,early_fusion,multitask,1.0,283,0,0.4973054528236389,1650.054931640625,1851.66455078125
A2+A3,early_fusion,multitask,1.0,285,0,0.48401957750320435,1545.0513916015625,1893.8795166015625
A2+A3,early_fusion,multitask,1.0,286,1,0.5296772122383118,630.02099609375,1751.8623046875
A2+A3,early_fusion,multitask,1.0,287,0,0.44618651270866394,3660.121826171875,2021.288330078125
A2+A3,early_fusion,multitask,1.0,289,0,0.4967290461063385,1590.052978515625,1846.660888671875
A2+A3,early_fusion,multitask,1.0,308,0,0.4338269829750061,1830.0609130859375,2060.895263671875
A2+A3,early_fusion,multitask,1.0,312,0,0.6083344221115112,1665.055419921875,1612.483642578125
A2+A3,early_fusion,multitask,1.0,331,0,0.48388075828552246,3330.11083984375,1909.7589111328125
A2+A3,early_fusion,multitask,1.0,334,0,0.5600727200508118,2235.074462890625,1704.5357666015625
A2+A3,early_fusion,multitask,1.0,362,0,0.7687763571739197,1500.0499267578125,1160.113525390625
A2+A3,early_fusion,multitask,1.0,368,0,0.47744351625442505,3375.1123046875,1893.514404296875
A2+A3,early_fusion,multitask,1.0,370,0,0.5144117474555969,1950.06494140625,1845.9483642578125
A2+A3,early_fusion,multitask,1.0,380,0,0.4854430854320526,3555.118408203125,1935.759521484375
A2+A3,early_fusion,multitask,1.0,384,0,0.47873514890670776,3075.102294921875,1978.8157958984375
A2+A3,early_fusion,multitask,1.0,395,0,0.4779961109161377,2415.080322265625,1962.1224365234375
A2+A3,early_fusion,multitask,1.0,396,0,0.46744972467422485,2460.08203125,1961.0850830078125
A2+A3,early_fusion,multitask,1.0,404,0,0.47373875975608826,2835.094482421875,1921.4481201171875
A2+A3,early_fusion,multitask,1.0,416,1,0.5655176639556885,540.0180053710938,1684.996826171875
A2+A3,early_fusion,multitask,1.0,422,1,0.4994041323661804,735.0244750976562,1913.906494140625
A2+A3,early_fusion,multitask,1.0,428,0,0.5058340430259705,1740.0579833984375,1870.6873779296875
A2+A3,early_fusion,multitask,1.0,430,0,0.5325961112976074,2715.09033203125,1745.4864501953125
A2+A3,early_fusion,multitask,1.0,437,0,0.48753514885902405,3000.099853515625,1929.576171875
A2+A3,early_fusion,multitask,1.0,441,0,0.48145565390586853,1620.053955078125,1936.1986083984375
A2+A3,early_fusion,multitask,1.0,453,0,0.4256128966808319,2025.0673828125,2097.822021484375
A2+A3,early_fusion,multitask,1.0,460,0,0.4859728217124939,2865.095458984375,1793.4493408203125
A2+A3,early_fusion,multitask,1.0,461,0,0.4829195439815521,2685.08935546875,1891.95703125
A2+A3,early_fusion,multitask,1.0,478,0,0.5429989695549011,3090.102783203125,1760.591064453125
A2+A3,early_fusion,multitask,1.0,498,0,0.49185171723365784,1215.0404052734375,1904.796142578125
A2+A3,early_fusion,multitask,1.0,509,0,0.4776765704154968,3255.1083984375,1969.71826171875
A2+A3,early_fusion,multitask,1.0,514,0,0.4809478223323822,3045.101318359375,1869.567138671875
A2+A3,early_fusion,multitask,1.0,518,0,0.5079047679901123,1380.0458984375,1861.9996337890625
A2+A3,early_fusion,multitask,1.0,522,0,0.4916881024837494,2235.074462890625,1924.361328125
A2+A3,early_fusion,multitask,1.0,530,0,0.5046897530555725,3150.10498046875,1858.45068359375
A2+A3,early_fusion,multitask,1.0,544,0,0.4827949106693268,1140.0379638671875,1896.966796875
A2+A3,early_fusion,multitask,1.0,546,0,0.460621178150177,1665.055419921875,2006.433349609375
A2+A3,early_fusion,multitask,1.0,561,0,0.5090622305870056,2925.097412109375,1858.5328369140625
A2+A3,early_fusion,multitask,1.0,575,0,0.49610888957977295,3540.117919921875,1941.775390625
A2+A3,early_fusion,multitask,1.0,578,0,0.4871752858161926,2625.08740234375,1925.4764404296875
A2+A3,early_fusion,multitask,1.0,580,1,0.49091172218322754,240.00799560546875,1925.94287109375
A2+A3,early_fusion,multitask,1.0,599,0,0.4820921719074249,1605.053466796875,1933.679443359375
A2+A3,early_fusion,multitask,1.0,604,0,0.4675198793411255,2535.08447265625,2106.507568359375
A2+A3,early_fusion,multitask,1.0,612,0,0.46082907915115356,1740.0579833984375,1979.068603515625
A2+A3,early_fusion,multitask,1.0,615,0,0.4901466965675354,1770.0589599609375,1899.79248046875
A2+A3,early_fusion,multitask,1.0,617,0,0.49483877420425415,1755.0584716796875,1882.2098388671875
A2+A3,early_fusion,multitask,1.0,629,0,0.4949232041835785,1815.0604248046875,1920.859619140625
A2+A3,early_fusion,multitask,1.0,635,0,0.48255518078804016,3045.101318359375,1853.999267578125
A2+A3,early_fusion,multitask,1.0,637,0,0.5236044526100159,2970.098876953125,1818.751953125
A2+A3,early_fusion,multitask,1.0,647,0,0.48201408982276917,2640.087890625,1936.2744140625
A2+A3,early_fusion,multitask,1.0,653,0,0.47976452112197876,3600.119873046875,1971.5523681640625
A2+A3,early_fusion,multitask,1.0,658,0,0.48207220435142517,2070.06884765625,1817.6053466796875
A2+A3,early_fusion,multitask,1.0,691,0,0.47878822684288025,1530.0509033203125,1933.94287109375
A2+A3,early_fusion,multitask,1.0,692,0,0.5047017931938171,2655.08837890625,1856.9608154296875
A2+A3,early_fusion,multitask,1.0,700,0,0.5036345720291138,1380.0458984375,1912.603271484375
A2+A3,early_fusion,multitask,1.0,712,1,0.48731380701065063,960.031982421875,1837.3861083984375
A2+A3,early_fusion,multitask,1.0,714,0,0.4973822832107544,1710.056884765625,1801.5244140625
A2+A3,early_fusion,multitask,1.0,740,0,0.5236612558364868,1395.0465087890625,1778.484619140625
A2+A3,early_fusion,multitask,1.0,741,0,0.48321130871772766,2865.095458984375,1931.0947265625
A2+A3,early_fusion,multitask,1.0,744,0,0.5817220211029053,3120.10400390625,1652.6534423828125
A2+A3,early_fusion,multitask,1.0,745,0,0.4368140399456024,2475.08251953125,2055.144775390625
A2+A3,early_fusion,multitask,1.0,752,0,0.528420090675354,1980.06591796875,1825.97802734375
A2+A3,early_fusion,multitask,1.0,753,0,0.47183817625045776,1515.0504150390625,1956.721923828125
A2+A3,early_fusion,multitask,1.0,762,0,0.47661495208740234,1830.0609130859375,1956.65087890625
A2+A3,early_fusion,multitask,1.0,770,0,0.4246135652065277,1485.0494384765625,2098.53857421875
A2+A3,early_fusion,multitask,1.0,778,0,0.48801523447036743,3270.10888671875,1936.4647216796875
A2+A3,early_fusion,multitask,1.0,786,0,0.5024077892303467,2640.087890625,1825.639404296875
A2+A3,early_fusion,multitask,1.0,794,0,0.4295530617237091,3150.10498046875,2076.909912109375
A2+A3,early_fusion,multitask,1.0,807,0,0.42140308022499084,1530.0509033203125,2109.634521484375
A2+A3,early_fusion,multitask,1.0,811,0,0.4664565324783325,2925.097412109375,1969.01953125
A2+A3,early_fusion,multitask,1.0,814,0,0.4922230541706085,2190.072998046875,1940.267822265625
A2+A3,early_fusion,multitask,1.0,818,0,0.482164204120636,2535.08447265625,1927.588134765625
A2+A3,early_fusion,multitask,1.0,820,0,0.5205371379852295,2745.09130859375,1573.8358154296875
A2+A3,early_fusion,multitask,1.0,828,0,0.5377755165100098,1650.054931640625,1751.1875
A2+A3,early_fusion,multitask,1.0,854,0,0.4822255074977875,1455.0484619140625,1843.786376953125
A2+A3,early_fusion,multitask,1.0,868,0,0.5093539357185364,2565.08544921875,1816.0438232421875
A2+A3,early_fusion,multitask,1.0,875,0,0.47909972071647644,1335.04443359375,1894.4852294921875
A2+A3,early_fusion,multitask,1.0,885,0,0.5004786252975464,1380.0458984375,1885.39892578125
A2+A3,early_fusion,multitask,1.0,904,0,0.5197351574897766,1755.0584716796875,1799.969482421875
A2+A3,early_fusion,multitask,1.0,909,0,0.4297231137752533,3540.117919921875,2077.352294921875
A2+A3,early_fusion,multitask,1.0,912,0,0.48410341143608093,2820.093994140625,1911.1234130859375
A2+A3,early_fusion,multitask,1.0,980,0,0.5461496114730835,2010.06689453125,1787.943115234375
A2+A3,early_fusion,multitask,1.0,993,0,0.49371007084846497,2505.08349609375,1884.4937744140625
A2+A3,early_fusion,multitask,1.0,997,0,0.529114305973053,2955.098388671875,1753.0772705078125
A2+A3,early_fusion,multitask,1.0,1027,0,0.542445719242096,1545.0513916015625,1802.61962890625
A2+A3,early_fusion,multitask,1.0,1032,0,0.506202757358551,2970.098876953125,1834.573974609375
A2+A3,early_fusion,multitask,1.0,1055,0,0.4823680520057678,2175.072509765625,1968.7711181640625
A2+A3,early_fusion,multitask,1.0,1073,0,0.5151860117912292,2640.087890625,1846.4942626953125
A2+A3,early_fusion,multitask,1.0,1077,0,0.49518340826034546,3450.114990234375,1865.0245361328125
A2+A3,early_fusion,multitask,1.0,1079,1,0.5148549675941467,1050.034912109375,1822.6358642578125
A2+A3,early_fusion,multitask,1.0,1089,0,0.5085340738296509,2370.078857421875,1781.16650390625
A2+A3,early_fusion,multitask,1.0,1097,0,0.5822799801826477,1515.0504150390625,1651.4990234375
A2+A3,early_fusion,multitask,1.0,1109,0,0.4942797124385834,3135.1044921875,1775.2982177734375
A2+A3,early_fusion,multitask,1.0,1127,0,0.43106409907341003,2085.0693359375,2071.861328125
A2+A3,early_fusion,multitask,1.0,1144,0,0.5340200066566467,3135.1044921875,1762.1837158203125
A2+A3,early_fusion,multitask,1.0,1148,0,0.4868459105491638,2400.079833984375,1893.3642578125
A2+A3,early_fusion,multitask,1.0,1165,0,0.5065166354179382,2580.0859375,1812.7537841796875
A2+A3,early_fusion,multitask,1.0,1168,0,0.722964882850647,1620.053955078125,1293.814453125
A2+A3,early_fusion,multitask,1.0,1175,1,0.552184522151947,870.0289916992188,1745.276611328125
A2+A3,early_fusion,multitask,1.0,1191,0,0.5201711058616638,1290.04296875,1981.5062255859375
A2+A3,early_fusion,multitask,1.0,1200,1,0.5718908905982971,510.0169677734375,1676.5010986328125
A2+A3,early_fusion,multitask,1.0,1203,0,0.48595017194747925,2640.087890625,1963.1307373046875
A2+A3,early_fusion,multitask,1.0,1204,0,0.5252290964126587,2730.0908203125,1777.6668701171875
A2+A3,early_fusion,multitask,1.0,1216,0,0.5275048017501831,2430.080810546875,1808.7451171875
A2+A3,early_fusion,multitask,1.0,1231,1,0.6275477409362793,315.010498046875,1541.6810302734375
A2+A3,early_fusion,multitask,1.0,1243,1,0.5484581589698792,915.0304565429688,1765.670166015625
A2+A3,early_fusion,multitask,1.0,1249,0,0.44352778792381287,2580.0859375,2040.73583984375
A2+A3,early_fusion,multitask,1.0,1271,0,0.6303361654281616,2520.083984375,1534.1181640625
A2+A3,early_fusion,multitask,1.0,1284,1,0.5107651352882385,375.0124816894531,1807.5430908203125
A2+A3,early_fusion,multitask,1.0,1288,0,0.44059500098228455,3120.10400390625,2041.7633056640625
A2+A3,early_fusion,multitask,1.0,1298,0,0.4772609770298004,3240.10791015625,1987.301513671875
A2+A3,early_fusion,multitask,1.0,1299,0,0.5058502554893494,1455.0484619140625,1705.8724365234375
A2+A3,early_fusion,multitask,1.0,1396,0,0.5136830806732178,1905.0634765625,1898.7989501953125
A2+A3,early_fusion,multitask,1.0,1414,1,0.5486950278282166,150.00498962402344,1783.3824462890625
A2+A3,early_fusion,multitask,1.0,1424,0,0.48604828119277954,1290.04296875,1931.4014892578125
A2+A3,early_fusion,multitask,1.0,1472,0,0.4826512038707733,1215.0404052734375,1848.8892822265625
A2+A3,early_fusion,multitask,1.0,1475,0,0.4981521964073181,3045.101318359375,1807.4197998046875
A2+A3,early_fusion,multitask,1.0,1498,0,0.49710410833358765,2520.083984375,1634.3060302734375
A2+A3,early_fusion,multitask,1.0,1508,1,0.5214319825172424,300.0099792480469,1835.49267578125
A2+A3,early_fusion,multitask,1.0,1510,0,0.48877546191215515,1260.0419921875,1838.9903564453125
A2+A3,early_fusion,multitask,1.0,1515,0,0.5452843308448792,1470.0489501953125,1735.1551513671875
A2+A3,early_fusion,multitask,1.0,1518,0,0.48609659075737,1980.06591796875,1783.74169921875
A2+A3,early_fusion,multitask,1.0,1591,1,0.513921856880188,630.02099609375,1659.0865478515625
A2+A3,early_fusion,multitask,1.0,1599,0,0.5766079425811768,1890.06298828125,1690.5430908203125
A2+A3,early_fusion,multitask,1.0,1602,0,0.5955924987792969,2220.073974609375,1612.793212890625
A2+A3,early_fusion,multitask,1.0,1604,0,0.479717880487442,2160.072021484375,1932.463134765625
A2+A3,early_fusion,multitask,1.0,1645,0,0.44930121302604675,2280.075927734375,2014.4981689453125
A2+A3,early_fusion,multitask,1.0,1662,0,0.5021655559539795,1530.0509033203125,1538.4354248046875
A2+A3,early_fusion,multitask,1.0,1696,1,0.4349307119846344,840.0279541015625,2057.036865234375
A2+A3,early_fusion,multitask,1.0,1705,0,0.6054189801216125,1275.04248046875,1631.530517578125
A2+A3,early_fusion,multitask,1.0,1719,0,0.5102692246437073,3030.100830078125,1895.2451171875
A2+A3,early_fusion,multitask,1.0,1726,0,0.5652048587799072,2640.087890625,1690.4854736328125
A2+A3,early_fusion,multitask,1.0,1748,0,0.4758374094963074,1380.0458984375,1917.5186767578125
A2+A3,early_fusion,multitask,1.0,1775,0,0.5007733106613159,1680.055908203125,1750.4117431640625
A2+A3,early_fusion,multitask,1.0,1783,0,0.4952404201030731,2295.076416015625,1895.2503662109375
A2+A3,early_fusion,multitask,1.0,1792,1,0.45939356088638306,1005.033447265625,2093.274169921875
A2+A3,early_fusion,multitask,1.0,1810,0,0.6152081489562988,1635.054443359375,1575.175537109375
A2+A3,early_fusion,multitask,1.0,1816,1,0.4852372109889984,810.0269775390625,1810.03076171875
A2+A3,early_fusion,multitask,1.0,1818,0,0.53741055727005,2655.08837890625,1746.15380859375
A2+A3,early_fusion,multitask,1.0,1822,1,0.46648845076560974,825.0274658203125,1963.8831787109375
A2+A3,early_fusion,multitask,1.0,1846,0,0.485843688249588,2850.094970703125,1771.4783935546875
A2+A3,early_fusion,multitask,1.0,1889,0,0.49416860938072205,2430.080810546875,1899.2060546875
A2+A3,early_fusion,multitask,1.0,1892,0,0.6058012843132019,2100.06982421875,1582.1475830078125
A2+A3,early_fusion,multitask,1.0,1915,0,0.6015477180480957,1350.044921875,1621.8104248046875
A2+A3,early_fusion,multitask,1.0,1945,1,0.5318219661712646,615.0205078125,1799.3997802734375
A2+A3,early_fusion,multitask,1.0,1963,0,0.4251610040664673,1170.0389404296875,2094.411376953125
A2+A3,early_fusion,multitask,1.0,1988,0,0.5140282511711121,1995.06640625,1593.322265625
A2+A3,early_fusion,multitask,1.0,2000,0,0.48179593682289124,2340.077880859375,1888.02734375
A2+A3,early_fusion,multitask,1.0,2027,0,0.48058322072029114,2040.06787109375,1846.259521484375
A2+A3,early_fusion,multitask,1.0,2038,1,0.4872577488422394,540.0180053710938,1872.3935546875
A2+A3,early_fusion,multitask,1.0,2041,0,0.48963266611099243,3045.101318359375,1777.701416015625
A2+A3,early_fusion,multitask,1.0,2045,0,0.4857198894023895,2205.073486328125,1909.8526611328125
A2+A3,early_fusion,multitask,1.0,2087,0,0.4805847108364105,2475.08251953125,1899.2449951171875
A2+A3,early_fusion,multitask,1.0,2113,0,0.4868447780609131,1170.0389404296875,1786.7406005859375
A2+A3,early_fusion,multitask,1.0,2146,0,0.4861532747745514,2010.06689453125,1806.2120361328125
A2+A3,early_fusion,multitask,1.0,2160,0,0.4355130195617676,2460.08203125,2064.822998046875
A2+A3,early_fusion,multitask,1.0,2167,0,0.4893397092819214,1350.044921875,1829.5848388671875
A2+A3,early_fusion,multitask,1.0,2187,0,0.6940420269966125,2370.078857421875,1394.334716796875
A2+A3,early_fusion,multitask,1.0,2192,0,0.5088652968406677,1470.0489501953125,1787.537841796875
A2+A3,early_fusion,multitask,1.0,2201,0,0.5342321991920471,1305.04345703125,1798.1920166015625
A2+A3,early_fusion,multitask,1.0,2229,0,0.6526685357093811,1395.0465087890625,1513.02197265625
A2+A3,early_fusion,multitask,1.0,2284,0,0.52069091796875,2130.071044921875,1797.3555908203125
A2+A3,early_fusion,multitask,1.0,2299,0,0.49461907148361206,2085.0693359375,1795.46044921875
A2+A3,early_fusion,multitask,1.0,2302,0,0.6093634366989136,2070.06884765625,1588.3182373046875
A2+A3,early_fusion,multitask,1.0,2321,0,0.501776933670044,2355.078369140625,1715.5245361328125
A2+A3,early_fusion,multitask,1.0,2333,0,0.5315027236938477,3075.102294921875,1658.2427978515625
A2+A3,early_fusion,multitask,1.0,2339,0,0.5087177753448486,1830.0609130859375,1769.9140625
A2+A3,early_fusion,multitask,1.0,2355,0,0.5178629755973816,1200.0399169921875,1721.6165771484375
A2+A3,early_fusion,multitask,1.0,2382,0,0.5136643648147583,1545.0513916015625,1792.5869140625
A2+A3,early_fusion,multitask,1.0,2420,1,0.5580090284347534,855.0284423828125,1751.857666015625
A2+A3,early_fusion,multitask,1.0,2434,0,0.523067057132721,1515.0504150390625,1660.14453125
A2+A3,early_fusion,multitask,1.0,2459,1,0.5008329749107361,915.0304565429688,1802.857177734375
A2+A3,early_fusion,multitask,1.0,2473,0,0.6101305484771729,1395.0465087890625,1609.573974609375
A2+A3,early_fusion,multitask,1.0,2502,0,0.4789881706237793,3000.099853515625,1987.7601318359375
A2+A3,early_fusion,multitask,1.0,2528,0,0.4779873788356781,2880.095947265625,1908.68896484375
A2+A3,early_fusion,multitask,1.0,2543,0,0.6125233769416809,1215.0404052734375,1583.4295654296875
A2+A3,early_fusion,multitask,1.0,2565,0,0.5390390157699585,2250.074951171875,1745.138427734375
A2+A3,early_fusion,multitask,1.0,2570,0,0.5051600337028503,2970.098876953125,1865.88916015625
A2+A3,early_fusion,multitask,1.0,2571,0,0.47804296016693115,2400.079833984375,1912.694091796875
A2+A3,early_fusion,multitask,1.0,2591,0,0.6122415065765381,2355.078369140625,1599.329345703125
A2+A3,early_fusion,multitask,1.0,2593,0,0.5246532559394836,1335.04443359375,1823.004638671875
A2+A3,early_fusion,multitask,1.0,2604,0,0.4812168776988983,3060.101806640625,1933.2186279296875
A2+A3,early_fusion,multitask,1.0,2621,0,0.49031901359558105,1395.0465087890625,1924.5224609375
A2+A3,early_fusion,multitask,1.0,2629,0,0.5140645503997803,1350.044921875,1753.4464111328125
A2+A3,early_fusion,multitask,1.0,2692,0,0.5157367587089539,1590.052978515625,1863.7440185546875
A2+A3,early_fusion,multitask,1.0,2698,0,0.6848117113113403,2295.076416015625,1383.9417724609375
A2+A3,early_fusion,multitask,1.0,2758,0,0.5031885504722595,1740.0579833984375,1751.84375
A2+A3,early_fusion,multitask,1.0,2787,0,0.4227049648761749,3045.101318359375,2104.39306640625
A2+A3,early_fusion,multitask,1.0,2788,0,0.5064378976821899,1905.0634765625,1682.334228515625
A2+A3,early_fusion,multitask,1.0,2792,0,0.8135250806808472,1905.0634765625,951.72705078125
A2+A3,early_fusion,multitask,1.0,2958,1,0.5070356130599976,585.0194702148438,1794.149169921875
A2+A3,early_fusion,multitask,1.0,3031,0,0.5395829677581787,1980.06591796875,1781.4327392578125
A2+A3,early_fusion,multitask,1.0,3032,1,0.6114076972007751,930.0309448242188,1604.0594482421875
A2+A3,early_fusion,multitask,1.0,3085,1,0.5094635486602783,855.0284423828125,1757.15771484375
A2+A3,early_fusion,multitask,1.0,3100,1,0.5856286287307739,540.0180053710938,1643.7110595703125
A2+A3,early_fusion,multitask,1.0,3109,0,0.5650789141654968,1905.0634765625,1710.1275634765625
A2+A3,early_fusion,multitask,1.0,3133,0,0.5438624024391174,1815.0604248046875,1677.61181640625
A2+A3,early_fusion,multitask,1.0,3135,1,0.5189264416694641,870.0289916992188,1670.672119140625
A2+A3,early_fusion,multitask,1.0,3174,1,0.8379676938056946,630.02099609375,912.8309326171875
A2+A3,early_fusion,multitask,1.0,3187,1,0.6143322587013245,660.02197265625,1594.3179931640625
A2+A3,early_fusion,multitask,1.0,3308,1,0.5470466613769531,750.0249633789062,1761.375
A2+A3,early_fusion,multitask,1.0,3329,1,0.7321077585220337,405.01348876953125,1270.7386474609375
A2+A3,early_fusion,multitask,1.0,3349,0,0.5617778897285461,2265.075439453125,1660.6072998046875
A2+A3,early_fusion,multitask,1.0,3365,1,0.48025840520858765,645.021484375,1849.717041015625
A2+A3,early_fusion,multitask,1.0,3370,0,0.8015030026435852,1245.04150390625,1051.624755859375
A2+A3,early_fusion,multitask,1.0,3375,0,0.5263484120368958,2370.078857421875,1817.8448486328125
A2+A3,early_fusion,multitask,1.0,3386,0,0.48262736201286316,1650.054931640625,1864.7965087890625
A2+A3,early_fusion,multitask,1.0,3388,1,0.5435671210289001,525.0174560546875,1805.037109375
A2+A3,early_fusion,multitask,1.0,3457,1,0.6000512838363647,780.0260009765625,1615.102294921875
A2+A3,early_fusion,multitask,1.0,3488,0,0.5049875974655151,2160.072021484375,1818.2188720703125
A2+A3,early_fusion,multitask,1.0,3497,0,0.685437023639679,2160.072021484375,1381.44677734375
A2+A3,early_fusion,multitask,1.0,3612,1,0.556718647480011,795.0264892578125,1732.50634765625
A2+A3,early_fusion,multitask,1.0,3642,1,0.5353884696960449,810.0269775390625,1792.7237548828125
A2+A3,early_fusion,multitask,1.0,3671,0,0.7785466313362122,1710.056884765625,1124.82470703125
A2+A3,early_fusion,multitask,1.0,3690,0,0.48194968700408936,2565.08544921875,1910.501953125
A2+A3,early_fusion,multitask,1.0,3727,0,0.6191436648368835,1695.056396484375,1602.0697021484375
A2+A3,early_fusion,multitask,1.0,3751,0,0.5042147040367126,1200.0399169921875,1859.356689453125
A2+A3,early_fusion,multitask,1.0,3763,0,0.7598101496696472,1920.06396484375,1147.9619140625
A2+A3,early_fusion,multitask,1.0,3770,0,0.5833557844161987,1935.064453125,1648.6727294921875
A2+A3,early_fusion,multitask,1.0,3814,0,0.4780440032482147,2190.072998046875,1928.5223388671875
A2+A3,early_fusion,multitask,1.0,3823,0,0.5042834281921387,1440.0479736328125,1783.4083251953125
A2+A3,early_fusion,multitask,1.0,3845,0,0.5203022360801697,1965.0654296875,1736.650634765625
A2+A3,early_fusion,multitask,1.0,3847,0,0.48667845129966736,1410.0469970703125,1877.3331298828125
A2+A3,early_fusion,multitask,1.0,3859,1,0.5692408680915833,465.0154724121094,950.4034423828125
A2+A3,early_fusion,multitask,1.0,3865,1,0.5519697666168213,570.0189819335938,1746.917724609375
A2+A3,early_fusion,multitask,1.0,3996,0,0.6129869222640991,1095.0364990234375,1598.463623046875
A2+A3,early_fusion,multitask,1.0,3997,1,0.6280657052993774,615.0205078125,1538.71533203125
A2+A3,early_fusion,multitask,1.0,4008,1,0.5737637281417847,330.010986328125,781.08837890625
A2+A3,early_fusion,multitask,1.0,4029,1,0.4819750487804413,660.02197265625,1955.859375
A2+A3,early_fusion,multitask,1.0,4054,0,0.7968232035636902,1395.0465087890625,1066.88427734375
A2+A3,early_fusion,multitask,1.0,4083,1,0.7440192699432373,420.01397705078125,1231.80322265625
A2+A3,early_fusion,multitask,1.0,4126,0,0.5803658366203308,1155.0384521484375,1702.5308837890625
A2+A3,early_fusion,multitask,1.0,4135,1,0.7084697484970093,465.0154724121094,1324.264404296875
A2+A3,early_fusion,multitask,1.0,4161,1,0.777970016002655,375.0124816894531,1083.3848876953125
A2+A3,early_fusion,multitask,1.0,4169,0,0.48862382769584656,2280.075927734375,1918.9854736328125
A2+A3,early_fusion,multitask,1.0,4172,0,0.46760305762290955,1320.0439453125,1961.3851318359375
A2+A3,early_fusion,multitask,1.0,4178,0,0.5150284767150879,1650.054931640625,1847.240478515625
A2+A3,early_fusion,multitask,1.0,4240,0,0.520854115486145,1725.0574951171875,1824.960693359375
A2+A3,early_fusion,multitask,1.0,4284,1,0.5649716854095459,360.0119934082031,1071.523681640625
A2+A3,early_fusion,multitask,1.0,4286,1,0.5388574004173279,870.0289916992188,1797.97802734375
A2+A3,early_fusion,multitask,1.0,4290,0,0.6657440662384033,1425.0474853515625,1437.6064453125
A2+A3,early_fusion,multitask,1.0,4297,0,0.5281069874763489,1530.0509033203125,1818.1142578125
A2+A3,early_fusion,multitask,1.0,4310,0,0.4355962574481964,1980.06591796875,2055.172607421875
A2+A3,early_fusion,multitask,1.0,4357,1,0.42477867007255554,915.0304565429688,2098.46728515625
A2+A3,early_fusion,multitask,1.0,4434,1,0.614513099193573,1035.034423828125,1599.0849609375
A2+A3,early_fusion,multitask,1.0,4655,0,0.7831032872200012,1305.04345703125,1111.27099609375
A2+A3,early_fusion,multitask,1.0,4659,1,0.49984318017959595,285.0094909667969,1765.6478271484375
A2+A3,early_fusion,multitask,1.0,27,0,0.48015937209129333,2145.08203125,1907.9544677734375
A2+A3,early_fusion,multitask,1.0,28,1,0.4981541931629181,915.0349731445312,1916.9786376953125
A2+A3,early_fusion,multitask,1.0,60,1,0.5319088101387024,855.03271484375,1802.6973876953125
A2+A3,early_fusion,multitask,1.0,67,0,0.5474961400032043,2550.097412109375,1746.9473876953125
A2+A3,early_fusion,multitask,1.0,69,0,0.4613388776779175,1725.06591796875,1974.9039306640625
A2+A3,early_fusion,multitask,1.0,73,0,0.47068846225738525,1635.0625,1953.824951171875
A2+A3,early_fusion,multitask,1.0,74,0,0.48165586590766907,1845.070556640625,1901.29052734375
A2+A3,early_fusion,multitask,1.0,96,1,0.4981168210506439,450.0172119140625,1932.9559326171875
A2+A3,early_fusion,multitask,1.0,106,1,0.4993695914745331,360.0137634277344,1836.6240234375
A2+A3,early_fusion,multitask,1.0,113,0,0.481840044260025,1140.0435791015625,1934.0677490234375
A2+A3,early_fusion,multitask,1.0,123,0,0.4816069006919861,2310.08837890625,1830.5357666015625
A2+A3,early_fusion,multitask,1.0,139,0,0.5305580496788025,1155.044189453125,1797.5157470703125
A2+A3,early_fusion,multitask,1.0,143,0,0.48798373341560364,1320.050537109375,1932.579345703125
A2+A3,early_fusion,multitask,1.0,144,1,0.4576360583305359,510.0195007324219,1984.91845703125
A2+A3,early_fusion,multitask,1.0,153,0,0.5038704872131348,1335.051025390625,1820.58642578125
A2+A3,early_fusion,multitask,1.0,160,1,0.5021195411682129,390.0149230957031,1796.9776611328125
A2+A3,early_fusion,multitask,1.0,174,0,0.4809286594390869,3060.116943359375,1873.3863525390625
A2+A3,early_fusion,multitask,1.0,215,0,0.4806246757507324,1785.0682373046875,1905.6019287109375
A2+A3,early_fusion,multitask,1.0,219,0,0.47071772813796997,2355.090087890625,1953.789306640625
A2+A3,early_fusion,multitask,1.0,221,0,0.5288761258125305,2250.0859375,1805.1180419921875
A2+A3,early_fusion,multitask,1.0,230,0,0.5349470973014832,2625.100341796875,1786.86767578125
A2+A3,early_fusion,multitask,1.0,267,0,0.531079888343811,1980.07568359375,1795.2445068359375
A2+A3,early_fusion,multitask,1.0,278,0,0.5177756547927856,2010.076904296875,1786.2427978515625
A2+A3,early_fusion,multitask,1.0,283,1,0.5293101668357849,795.0303955078125,1801.733642578125
A2+A3,early_fusion,multitask,1.0,326,0,0.4829626977443695,1680.064208984375,1844.276611328125
A2+A3,early_fusion,multitask,1.0,327,0,0.5333860516548157,1845.070556640625,1789.128662109375
A2+A3,early_fusion,multitask,1.0,328,0,0.5304741859436035,1665.063720703125,1803.858642578125
A2+A3,early_fusion,multitask,1.0,347,0,0.5351800918579102,2850.10888671875,1784.055908203125
A2+A3,early_fusion,multitask,1.0,356,0,0.5301134586334229,2070.0791015625,1799.787109375
A2+A3,early_fusion,multitask,1.0,360,0,0.5241901874542236,1620.06201171875,1579.117919921875
A2+A3,early_fusion,multitask,1.0,361,0,0.5012132525444031,1680.064208984375,1829.738525390625
A2+A3,early_fusion,multitask,1.0,363,0,0.49155694246292114,1635.0625,1886.801025390625
A2+A3,early_fusion,multitask,1.0,375,0,0.48232734203338623,3480.133056640625,1857.738037109375
A2+A3,early_fusion,multitask,1.0,383,0,0.4563921391963959,1725.06591796875,1988.5673828125
A2+A3,early_fusion,multitask,1.0,384,1,0.493152916431427,900.034423828125,1931.0360107421875
A2+A3,early_fusion,multitask,1.0,401,0,0.5258076786994934,2445.093505859375,1766.0504150390625
A2+A3,early_fusion,multitask,1.0,418,0,0.5086634755134583,1920.073486328125,1806.14697265625
A2+A3,early_fusion,multitask,1.0,432,0,0.5491642951965332,1530.0584716796875,1752.767578125
A2+A3,early_fusion,multitask,1.0,467,0,0.5430631637573242,3420.130859375,1760.740234375
A2+A3,early_fusion,multitask,1.0,503,0,0.49674826860427856,1335.051025390625,1913.793701171875
A2+A3,early_fusion,multitask,1.0,504,0,0.5266905426979065,2445.093505859375,1816.172607421875
A2+A3,early_fusion,multitask,1.0,509,0,0.5146867036819458,2670.10205078125,1846.4373779296875
A2+A3,early_fusion,multitask,1.0,514,0,0.4704142212867737,3000.11474609375,1954.4578857421875
A2+A3,early_fusion,multitask,1.0,536,0,0.4638032019138336,2070.0791015625,1969.33935546875
A2+A3,early_fusion,multitask,1.0,538,1,0.5647618174552917,990.037841796875,1707.7254638671875
A2+A3,early_fusion,multitask,1.0,541,0,0.5336188077926636,1110.04248046875,1791.100341796875
A2+A3,early_fusion,multitask,1.0,544,0,0.5173780918121338,2925.11181640625,1839.67626953125
A2+A3,early_fusion,multitask,1.0,549,0,0.6028386950492859,1830.0699462890625,1602.45556640625
A2+A3,early_fusion,multitask,1.0,551,0,0.5063558220863342,1410.053955078125,1868.078857421875
A2+A3,early_fusion,multitask,1.0,573,0,0.46731433272361755,3165.12109375,1961.678466796875
A2+A3,early_fusion,multitask,1.0,581,0,0.5136855244636536,3150.120361328125,1751.481689453125
A2+A3,early_fusion,multitask,1.0,590,0,0.5332875847816467,2925.11181640625,1744.357666015625
A2+A3,early_fusion,multitask,1.0,593,0,0.4825313091278076,2460.093994140625,1870.750244140625
A2+A3,early_fusion,multitask,1.0,601,0,0.5423916578292847,1455.0556640625,1761.7158203125
A2+A3,early_fusion,multitask,1.0,628,0,0.4627678692340851,1365.05224609375,1972.218017578125
A2+A3,early_fusion,multitask,1.0,645,0,0.5310400128364563,1545.05908203125,1796.0914306640625
A2+A3,early_fusion,multitask,1.0,659,0,0.4685670733451843,2610.099853515625,1958.7618408203125
A2+A3,early_fusion,multitask,1.0,662,0,0.5649045705795288,1425.0545654296875,1691.49560546875
A2+A3,early_fusion,multitask,1.0,667,1,0.47679948806762695,660.0252685546875,1941.1357421875
A2+A3,early_fusion,multitask,1.0,680,0,0.5475226044654846,3630.138916015625,1757.1617431640625
A2+A3,early_fusion,multitask,1.0,694,0,0.4750473201274872,3075.11767578125,1945.11376953125
A2+A3,early_fusion,multitask,1.0,708,1,0.5517027378082275,1065.040771484375,1719.427490234375
A2+A3,early_fusion,multitask,1.0,714,1,0.5407922267913818,1005.0384521484375,1771.85693359375
A2+A3,early_fusion,multitask,1.0,717,0,0.674972414970398,1605.0614013671875,1423.5736083984375
A2+A3,early_fusion,multitask,1.0,726,0,0.47940462827682495,1560.0596923828125,1934.940185546875
A2+A3,early_fusion,multitask,1.0,740,0,0.5511052012443542,2115.080810546875,1749.848876953125
A2+A3,early_fusion,multitask,1.0,744,0,0.5550839900970459,3435.13134765625,1733.6895751953125
A2+A3,early_fusion,multitask,1.0,756,0,0.5470097661018372,1815.0694580078125,1729.5650634765625
A2+A3,early_fusion,multitask,1.0,798,0,0.6278513669967651,2490.09521484375,1539.7877197265625
A2+A3,early_fusion,multitask,1.0,804,0,0.5050340294837952,2820.10791015625,1982.0726318359375
A2+A3,early_fusion,multitask,1.0,825,0,0.5067370533943176,1755.067138671875,1867.77294921875
A2+A3,early_fusion,multitask,1.0,836,0,0.4824562668800354,3390.129638671875,1854.134765625
A2+A3,early_fusion,multitask,1.0,838,0,0.47954511642456055,2865.109619140625,1918.410400390625
A2+A3,early_fusion,multitask,1.0,854,0,0.5516232252120972,2790.106689453125,1741.09765625
A2+A3,early_fusion,multitask,1.0,856,0,0.5197134613990784,2700.103271484375,1782.21826171875
A2+A3,early_fusion,multitask,1.0,861,1,0.4850984811782837,375.01434326171875,1876.8465576171875
A2+A3,early_fusion,multitask,1.0,870,0,0.5275611281394958,2895.11083984375,1812.71142578125
A2+A3,early_fusion,multitask,1.0,874,0,0.508172333240509,3180.12158203125,1807.7081298828125
A2+A3,early_fusion,multitask,1.0,880,1,0.48109227418899536,690.0263671875,1892.3746337890625
A2+A3,early_fusion,multitask,1.0,881,0,0.6115188002586365,1485.0567626953125,1598.392578125
A2+A3,early_fusion,multitask,1.0,885,0,0.4916938543319702,2460.093994140625,1927.0841064453125
A2+A3,early_fusion,multitask,1.0,891,0,0.5448224544525146,2310.08837890625,1762.4326171875
A2+A3,early_fusion,multitask,1.0,893,0,0.5316457748413086,1350.0516357421875,1803.3692626953125
A2+A3,early_fusion,multitask,1.0,896,0,0.5639553666114807,2595.099365234375,1716.84716796875
A2+A3,early_fusion,multitask,1.0,906,0,0.4791184365749359,3300.126220703125,1885.671142578125
A2+A3,early_fusion,multitask,1.0,907,0,0.4987693428993225,1455.0556640625,1923.822509765625
A2+A3,early_fusion,multitask,1.0,915,0,0.47791028022766113,3465.132568359375,1927.729736328125
A2+A3,early_fusion,multitask,1.0,922,0,0.4667133688926697,1590.060791015625,1963.0494384765625
A2+A3,early_fusion,multitask,1.0,932,0,0.4969685673713684,2595.099365234375,1906.1527099609375
A2+A3,early_fusion,multitask,1.0,968,0,0.5368649959564209,2040.0780029296875,1779.6348876953125
A2+A3,early_fusion,multitask,1.0,973,1,0.5275834202766418,660.0252685546875,1806.831787109375
A2+A3,early_fusion,multitask,1.0,992,0,0.6571231484413147,3195.122314453125,1467.4188232421875
A2+A3,early_fusion,multitask,1.0,1003,0,0.534135639667511,2835.1083984375,1743.716796875
A2+A3,early_fusion,multitask,1.0,1012,1,0.48118218779563904,300.011474609375,1849.777099609375
A2+A3,early_fusion,multitask,1.0,1015,0,0.5314900875091553,2130.08154296875,1805.58544921875
A2+A3,early_fusion,multitask,1.0,1024,0,0.5999090671539307,2730.1044921875,1608.934814453125
A2+A3,early_fusion,multitask,1.0,1026,0,0.5303323864936829,2700.103271484375,1831.4014892578125
A2+A3,early_fusion,multitask,1.0,1027,0,0.52824467420578,2310.08837890625,1826.4017333984375
A2+A3,early_fusion,multitask,1.0,1029,1,0.5259484052658081,825.0315551757812,1768.6993408203125
A2+A3,early_fusion,multitask,1.0,1038,0,0.5696533918380737,1575.060302734375,1681.40966796875
A2+A3,early_fusion,multitask,1.0,1044,0,0.5704851150512695,1935.073974609375,1680.237548828125
A2+A3,early_fusion,multitask,1.0,1089,0,0.590246856212616,2385.09130859375,1638.49462890625
A2+A3,early_fusion,multitask,1.0,1093,0,0.47978100180625916,1320.050537109375,1913.8397216796875
A2+A3,early_fusion,multitask,1.0,1110,0,0.6225065588951111,1770.0677490234375,1554.007568359375
A2+A3,early_fusion,multitask,1.0,1133,0,0.6138010025024414,2475.0947265625,1575.6295166015625
A2+A3,early_fusion,multitask,1.0,1141,0,0.5119453072547913,2505.095703125,1800.6805419921875
A2+A3,early_fusion,multitask,1.0,1144,0,0.46774688363075256,1545.05908203125,1960.50927734375
A2+A3,early_fusion,multitask,1.0,1149,1,0.501741349697113,1035.03955078125,1764.9288330078125
A2+A3,early_fusion,multitask,1.0,1166,0,0.5606995224952698,2190.083740234375,1696.650390625
A2+A3,early_fusion,multitask,1.0,1173,0,0.480496346950531,1155.044189453125,1873.7657470703125
A2+A3,early_fusion,multitask,1.0,1191,0,0.5814303755760193,1230.0469970703125,1677.5849609375
A2+A3,early_fusion,multitask,1.0,1193,0,0.5082215666770935,2280.087158203125,1807.3809814453125
A2+A3,early_fusion,multitask,1.0,1196,0,0.48456987738609314,1725.06591796875,1834.2723388671875
A2+A3,early_fusion,multitask,1.0,1206,0,0.44108012318611145,1500.057373046875,2039.2005615234375
A2+A3,early_fusion,multitask,1.0,1210,0,0.47205233573913574,1500.057373046875,1966.5369873046875
A2+A3,early_fusion,multitask,1.0,1214,0,0.5558679103851318,3360.12841796875,1742.9039306640625
A2+A3,early_fusion,multitask,1.0,1225,0,0.49580898880958557,2025.077392578125,1816.5335693359375
A2+A3,early_fusion,multitask,1.0,1231,1,0.5121716260910034,525.0200805664062,1796.5050048828125
A2+A3,early_fusion,multitask,1.0,1239,1,0.5568456053733826,585.0223999023438,1711.66943359375
A2+A3,early_fusion,multitask,1.0,1240,0,0.49630823731422424,1455.0556640625,1893.8731689453125
A2+A3,early_fusion,multitask,1.0,1242,1,0.5520102977752686,510.0195007324219,1745.9190673828125
A2+A3,early_fusion,multitask,1.0,1257,1,0.49717995524406433,900.034423828125,1836.296875
A2+A3,early_fusion,multitask,1.0,1259,0,0.47335052490234375,2490.09521484375,1948.7650146484375
A2+A3,early_fusion,multitask,1.0,1265,0,0.575247049331665,1110.04248046875,1667.8797607421875
A2+A3,early_fusion,multitask,1.0,1302,0,0.5107142925262451,1770.0677490234375,1806.715576171875
A2+A3,early_fusion,multitask,1.0,1307,0,0.507705807685852,1425.0545654296875,1767.541259765625
A2+A3,early_fusion,multitask,1.0,1332,0,0.5572766661643982,1290.04931640625,1709.56787109375
A2+A3,early_fusion,multitask,1.0,1339,0,0.49261078238487244,1890.072265625,1903.0184326171875
A2+A3,early_fusion,multitask,1.0,1397,1,0.5091660022735596,900.034423828125,1723.67626953125
A2+A3,early_fusion,multitask,1.0,1425,0,0.5608927607536316,2640.10107421875,1716.9764404296875
A2+A3,early_fusion,multitask,1.0,1461,0,0.5133914947509766,2955.113037109375,1863.29833984375
A2+A3,early_fusion,multitask,1.0,1462,0,0.7765201330184937,3150.12060546875,1089.4521484375
A2+A3,early_fusion,multitask,1.0,1467,0,0.5355510115623474,1650.0631103515625,1750.89794921875
A2+A3,early_fusion,multitask,1.0,1469,0,0.6524226069450378,2205.084228515625,1479.290771484375
A2+A3,early_fusion,multitask,1.0,1484,0,0.5050225257873535,2655.1015625,1872.067626953125
A2+A3,early_fusion,multitask,1.0,1569,0,0.6757681965827942,1680.064208984375,1420.9525146484375
A2+A3,early_fusion,multitask,1.0,1582,1,0.5343448519706726,1080.041259765625,1753.595947265625
A2+A3,early_fusion,multitask,1.0,1590,0,0.5094749331474304,3375.129150390625,1863.309326171875
A2+A3,early_fusion,multitask,1.0,1591,0,0.4807841181755066,3015.115234375,1861.0360107421875
A2+A3,early_fusion,multitask,1.0,1593,0,0.506456196308136,1650.0631103515625,1940.2615966796875
A2+A3,early_fusion,multitask,1.0,1595,0,0.551922619342804,1245.047607421875,1742.12255859375
A2+A3,early_fusion,multitask,1.0,1598,1,0.48806440830230713,660.0252685546875,1825.3958740234375
A2+A3,early_fusion,multitask,1.0,1603,0,0.5759432315826416,2565.09814453125,1677.136962890625
A2+A3,early_fusion,multitask,1.0,1612,0,0.5385486483573914,1500.057373046875,1784.3006591796875
A2+A3,early_fusion,multitask,1.0,1616,1,0.5174214839935303,660.0252685546875,1839.1451416015625
A2+A3,early_fusion,multitask,1.0,1668,0,0.49825337529182434,1860.0711669921875,1780.4715576171875
A2+A3,early_fusion,multitask,1.0,1707,0,0.6150901317596436,2595.099365234375,1571.92138671875
A2+A3,early_fusion,multitask,1.0,1799,0,0.5059865713119507,2370.090576171875,1793.427001953125
A2+A3,early_fusion,multitask,1.0,1803,1,0.5983224511146545,375.01434326171875,1617.7508544921875
A2+A3,early_fusion,multitask,1.0,1844,0,0.4971958100795746,1860.0711669921875,1914.2437744140625
A2+A3,early_fusion,multitask,1.0,1906,0,0.509384274482727,1230.0469970703125,1917.520751953125
A2+A3,early_fusion,multitask,1.0,1928,0,0.5136754512786865,2040.0780029296875,1789.160400390625
A2+A3,early_fusion,multitask,1.0,1933,1,0.6412948369979858,570.0217895507812,1506.939697265625
A2+A3,early_fusion,multitask,1.0,1937,0,0.48901835083961487,2565.09814453125,1753.9005126953125
A2+A3,early_fusion,multitask,1.0,1943,0,0.5184304714202881,2445.093505859375,1838.2373046875
A2+A3,early_fusion,multitask,1.0,1973,0,0.6404151320457458,2280.087158203125,1523.9005126953125
A2+A3,early_fusion,multitask,1.0,2003,0,0.6163849830627441,2490.09521484375,1568.8367919921875
A2+A3,early_fusion,multitask,1.0,2012,0,0.5486598610877991,1920.073486328125,1652.5721435546875
A2+A3,early_fusion,multitask,1.0,2032,1,0.4990512430667877,600.02294921875,1789.0406494140625
A2+A3,early_fusion,multitask,1.0,2049,0,0.8144894242286682,1560.0596923828125,944.1978759765625
A2+A3,early_fusion,multitask,1.0,2109,0,0.518044650554657,1770.0677490234375,1555.3831787109375
A2+A3,early_fusion,multitask,1.0,2112,0,0.536063015460968,2940.112548828125,1790.41552734375
A2+A3,early_fusion,multitask,1.0,2152,0,0.518685519695282,1620.06201171875,1779.6141357421875
A2+A3,early_fusion,multitask,1.0,2197,0,0.5610084533691406,3000.11474609375,1702.25390625
A2+A3,early_fusion,multitask,1.0,2215,0,0.49028947949409485,1440.0550537109375,1929.910888671875
A2+A3,early_fusion,multitask,1.0,2220,1,0.5525290966033936,675.0258178710938,1741.137451171875
A2+A3,early_fusion,multitask,1.0,2225,0,0.5436689257621765,2085.079833984375,1648.893310546875
A2+A3,early_fusion,multitask,1.0,2255,0,0.49168750643730164,2070.0791015625,1901.829345703125
A2+A3,early_fusion,multitask,1.0,2273,0,0.5215286016464233,2100.080322265625,1771.6302490234375
A2+A3,early_fusion,multitask,1.0,2279,1,0.8770543336868286,1020.0390014648438,733.5223388671875
A2+A3,early_fusion,multitask,1.0,2311,1,0.48136138916015625,390.0149230957031,1930.54345703125
A2+A3,early_fusion,multitask,1.0,2314,0,0.4987086057662964,1995.0762939453125,1813.263427734375
A2+A3,early_fusion,multitask,1.0,2359,0,0.4993565082550049,2760.10546875,1764.5430908203125
A2+A3,early_fusion,multitask,1.0,2362,1,0.5211559534072876,660.0252685546875,1831.28466796875
A2+A3,early_fusion,multitask,1.0,2385,0,0.5288204550743103,2100.080322265625,1806.26416015625
A2+A3,early_fusion,multitask,1.0,2387,0,0.6894581317901611,1470.0562744140625,1388.170166015625
A2+A3,early_fusion,multitask,1.0,2450,0,0.5653102993965149,1740.0665283203125,1706.462890625
A2+A3,early_fusion,multitask,1.0,2452,0,0.4960038661956787,2145.08203125,1828.4918212890625
A2+A3,early_fusion,multitask,1.0,2458,1,0.5474214553833008,810.031005859375,1728.481201171875
A2+A3,early_fusion,multitask,1.0,2530,1,0.5012903213500977,990.037841796875,1918.79541015625
A2+A3,early_fusion,multitask,1.0,2533,0,0.4926777482032776,2115.080810546875,1913.1282958984375
A2+A3,early_fusion,multitask,1.0,2603,0,0.5954006314277649,2790.106689453125,1630.267333984375
A2+A3,early_fusion,multitask,1.0,2621,0,0.4897157847881317,1755.067138671875,1909.931884765625
A2+A3,early_fusion,multitask,1.0,2666,1,0.5491049289703369,915.0349731445312,1661.354736328125
A2+A3,early_fusion,multitask,1.0,2705,1,0.5525511503219604,915.0349731445312,1744.2689208984375
A2+A3,early_fusion,multitask,1.0,2736,0,0.6720073223114014,2685.102783203125,1421.428466796875
A2+A3,early_fusion,multitask,1.0,2757,0,0.48577356338500977,1335.051025390625,1863.798583984375
A2+A3,early_fusion,multitask,1.0,2813,1,0.5186868906021118,810.031005859375,1484.9423828125
A2+A3,early_fusion,multitask,1.0,2815,1,0.5630523562431335,735.0281372070312,1715.2064208984375
A2+A3,early_fusion,multitask,1.0,2839,0,0.5060812830924988,1935.073974609375,1716.736572265625
A2+A3,early_fusion,multitask,1.0,2863,0,0.48627761006355286,1815.0694580078125,1864.4345703125
A2+A3,early_fusion,multitask,1.0,2870,1,0.608023464679718,465.0177917480469,1589.4302978515625
A2+A3,early_fusion,multitask,1.0,2895,0,0.6503866314888,1875.07177734375,1484.419921875
A2+A3,early_fusion,multitask,1.0,2905,0,0.512825608253479,1830.0699462890625,1704.8592529296875
A2+A3,early_fusion,multitask,1.0,2918,1,0.5331732034683228,1065.040771484375,1744.60107421875
A2+A3,early_fusion,multitask,1.0,2921,0,0.7029416561126709,1140.0435791015625,1330.37451171875
A2+A3,early_fusion,multitask,1.0,2963,0,0.5290037989616394,2340.089599609375,1802.887451171875
A2+A3,early_fusion,multitask,1.0,2982,0,0.5605586171150208,1695.0648193359375,1623.251220703125
A2+A3,early_fusion,multitask,1.0,2988,1,0.7547178268432617,360.0137634277344,1191.2554931640625
A2+A3,early_fusion,multitask,1.0,3054,0,0.4924550950527191,2280.087158203125,1937.511474609375
A2+A3,early_fusion,multitask,1.0,3099,1,0.7906340956687927,870.0332641601562,1088.397216796875
A2+A3,early_fusion,multitask,1.0,3103,0,0.4952602982521057,1530.0584716796875,1882.052978515625
A2+A3,early_fusion,multitask,1.0,3112,0,0.5098384618759155,1590.060791015625,1843.33056640625
A2+A3,early_fusion,multitask,1.0,3113,0,0.588564932346344,2040.0780029296875,1641.8428955078125
A2+A3,early_fusion,multitask,1.0,3135,0,0.7960466742515564,1230.0469970703125,1070.9400634765625
A2+A3,early_fusion,multitask,1.0,3165,0,0.5459263920783997,1890.072265625,1660.275146484375
A2+A3,early_fusion,multitask,1.0,3199,1,0.5135750770568848,810.031005859375,1855.4991455078125
A2+A3,early_fusion,multitask,1.0,3277,1,0.5053610801696777,825.0315551757812,1845.788330078125
A2+A3,early_fusion,multitask,1.0,3299,1,0.6230545043945312,795.0303955078125,1555.72119140625
A2+A3,early_fusion,multitask,1.0,3312,0,0.5531582832336426,1440.0550537109375,1743.855712890625
A2+A3,early_fusion,multitask,1.0,3318,0,0.5236316919326782,1560.0596923828125,1575.272705078125
A2+A3,early_fusion,multitask,1.0,3330,0,0.512888491153717,1935.073974609375,1916.64453125
A2+A3,early_fusion,multitask,1.0,3338,1,0.5841825604438782,255.00975036621094,1676.6754150390625
A2+A3,early_fusion,multitask,1.0,3355,0,0.5445353984832764,1680.064208984375,1725.9852294921875
A2+A3,early_fusion,multitask,1.0,3442,1,0.5308986306190491,585.0223999023438,1522.8980712890625
A2+A3,early_fusion,multitask,1.0,3478,0,0.5887653231620789,1350.0516357421875,1648.9837646484375
A2+A3,early_fusion,multitask,1.0,3492,1,0.5272161960601807,705.0269775390625,1760.282958984375
A2+A3,early_fusion,multitask,1.0,3521,0,0.7820940613746643,2025.0775146484375,1116.701416015625
A2+A3,early_fusion,multitask,1.0,3540,1,0.6375728845596313,375.01434326171875,1523.5372314453125
A2+A3,early_fusion,multitask,1.0,3556,0,0.6587137579917908,1500.057373046875,1471.563720703125
A2+A3,early_fusion,multitask,1.0,3684,0,0.4829404354095459,2100.080322265625,1850.4202880859375
A2+A3,early_fusion,multitask,1.0,3718,0,0.5824949145317078,1845.070556640625,1660.142822265625
A2+A3,early_fusion,multitask,1.0,3828,1,0.5968625545501709,975.0372924804688,1615.5260009765625
A2+A3,dual_branch,single_task,,15,1,0.41635072231292725,315.010498046875,
A2+A3,dual_branch,single_task,,31,0,0.49069732427597046,1860.0618896484375,
A2+A3,dual_branch,single_task,,38,0,0.42298364639282227,1635.054443359375,
A2+A3,dual_branch,single_task,,43,1,0.6270100474357605,105.00349426269531,
A2+A3,dual_branch,single_task,,46,0,0.568856954574585,1620.053955078125,
A2+A3,dual_branch,single_task,,54,0,0.4737808406352997,1965.0654296875,
A2+A3,dual_branch,single_task,,57,0,0.4932650923728943,1500.0499267578125,
A2+A3,dual_branch,single_task,,92,0,0.48200497031211853,3555.118408203125,
A2+A3,dual_branch,single_task,,97,1,0.6069356799125671,900.0299682617188,
A2+A3,dual_branch,single_task,,102,0,0.5664148330688477,3150.10498046875,
A2+A3,dual_branch,single_task,,108,0,0.47052979469299316,1950.06494140625,
A2+A3,dual_branch,single_task,,117,0,0.4971637427806854,2985.099365234375,
A2+A3,dual_branch,single_task,,122,0,0.5781450867652893,1950.06494140625,
A2+A3,dual_branch,single_task,,134,1,0.47247225046157837,585.0194702148438,
A2+A3,dual_branch,single_task,,146,0,0.4679946303367615,1125.0374755859375,
A2+A3,dual_branch,single_task,,172,0,0.5011429786682129,1710.056884765625,
A2+A3,dual_branch,single_task,,181,0,0.4838811457157135,3525.117431640625,
A2+A3,dual_branch,single_task,,192,0,0.42611372470855713,3360.11181640625,
A2+A3,dual_branch,single_task,,197,0,0.5927430987358093,2115.0703125,
A2+A3,dual_branch,single_task,,201,0,0.4682546555995941,1215.0404052734375,
A2+A3,dual_branch,single_task,,204,0,0.6196202039718628,2040.06787109375,
A2+A3,dual_branch,single_task,,207,0,0.5557486414909363,1815.0604248046875,
A2+A3,dual_branch,single_task,,224,0,0.48927995562553406,1485.0494384765625,
A2+A3,dual_branch,single_task,,226,0,0.45177164673805237,2760.091796875,
A2+A3,dual_branch,single_task,,232,0,0.4595237672328949,1665.055419921875,
A2+A3,dual_branch,single_task,,242,0,0.5223550796508789,3555.118408203125,
A2+A3,dual_branch,single_task,,260,0,0.4169692397117615,1890.06298828125,
A2+A3,dual_branch,single_task,,261,0,0.4893270432949066,1320.0439453125,
A2+A3,dual_branch,single_task,,272,1,0.5289359092712402,435.0144958496094,
A2+A3,dual_branch,single_task,,283,0,0.4706117808818817,1650.054931640625,
A2+A3,dual_branch,single_task,,285,0,0.4497133791446686,1545.0513916015625,
A2+A3,dual_branch,single_task,,286,1,0.6154597997665405,630.02099609375,
A2+A3,dual_branch,single_task,,287,0,0.4501301348209381,3660.121826171875,
A2+A3,dual_branch,single_task,,289,0,0.4559219777584076,1590.052978515625,
A2+A3,dual_branch,single_task,,308,0,0.4384281039237976,1830.0609130859375,
A2+A3,dual_branch,single_task,,312,0,0.6907055377960205,1665.055419921875,
A2+A3,dual_branch,single_task,,331,0,0.5169976949691772,3330.11083984375,
A2+A3,dual_branch,single_task,,334,0,0.5031433701515198,2235.074462890625,
A2+A3,dual_branch,single_task,,362,0,0.8244497776031494,1500.0499267578125,
A2+A3,dual_branch,single_task,,368,0,0.5936427712440491,3375.1123046875,
A2+A3,dual_branch,single_task,,370,0,0.5725709199905396,1950.06494140625,
A2+A3,dual_branch,single_task,,380,0,0.561259925365448,3555.118408203125,
A2+A3,dual_branch,single_task,,384,0,0.4700881242752075,3075.102294921875,
A2+A3,dual_branch,single_task,,395,0,0.4686024487018585,2415.080322265625,
A2+A3,dual_branch,single_task,,396,0,0.4816863238811493,2460.08203125,
A2+A3,dual_branch,single_task,,404,0,0.5262014865875244,2835.094482421875,
A2+A3,dual_branch,single_task,,416,1,0.5319652557373047,540.0180053710938,
A2+A3,dual_branch,single_task,,422,1,0.5249148011207581,735.0244750976562,
A2+A3,dual_branch,single_task,,428,0,0.5844712853431702,1740.0579833984375,
A2+A3,dual_branch,single_task,,430,0,0.6196693181991577,2715.09033203125,
A2+A3,dual_branch,single_task,,437,0,0.5598074793815613,3000.099853515625,
A2+A3,dual_branch,single_task,,441,0,0.5494306087493896,1620.053955078125,
A2+A3,dual_branch,single_task,,453,0,0.431454062461853,2025.0673828125,
A2+A3,dual_branch,single_task,,460,0,0.49714571237564087,2865.095458984375,
A2+A3,dual_branch,single_task,,461,0,0.5003626346588135,2685.08935546875,
A2+A3,dual_branch,single_task,,478,0,0.5528112053871155,3090.102783203125,
A2+A3,dual_branch,single_task,,498,0,0.495612233877182,1215.0404052734375,
A2+A3,dual_branch,single_task,,509,0,0.47181710600852966,3255.1083984375,
A2+A3,dual_branch,single_task,,514,0,0.4899059236049652,3045.101318359375,
A2+A3,dual_branch,single_task,,518,0,0.5471351742744446,1380.0458984375,
A2+A3,dual_branch,single_task,,522,0,0.5783755779266357,2235.074462890625,
A2+A3,dual_branch,single_task,,530,0,0.5238200426101685,3150.10498046875,
A2+A3,dual_branch,single_task,,544,0,0.4451207220554352,1140.0379638671875,
A2+A3,dual_branch,single_task,,546,0,0.45197123289108276,1665.055419921875,
A2+A3,dual_branch,single_task,,561,0,0.5470173358917236,2925.097412109375,
A2+A3,dual_branch,single_task,,575,0,0.5089656710624695,3540.117919921875,
A2+A3,dual_branch,single_task,,578,0,0.58314049243927,2625.08740234375,
A2+A3,dual_branch,single_task,,580,1,0.5771779417991638,240.00799560546875,
A2+A3,dual_branch,single_task,,599,0,0.5486360788345337,1605.053466796875,
A2+A3,dual_branch,single_task,,604,0,0.4517192840576172,2535.08447265625,
A2+A3,dual_branch,single_task,,612,0,0.4701543152332306,1740.0579833984375,
A2+A3,dual_branch,single_task,,615,0,0.5759927034378052,1770.0589599609375,
A2+A3,dual_branch,single_task,,617,0,0.5972499847412109,1755.0584716796875,
A2+A3,dual_branch,single_task,,629,0,0.5874584317207336,1815.0604248046875,
A2+A3,dual_branch,single_task,,635,0,0.4969136416912079,3045.101318359375,
A2+A3,dual_branch,single_task,,637,0,0.5862886309623718,2970.098876953125,
A2+A3,dual_branch,single_task,,647,0,0.5512935519218445,2640.087890625,
A2+A3,dual_branch,single_task,,653,0,0.47443732619285583,3600.119873046875,
A2+A3,dual_branch,single_task,,658,0,0.6470645070075989,2070.06884765625,
A2+A3,dual_branch,single_task,,691,0,0.5647124648094177,1530.0509033203125,
A2+A3,dual_branch,single_task,,692,0,0.5865206122398376,2655.08837890625,
A2+A3,dual_branch,single_task,,700,0,0.592366635799408,1380.0458984375,
A2+A3,dual_branch,single_task,,712,1,0.6057345867156982,960.031982421875,
A2+A3,dual_branch,single_task,,714,0,0.6227424740791321,1710.056884765625,
A2+A3,dual_branch,single_task,,740,0,0.548005223274231,1395.0465087890625,
A2+A3,dual_branch,single_task,,741,0,0.5599488019943237,2865.095458984375,
A2+A3,dual_branch,single_task,,744,0,0.5150684118270874,3120.10400390625,
A2+A3,dual_branch,single_task,,745,0,0.4465171992778778,2475.08251953125,
A2+A3,dual_branch,single_task,,752,0,0.5259122252464294,1980.06591796875,
A2+A3,dual_branch,single_task,,753,0,0.4788978099822998,1515.0504150390625,
A2+A3,dual_branch,single_task,,762,0,0.46679019927978516,1830.0609130859375,
A2+A3,dual_branch,single_task,,770,0,0.4286611080169678,1485.0494384765625,
A2+A3,dual_branch,single_task,,778,0,0.5576776266098022,3270.10888671875,
A2+A3,dual_branch,single_task,,786,0,0.4707207977771759,2640.087890625,
A2+A3,dual_branch,single_task,,794,0,0.43209946155548096,3150.10498046875,
A2+A3,dual_branch,single_task,,807,0,0.42066335678100586,1530.0509033203125,
A2+A3,dual_branch,single_task,,811,0,0.4702623188495636,2925.097412109375,
A2+A3,dual_branch,single_task,,814,0,0.5363683700561523,2190.072998046875,
A2+A3,dual_branch,single_task,,818,0,0.5738920569419861,2535.08447265625,
A2+A3,dual_branch,single_task,,820,0,0.6995948553085327,2745.09130859375,
A2+A3,dual_branch,single_task,,828,0,0.5024042129516602,1650.054931640625,
A2+A3,dual_branch,single_task,,854,0,0.4965706765651703,1455.0484619140625,
A2+A3,dual_branch,single_task,,868,0,0.4731256067752838,2565.08544921875,
A2+A3,dual_branch,single_task,,875,0,0.48038655519485474,1335.04443359375,
A2+A3,dual_branch,single_task,,885,0,0.560218334197998,1380.0458984375,
A2+A3,dual_branch,single_task,,904,0,0.5234764218330383,1755.0584716796875,
A2+A3,dual_branch,single_task,,909,0,0.43467703461647034,3540.117919921875,
A2+A3,dual_branch,single_task,,912,0,0.5599727034568787,2820.093994140625,
A2+A3,dual_branch,single_task,,980,0,0.6267093420028687,2010.06689453125,
A2+A3,dual_branch,single_task,,993,0,0.5989454984664917,2505.08349609375,
A2+A3,dual_branch,single_task,,997,0,0.6226239204406738,2955.098388671875,
A2+A3,dual_branch,single_task,,1027,0,0.592875063419342,1545.0513916015625,
A2+A3,dual_branch,single_task,,1032,0,0.4817555546760559,2970.098876953125,
A2+A3,dual_branch,single_task,,1055,0,0.49076321721076965,2175.072509765625,
A2+A3,dual_branch,single_task,,1073,0,0.5036917328834534,2640.087890625,
A2+A3,dual_branch,single_task,,1077,0,0.4719233214855194,3450.114990234375,
A2+A3,dual_branch,single_task,,1079,1,0.5925331711769104,1050.034912109375,
A2+A3,dual_branch,single_task,,1089,0,0.5546186566352844,2370.078857421875,
A2+A3,dual_branch,single_task,,1097,0,0.5835203528404236,1515.0504150390625,
A2+A3,dual_branch,single_task,,1109,0,0.5115918517112732,3135.1044921875,
A2+A3,dual_branch,single_task,,1127,0,0.43877512216567993,2085.0693359375,
A2+A3,dual_branch,single_task,,1144,0,0.5082989931106567,3135.1044921875,
A2+A3,dual_branch,single_task,,1148,0,0.5008097290992737,2400.079833984375,
A2+A3,dual_branch,single_task,,1165,0,0.46426236629486084,2580.0859375,
A2+A3,dual_branch,single_task,,1168,0,0.7018929123878479,1620.053955078125,
A2+A3,dual_branch,single_task,,1175,1,0.5377642512321472,870.0289916992188,
A2+A3,dual_branch,single_task,,1191,0,0.5337374806404114,1290.04296875,
A2+A3,dual_branch,single_task,,1200,1,0.5676077008247375,510.0169677734375,
A2+A3,dual_branch,single_task,,1203,0,0.49890390038490295,2640.087890625,
A2+A3,dual_branch,single_task,,1204,0,0.4776724874973297,2730.0908203125,
A2+A3,dual_branch,single_task,,1216,0,0.5898871421813965,2430.080810546875,
A2+A3,dual_branch,single_task,,1231,1,0.6312359571456909,315.010498046875,
A2+A3,dual_branch,single_task,,1243,1,0.6550076007843018,915.0304565429688,
A2+A3,dual_branch,single_task,,1249,0,0.4709383249282837,2580.0859375,
A2+A3,dual_branch,single_task,,1271,0,0.6752795577049255,2520.083984375,
A2+A3,dual_branch,single_task,,1284,1,0.6155079007148743,375.0124816894531,
A2+A3,dual_branch,single_task,,1288,0,0.44874638319015503,3120.10400390625,
A2+A3,dual_branch,single_task,,1298,0,0.46844935417175293,3240.10791015625,
A2+A3,dual_branch,single_task,,1299,0,0.6542811989784241,1455.0484619140625,
A2+A3,dual_branch,single_task,,1396,0,0.578799307346344,1905.0634765625,
A2+A3,dual_branch,single_task,,1414,1,0.6523939967155457,150.00498962402344,
A2+A3,dual_branch,single_task,,1424,0,0.5595486760139465,1290.04296875,
A2+A3,dual_branch,single_task,,1472,0,0.49264758825302124,1215.0404052734375,
A2+A3,dual_branch,single_task,,1475,0,0.5242102742195129,3045.101318359375,
A2+A3,dual_branch,single_task,,1498,0,0.6694598197937012,2520.083984375,
A2+A3,dual_branch,single_task,,1508,1,0.5027948617935181,300.0099792480469,
A2+A3,dual_branch,single_task,,1510,0,0.6093178391456604,1260.0419921875,
A2+A3,dual_branch,single_task,,1515,0,0.5304930210113525,1470.0489501953125,
A2+A3,dual_branch,single_task,,1518,0,0.6461782455444336,1980.06591796875,
A2+A3,dual_branch,single_task,,1591,1,0.6588760018348694,630.02099609375,
A2+A3,dual_branch,single_task,,1599,0,0.636874258518219,1890.06298828125,
A2+A3,dual_branch,single_task,,1602,0,0.5781762003898621,2220.073974609375,
A2+A3,dual_branch,single_task,,1604,0,0.5531776547431946,2160.072021484375,
A2+A3,dual_branch,single_task,,1645,0,0.464067667722702,2280.075927734375,
A2+A3,dual_branch,single_task,,1662,0,0.7192292213439941,1530.0509033203125,
A2+A3,dual_branch,single_task,,1696,1,0.4384336471557617,840.0279541015625,
A2+A3,dual_branch,single_task,,1705,0,0.6529592275619507,1275.04248046875,
A2+A3,dual_branch,single_task,,1719,0,0.58226478099823,3030.100830078125,
A2+A3,dual_branch,single_task,,1726,0,0.6148220896720886,2640.087890625,
A2+A3,dual_branch,single_task,,1748,0,0.5174812078475952,1380.0458984375,
A2+A3,dual_branch,single_task,,1775,0,0.5239365100860596,1680.055908203125,
A2+A3,dual_branch,single_task,,1783,0,0.5781543254852295,2295.076416015625,
A2+A3,dual_branch,single_task,,1792,1,0.47650882601737976,1005.033447265625,
A2+A3,dual_branch,single_task,,1810,0,0.5723900198936462,1635.054443359375,
A2+A3,dual_branch,single_task,,1816,1,0.4995746612548828,810.0269775390625,
A2+A3,dual_branch,single_task,,1818,0,0.5849382281303406,2655.08837890625,
A2+A3,dual_branch,single_task,,1822,1,0.48356717824935913,825.0274658203125,
A2+A3,dual_branch,single_task,,1846,0,0.6591309309005737,2850.094970703125,
A2+A3,dual_branch,single_task,,1889,0,0.4949924945831299,2430.080810546875,
A2+A3,dual_branch,single_task,,1892,0,0.5886853933334351,2100.06982421875,
A2+A3,dual_branch,single_task,,1915,0,0.6147190928459167,1350.044921875,
A2+A3,dual_branch,single_task,,1945,1,0.629155695438385,615.0205078125,
A2+A3,dual_branch,single_task,,1963,0,0.4289041757583618,1170.0389404296875,
A2+A3,dual_branch,single_task,,1988,0,0.6944007277488708,1995.06640625,
A2+A3,dual_branch,single_task,,2000,0,0.4937322735786438,2340.077880859375,
A2+A3,dual_branch,single_task,,2027,0,0.6106368899345398,2040.06787109375,
A2+A3,dual_branch,single_task,,2038,1,0.5043907165527344,540.0180053710938,
A2+A3,dual_branch,single_task,,2041,0,0.6471527814865112,3045.101318359375,
A2+A3,dual_branch,single_task,,2045,0,0.5897470712661743,2205.073486328125,
A2+A3,dual_branch,single_task,,2087,0,0.5901124477386475,2475.08251953125,
A2+A3,dual_branch,single_task,,2113,0,0.5011612176895142,1170.0389404296875,
A2+A3,dual_branch,single_task,,2146,0,0.5021044611930847,2010.06689453125,
A2+A3,dual_branch,single_task,,2160,0,0.44883275032043457,2460.08203125,
A2+A3,dual_branch,single_task,,2167,0,0.5035145878791809,1350.044921875,
A2+A3,dual_branch,single_task,,2187,0,0.7345578670501709,2370.078857421875,
A2+A3,dual_branch,single_task,,2192,0,0.6271734833717346,1470.0489501953125,
A2+A3,dual_branch,single_task,,2201,0,0.6106680035591125,1305.04345703125,
A2+A3,dual_branch,single_task,,2229,0,0.7152534127235413,1395.0465087890625,
A2+A3,dual_branch,single_task,,2284,0,0.5046963095664978,2130.071044921875,
A2+A3,dual_branch,single_task,,2299,0,0.6346474885940552,2085.0693359375,
A2+A3,dual_branch,single_task,,2302,0,0.5708807706832886,2070.06884765625,
A2+A3,dual_branch,single_task,,2321,0,0.6569550037384033,2355.078369140625,
A2+A3,dual_branch,single_task,,2333,0,0.5699343085289001,3075.102294921875,
A2+A3,dual_branch,single_task,,2339,0,0.6292263269424438,1830.0609130859375,
A2+A3,dual_branch,single_task,,2355,0,0.6499963998794556,1200.0399169921875,
A2+A3,dual_branch,single_task,,2382,0,0.5307889580726624,1545.0513916015625,
A2+A3,dual_branch,single_task,,2420,1,0.6046358942985535,855.0284423828125,
A2+A3,dual_branch,single_task,,2434,0,0.6648886799812317,1515.0504150390625,
A2+A3,dual_branch,single_task,,2459,1,0.6238381266593933,915.0304565429688,
A2+A3,dual_branch,single_task,,2473,0,0.5934455394744873,1395.0465087890625,
A2+A3,dual_branch,single_task,,2502,0,0.4708249866962433,3000.099853515625,
A2+A3,dual_branch,single_task,,2528,0,0.5856630206108093,2880.095947265625,
A2+A3,dual_branch,single_task,,2543,0,0.5768783688545227,1215.0404052734375,
A2+A3,dual_branch,single_task,,2565,0,0.5569961071014404,2250.074951171875,
A2+A3,dual_branch,single_task,,2570,0,0.5247166752815247,2970.098876953125,
A2+A3,dual_branch,single_task,,2571,0,0.5665187835693359,2400.079833984375,
A2+A3,dual_branch,single_task,,2591,0,0.6279350519180298,2355.078369140625,
A2+A3,dual_branch,single_task,,2593,0,0.5941724181175232,1335.04443359375,
A2+A3,dual_branch,single_task,,2604,0,0.5521396994590759,3060.101806640625,
A2+A3,dual_branch,single_task,,2621,0,0.5719302296638489,1395.0465087890625,
A2+A3,dual_branch,single_task,,2629,0,0.5560596585273743,1350.044921875,
A2+A3,dual_branch,single_task,,2692,0,0.5840317606925964,1590.052978515625,
A2+A3,dual_branch,single_task,,2698,0,0.6582337021827698,2295.076416015625,
A2+A3,dual_branch,single_task,,2758,0,0.6474539637565613,1740.0579833984375,
A2+A3,dual_branch,single_task,,2787,0,0.42353197932243347,3045.101318359375,
A2+A3,dual_branch,single_task,,2788,0,0.6698616743087769,1905.0634765625,
A2+A3,dual_branch,single_task,,2792,0,0.724686324596405,1905.0634765625,
A2+A3,dual_branch,single_task,,2958,1,0.548238217830658,585.0194702148438,
A2+A3,dual_branch,single_task,,3031,0,0.5102295279502869,1980.06591796875,
A2+A3,dual_branch,single_task,,3032,1,0.5821014642715454,930.0309448242188,
A2+A3,dual_branch,single_task,,3085,1,0.6364519000053406,855.0284423828125,
A2+A3,dual_branch,single_task,,3100,1,0.5904689431190491,540.0180053710938,
A2+A3,dual_branch,single_task,,3109,0,0.6066025495529175,1905.0634765625,
A2+A3,dual_branch,single_task,,3133,0,0.5969446897506714,1815.0604248046875,
A2+A3,dual_branch,single_task,,3135,1,0.6708301901817322,870.0289916992188,
A2+A3,dual_branch,single_task,,3174,1,0.8267465829849243,630.02099609375,
A2+A3,dual_branch,single_task,,3187,1,0.6295968294143677,660.02197265625,
A2+A3,dual_branch,single_task,,3308,1,0.5104972720146179,750.0249633789062,
A2+A3,dual_branch,single_task,,3329,1,0.7328647971153259,405.01348876953125,
A2+A3,dual_branch,single_task,,3349,0,0.6813139915466309,2265.075439453125,
A2+A3,dual_branch,single_task,,3365,1,0.6036972999572754,645.021484375,
A2+A3,dual_branch,single_task,,3370,0,0.8049605488777161,1245.04150390625,
A2+A3,dual_branch,single_task,,3375,0,0.5098811388015747,2370.078857421875,
A2+A3,dual_branch,single_task,,3386,0,0.496991366147995,1650.054931640625,
A2+A3,dual_branch,single_task,,3388,1,0.6085246205329895,525.0174560546875,
A2+A3,dual_branch,single_task,,3457,1,0.7385404109954834,780.0260009765625,
A2+A3,dual_branch,single_task,,3488,0,0.4594734311103821,2160.072021484375,
A2+A3,dual_branch,single_task,,3497,0,0.634019672870636,2160.072021484375,
A2+A3,dual_branch,single_task,,3612,1,0.547208309173584,795.0264892578125,
A2+A3,dual_branch,single_task,,3642,1,0.5200101733207703,810.0269775390625,
A2+A3,dual_branch,single_task,,3671,0,0.7309582233428955,1710.056884765625,
A2+A3,dual_branch,single_task,,3690,0,0.491619735956192,2565.08544921875,
A2+A3,dual_branch,single_task,,3727,0,0.6563484072685242,1695.056396484375,
A2+A3,dual_branch,single_task,,3751,0,0.5944820642471313,1200.0399169921875,
A2+A3,dual_branch,single_task,,3763,0,0.6783995032310486,1920.06396484375,
A2+A3,dual_branch,single_task,,3770,0,0.6281672120094299,1935.064453125,
A2+A3,dual_branch,single_task,,3814,0,0.5682342648506165,2190.072998046875,
A2+A3,dual_branch,single_task,,3823,0,0.5341033935546875,1440.0479736328125,
A2+A3,dual_branch,single_task,,3845,0,0.553724467754364,1965.0654296875,
A2+A3,dual_branch,single_task,,3847,0,0.4982834458351135,1410.0469970703125,
A2+A3,dual_branch,single_task,,3859,1,0.8206069469451904,465.0154724121094,
A2+A3,dual_branch,single_task,,3865,1,0.6073537468910217,570.0189819335938,
A2+A3,dual_branch,single_task,,3996,0,0.6755768656730652,1095.0364990234375,
A2+A3,dual_branch,single_task,,3997,1,0.5917624831199646,615.0205078125,
A2+A3,dual_branch,single_task,,4008,1,0.8162425756454468,330.010986328125,
A2+A3,dual_branch,single_task,,4029,1,0.48043662309646606,660.02197265625,
A2+A3,dual_branch,single_task,,4054,0,0.7377006411552429,1395.0465087890625,
A2+A3,dual_branch,single_task,,4083,1,0.6623247861862183,420.01397705078125,
A2+A3,dual_branch,single_task,,4126,0,0.6681137084960938,1155.0384521484375,
A2+A3,dual_branch,single_task,,4135,1,0.6643357872962952,465.0154724121094,
A2+A3,dual_branch,single_task,,4161,1,0.699808657169342,375.0124816894531,
A2+A3,dual_branch,single_task,,4169,0,0.5141323804855347,2280.075927734375,
A2+A3,dual_branch,single_task,,4172,0,0.4835810959339142,1320.0439453125,
A2+A3,dual_branch,single_task,,4178,0,0.5060120820999146,1650.054931640625,
A2+A3,dual_branch,single_task,,4240,0,0.5540492534637451,1725.0574951171875,
A2+A3,dual_branch,single_task,,4284,1,0.796826958656311,360.0119934082031,
A2+A3,dual_branch,single_task,,4286,1,0.6320120096206665,870.0289916992188,
A2+A3,dual_branch,single_task,,4290,0,0.5995866656303406,1425.0474853515625,
A2+A3,dual_branch,single_task,,4297,0,0.5449425578117371,1530.0509033203125,
A2+A3,dual_branch,single_task,,4310,0,0.44228214025497437,1980.06591796875,
A2+A3,dual_branch,single_task,,4357,1,0.42943745851516724,915.0304565429688,
A2+A3,dual_branch,single_task,,4434,1,0.6407739520072937,1035.034423828125,
A2+A3,dual_branch,single_task,,4655,0,0.7191666960716248,1305.04345703125,
A2+A3,dual_branch,single_task,,4659,1,0.5192974209785461,285.0094909667969,
A2+A3,dual_branch,single_task,,27,0,0.491914838552475,2145.08203125,
A2+A3,dual_branch,single_task,,28,1,0.5852944850921631,915.0349731445312,
A2+A3,dual_branch,single_task,,60,1,0.5033358931541443,855.03271484375,
A2+A3,dual_branch,single_task,,67,0,0.5918461084365845,2550.097412109375,
A2+A3,dual_branch,single_task,,69,0,0.4698532819747925,1725.06591796875,
A2+A3,dual_branch,single_task,,73,0,0.48360106348991394,1635.0625,
A2+A3,dual_branch,single_task,,74,0,0.4988057613372803,1845.070556640625,
A2+A3,dual_branch,single_task,,96,1,0.5727741122245789,450.0172119140625,
A2+A3,dual_branch,single_task,,106,1,0.5963730216026306,360.0137634277344,
A2+A3,dual_branch,single_task,,113,0,0.4982047379016876,1140.0435791015625,
A2+A3,dual_branch,single_task,,123,0,0.49495768547058105,2310.08837890625,
A2+A3,dual_branch,single_task,,139,0,0.5860675573348999,1155.044189453125,
A2+A3,dual_branch,single_task,,143,0,0.5621317625045776,1320.050537109375,
A2+A3,dual_branch,single_task,,144,1,0.46225276589393616,510.0195007324219,
A2+A3,dual_branch,single_task,,153,0,0.4640171527862549,1335.051025390625,
A2+A3,dual_branch,single_task,,160,1,0.6169901490211487,390.0149230957031,
A2+A3,dual_branch,single_task,,174,0,0.494236558675766,3060.116943359375,
A2+A3,dual_branch,single_task,,215,0,0.49474889039993286,1785.0682373046875,
A2+A3,dual_branch,single_task,,219,0,0.48397573828697205,2355.090087890625,
A2+A3,dual_branch,single_task,,221,0,0.5696591138839722,2250.0859375,
A2+A3,dual_branch,single_task,,230,0,0.5853384137153625,2625.100341796875,
A2+A3,dual_branch,single_task,,267,0,0.5784273743629456,1980.07568359375,
A2+A3,dual_branch,single_task,,278,0,0.5193342566490173,2010.076904296875,
A2+A3,dual_branch,single_task,,283,1,0.5786053538322449,795.0303955078125,
A2+A3,dual_branch,single_task,,326,0,0.4995075464248657,1680.064208984375,
A2+A3,dual_branch,single_task,,327,0,0.608497142791748,1845.070556640625,
A2+A3,dual_branch,single_task,,328,0,0.5684084296226501,1665.063720703125,
A2+A3,dual_branch,single_task,,347,0,0.5925657749176025,2850.10888671875,
A2+A3,dual_branch,single_task,,356,0,0.5688855051994324,2070.0791015625,
A2+A3,dual_branch,single_task,,360,0,0.6837375164031982,1620.06201171875,
A2+A3,dual_branch,single_task,,361,0,0.47088825702667236,1680.064208984375,
A2+A3,dual_branch,single_task,,363,0,0.5868320465087891,1635.0625,
A2+A3,dual_branch,single_task,,375,0,0.4986603558063507,3480.133056640625,
A2+A3,dual_branch,single_task,,383,0,0.46690475940704346,1725.06591796875,
A2+A3,dual_branch,single_task,,384,1,0.5851807594299316,900.034423828125,
A2+A3,dual_branch,single_task,,401,0,0.5107561945915222,2445.093505859375,
A2+A3,dual_branch,single_task,,418,0,0.47915878891944885,1920.073486328125,
A2+A3,dual_branch,single_task,,432,0,0.6219950318336487,1530.0584716796875,
A2+A3,dual_branch,single_task,,467,0,0.5465289354324341,3420.130859375,
A2+A3,dual_branch,single_task,,503,0,0.5764172077178955,1335.051025390625,
A2+A3,dual_branch,single_task,,504,0,0.5955430865287781,2445.093505859375,
A2+A3,dual_branch,single_task,,509,0,0.54658442735672,2670.10205078125,
A2+A3,dual_branch,single_task,,514,0,0.4881553053855896,3000.11474609375,
A2+A3,dual_branch,single_task,,536,0,0.4783111810684204,2070.0791015625,
A2+A3,dual_branch,single_task,,538,1,0.6608564257621765,990.037841796875,
A2+A3,dual_branch,single_task,,541,0,0.6144284009933472,1110.04248046875,
A2+A3,dual_branch,single_task,,544,0,0.5802057385444641,2925.11181640625,
A2+A3,dual_branch,single_task,,549,0,0.5606668591499329,1830.0699462890625,
A2+A3,dual_branch,single_task,,551,0,0.5001292824745178,1410.053955078125,
A2+A3,dual_branch,single_task,,573,0,0.48428788781166077,3165.12109375,
A2+A3,dual_branch,single_task,,581,0,0.6415783166885376,3150.120361328125,
A2+A3,dual_branch,single_task,,590,0,0.5450957417488098,2925.11181640625,
A2+A3,dual_branch,single_task,,593,0,0.49687904119491577,2460.093994140625,
A2+A3,dual_branch,single_task,,601,0,0.5920913219451904,1455.0556640625,
A2+A3,dual_branch,single_task,,628,0,0.47942978143692017,1365.05224609375,
A2+A3,dual_branch,single_task,,645,0,0.5917502045631409,1545.05908203125,
A2+A3,dual_branch,single_task,,659,0,0.49189189076423645,2610.099853515625,
A2+A3,dual_branch,single_task,,662,0,0.6085551381111145,1425.0545654296875,
A2+A3,dual_branch,single_task,,667,1,0.49054786562919617,660.0252685546875,
A2+A3,dual_branch,single_task,,680,0,0.6265039443969727,3630.138916015625,
A2+A3,dual_branch,single_task,,694,0,0.4828900694847107,3075.11767578125,
A2+A3,dual_branch,single_task,,708,1,0.548412024974823,1065.040771484375,
A2+A3,dual_branch,single_task,,714,1,0.6069619059562683,1005.0384521484375,
A2+A3,dual_branch,single_task,,717,0,0.6832242012023926,1605.0614013671875,
A2+A3,dual_branch,single_task,,726,0,0.48656779527664185,1560.0596923828125,
A2+A3,dual_branch,single_task,,740,0,0.5217292904853821,2115.080810546875,
A2+A3,dual_branch,single_task,,744,0,0.6158279180526733,3435.13134765625,
A2+A3,dual_branch,single_task,,756,0,0.54555344581604,1815.0694580078125,
A2+A3,dual_branch,single_task,,798,0,0.5816667675971985,2490.09521484375,
A2+A3,dual_branch,single_task,,804,0,0.5483304262161255,2820.10791015625,
A2+A3,dual_branch,single_task,,825,0,0.5094459056854248,1755.067138671875,
A2+A3,dual_branch,single_task,,836,0,0.4965483844280243,3390.129638671875,
A2+A3,dual_branch,single_task,,838,0,0.4984665513038635,2865.109619140625,
A2+A3,dual_branch,single_task,,854,0,0.6076124310493469,2790.106689453125,
A2+A3,dual_branch,single_task,,856,0,0.4913589656352997,2700.103271484375,
A2+A3,dual_branch,single_task,,861,1,0.5000375509262085,375.01434326171875,
A2+A3,dual_branch,single_task,,870,0,0.5551658272743225,2895.11083984375,
A2+A3,dual_branch,single_task,,874,0,0.48990121483802795,3180.12158203125,
A2+A3,dual_branch,single_task,,880,1,0.4955250024795532,690.0263671875,
A2+A3,dual_branch,single_task,,881,0,0.6027174592018127,1485.0567626953125,
A2+A3,dual_branch,single_task,,885,0,0.5700417757034302,2460.093994140625,
A2+A3,dual_branch,single_task,,891,0,0.5919155478477478,2310.08837890625,
A2+A3,dual_branch,single_task,,893,0,0.5122560262680054,1350.0516357421875,
A2+A3,dual_branch,single_task,,896,0,0.6372846961021423,2595.099365234375,
A2+A3,dual_branch,single_task,,906,0,0.4954460561275482,3300.126220703125,
A2+A3,dual_branch,single_task,,907,0,0.572561502456665,1455.0556640625,
A2+A3,dual_branch,single_task,,915,0,0.4963734447956085,3465.132568359375,
A2+A3,dual_branch,single_task,,922,0,0.48098912835121155,1590.060791015625,
A2+A3,dual_branch,single_task,,932,0,0.5812678933143616,2595.099365234375,
A2+A3,dual_branch,single_task,,968,0,0.5828444957733154,2040.0780029296875,
A2+A3,dual_branch,single_task,,973,1,0.5759589076042175,660.0252685546875,
A2+A3,dual_branch,single_task,,992,0,0.6583549380302429,3195.122314453125,
A2+A3,dual_branch,single_task,,1003,0,0.5851580500602722,2835.1083984375,
A2+A3,dual_branch,single_task,,1012,1,0.4931190609931946,300.011474609375,
A2+A3,dual_branch,single_task,,1015,0,0.5640869140625,2130.08154296875,
A2+A3,dual_branch,single_task,,1024,0,0.6467851400375366,2730.1044921875,
A2+A3,dual_branch,single_task,,1026,0,0.595341682434082,2700.103271484375,
A2+A3,dual_branch,single_task,,1027,0,0.6095040440559387,2310.08837890625,
A2+A3,dual_branch,single_task,,1029,1,0.5770703554153442,825.0315551757812,
A2+A3,dual_branch,single_task,,1038,0,0.5206508636474609,1575.060302734375,
A2+A3,dual_branch,single_task,,1044,0,0.5376816987991333,1935.073974609375,
A2+A3,dual_branch,single_task,,1089,0,0.548736572265625,2385.09130859375,
A2+A3,dual_branch,single_task,,1093,0,0.48875731229782104,1320.050537109375,
A2+A3,dual_branch,single_task,,1110,0,0.6652364730834961,1770.0677490234375,
A2+A3,dual_branch,single_task,,1133,0,0.5845696330070496,2475.0947265625,
A2+A3,dual_branch,single_task,,1141,0,0.5319730639457703,2505.095703125,
A2+A3,dual_branch,single_task,,1144,0,0.4831688702106476,1545.05908203125,
A2+A3,dual_branch,single_task,,1149,1,0.5265011191368103,1035.03955078125,
A2+A3,dual_branch,single_task,,1166,0,0.6036896109580994,2190.083740234375,
A2+A3,dual_branch,single_task,,1173,0,0.49080514907836914,1155.044189453125,
A2+A3,dual_branch,single_task,,1191,0,0.6531420946121216,1230.0469970703125,
A2+A3,dual_branch,single_task,,1193,0,0.4826594591140747,2280.087158203125,
A2+A3,dual_branch,single_task,,1196,0,0.5021181106567383,1725.06591796875,
A2+A3,dual_branch,single_task,,1206,0,0.44647109508514404,1500.057373046875,
A2+A3,dual_branch,single_task,,1210,0,0.4808816909790039,1500.057373046875,
A2+A3,dual_branch,single_task,,1214,0,0.6095336079597473,3360.12841796875,
A2+A3,dual_branch,single_task,,1225,0,0.5190989375114441,2025.077392578125,
A2+A3,dual_branch,single_task,,1231,1,0.5043449997901917,525.0200805664062,
A2+A3,dual_branch,single_task,,1239,1,0.529258668422699,585.0223999023438,
A2+A3,dual_branch,single_task,,1240,0,0.4939454197883606,1455.0556640625,
A2+A3,dual_branch,single_task,,1242,1,0.5333272218704224,510.0195007324219,
A2+A3,dual_branch,single_task,,1257,1,0.5226044058799744,900.034423828125,
A2+A3,dual_branch,single_task,,1259,0,0.48399850726127625,2490.09521484375,
A2+A3,dual_branch,single_task,,1265,0,0.5576346516609192,1110.04248046875,
A2+A3,dual_branch,single_task,,1302,0,0.5457552671432495,1770.0677490234375,
A2+A3,dual_branch,single_task,,1307,0,0.5349498391151428,1425.0545654296875,
A2+A3,dual_branch,single_task,,1332,0,0.5253497958183289,1290.04931640625,
A2+A3,dual_branch,single_task,,1339,0,0.4954959750175476,1890.072265625,
A2+A3,dual_branch,single_task,,1397,1,0.5368481874465942,900.034423828125,
A2+A3,dual_branch,single_task,,1425,0,0.633335292339325,2640.10107421875,
A2+A3,dual_branch,single_task,,1461,0,0.589111328125,2955.113037109375,
A2+A3,dual_branch,single_task,,1462,0,0.6975079774856567,3150.12060546875,
A2+A3,dual_branch,single_task,,1467,0,0.5625867247581482,1650.0631103515625,
A2+A3,dual_branch,single_task,,1469,0,0.6836777329444885,2205.084228515625,
A2+A3,dual_branch,single_task,,1484,0,0.4978361129760742,2655.1015625,
A2+A3,dual_branch,single_task,,1569,0,0.72273850440979,1680.064208984375,
A2+A3,dual_branch,single_task,,1582,1,0.5215206146240234,1080.041259765625,
A2+A3,dual_branch,single_task,,1590,0,0.5467537045478821,3375.129150390625,
A2+A3,dual_branch,single_task,,1591,0,0.4970540404319763,3015.115234375,
A2+A3,dual_branch,single_task,,1593,0,0.558038055896759,1650.0631103515625,
A2+A3,dual_branch,single_task,,1595,0,0.6160815358161926,1245.047607421875,
A2+A3,dual_branch,single_task,,1598,1,0.5042374134063721,660.0252685546875,
A2+A3,dual_branch,single_task,,1603,0,0.5511385202407837,2565.09814453125,
A2+A3,dual_branch,single_task,,1612,0,0.6220095157623291,1500.057373046875,
A2+A3,dual_branch,single_task,,1616,1,0.598717987537384,660.0252685546875,
A2+A3,dual_branch,single_task,,1668,0,0.5231412649154663,1860.0711669921875,
A2+A3,dual_branch,single_task,,1707,0,0.6951783299446106,2595.099365234375,
A2+A3,dual_branch,single_task,,1799,0,0.5457841157913208,2370.090576171875,
A2+A3,dual_branch,single_task,,1803,1,0.5648145079612732,375.01434326171875,
A2+A3,dual_branch,single_task,,1844,0,0.5787357091903687,1860.0711669921875,
A2+A3,dual_branch,single_task,,1906,0,0.5843020081520081,1230.0469970703125,
A2+A3,dual_branch,single_task,,1928,0,0.6235577464103699,2040.0780029296875,
A2+A3,dual_branch,single_task,,1933,1,0.6708338856697083,570.0217895507812,
A2+A3,dual_branch,single_task,,1937,0,0.49915236234664917,2565.09814453125,
A2+A3,dual_branch,single_task,,1943,0,0.5069828629493713,2445.093505859375,
A2+A3,dual_branch,single_task,,1973,0,0.6520107984542847,2280.087158203125,
A2+A3,dual_branch,single_task,,2003,0,0.6248952746391296,2490.09521484375,
A2+A3,dual_branch,single_task,,2012,0,0.603403627872467,1920.073486328125,
A2+A3,dual_branch,single_task,,2032,1,0.5253269672393799,600.02294921875,
A2+A3,dual_branch,single_task,,2049,0,0.7232947945594788,1560.0596923828125,
A2+A3,dual_branch,single_task,,2109,0,0.6928730607032776,1770.0677490234375,
A2+A3,dual_branch,single_task,,2112,0,0.5586974620819092,2940.112548828125,
A2+A3,dual_branch,single_task,,2152,0,0.5158606171607971,1620.06201171875,
A2+A3,dual_branch,single_task,,2197,0,0.548504114151001,3000.11474609375,
A2+A3,dual_branch,single_task,,2215,0,0.5716056227684021,1440.0550537109375,
A2+A3,dual_branch,single_task,,2220,1,0.5779132843017578,675.0258178710938,
A2+A3,dual_branch,single_task,,2225,0,0.5921229720115662,2085.079833984375,
A2+A3,dual_branch,single_task,,2255,0,0.5835342407226562,2070.0791015625,
A2+A3,dual_branch,single_task,,2273,0,0.5455852746963501,2100.080322265625,
A2+A3,dual_branch,single_task,,2279,1,0.8504358530044556,1020.0390014648438,
A2+A3,dual_branch,single_task,,2311,1,0.48647987842559814,390.0149230957031,
A2+A3,dual_branch,single_task,,2314,0,0.6159418225288391,1995.0762939453125,
A2+A3,dual_branch,single_task,,2359,0,0.5191364288330078,2760.10546875,
A2+A3,dual_branch,single_task,,2362,1,0.5084382891654968,660.0252685546875,
A2+A3,dual_branch,single_task,,2385,0,0.5495743751525879,2100.080322265625,
A2+A3,dual_branch,single_task,,2387,0,0.7203576564788818,1470.0562744140625,
A2+A3,dual_branch,single_task,,2450,0,0.6046481728553772,1740.0665283203125,
A2+A3,dual_branch,single_task,,2452,0,0.5210593938827515,2145.08203125,
A2+A3,dual_branch,single_task,,2458,1,0.509736180305481,810.031005859375,
A2+A3,dual_branch,single_task,,2530,1,0.5750471949577332,990.037841796875,
A2+A3,dual_branch,single_task,,2533,0,0.5785542726516724,2115.080810546875,
A2+A3,dual_branch,single_task,,2603,0,0.5775344371795654,2790.106689453125,
A2+A3,dual_branch,single_task,,2621,0,0.49187999963760376,1755.067138671875,
A2+A3,dual_branch,single_task,,2666,1,0.6030892133712769,915.0349731445312,
A2+A3,dual_branch,single_task,,2705,1,0.5265823602676392,915.0349731445312,
A2+A3,dual_branch,single_task,,2736,0,0.6158481240272522,2685.102783203125,
A2+A3,dual_branch,single_task,,2757,0,0.504651665687561,1335.051025390625,
A2+A3,dual_branch,single_task,,2813,1,0.7127513885498047,810.031005859375,
A2+A3,dual_branch,single_task,,2815,1,0.5492628216743469,735.0281372070312,
A2+A3,dual_branch,single_task,,2839,0,0.6484622955322266,1935.073974609375,
A2+A3,dual_branch,single_task,,2863,0,0.5021865367889404,1815.0694580078125,
A2+A3,dual_branch,single_task,,2870,1,0.6661007404327393,465.0177917480469,
A2+A3,dual_branch,single_task,,2895,0,0.6385931372642517,1875.07177734375,
A2+A3,dual_branch,single_task,,2905,0,0.5367417335510254,1830.0699462890625,
A2+A3,dual_branch,single_task,,2918,1,0.5493374466896057,1065.040771484375,
A2+A3,dual_branch,single_task,,2921,0,0.633600115776062,1140.0435791015625,
A2+A3,dual_branch,single_task,,2963,0,0.5664292573928833,2340.089599609375,
A2+A3,dual_branch,single_task,,2982,0,0.6139373779296875,1695.0648193359375,
A2+A3,dual_branch,single_task,,2988,1,0.7597483396530151,360.0137634277344,
A2+A3,dual_branch,single_task,,3054,0,0.5682466626167297,2280.087158203125,
A2+A3,dual_branch,single_task,,3099,1,0.7467637062072754,870.0332641601562,
A2+A3,dual_branch,single_task,,3103,0,0.5813964009284973,1530.0584716796875,
A2+A3,dual_branch,single_task,,3112,0,0.5900471210479736,1590.060791015625,
A2+A3,dual_branch,single_task,,3113,0,0.6316602826118469,2040.0780029296875,
A2+A3,dual_branch,single_task,,3135,0,0.800195574760437,1230.0469970703125,
A2+A3,dual_branch,single_task,,3165,0,0.5943518280982971,1890.072265625,
A2+A3,dual_branch,single_task,,3199,1,0.5689861178398132,810.031005859375,
A2+A3,dual_branch,single_task,,3277,1,0.5908783078193665,825.0315551757812,
A2+A3,dual_branch,single_task,,3299,1,0.7308152914047241,795.0303955078125,
A2+A3,dual_branch,single_task,,3312,0,0.5197280645370483,1440.0550537109375,
A2+A3,dual_branch,single_task,,3318,0,0.6706912517547607,1560.0596923828125,
A2+A3,dual_branch,single_task,,3330,0,0.5746930241584778,1935.073974609375,
A2+A3,dual_branch,single_task,,3338,1,0.6169201731681824,255.00975036621094,
A2+A3,dual_branch,single_task,,3355,0,0.5933522582054138,1680.064208984375,
A2+A3,dual_branch,single_task,,3442,1,0.702038049697876,585.0223999023438,
A2+A3,dual_branch,single_task,,3478,0,0.5971097350120544,1350.0516357421875,
A2+A3,dual_branch,single_task,,3492,1,0.5704593658447266,705.0269775390625,
A2+A3,dual_branch,single_task,,3521,0,0.7835137844085693,2025.0775146484375,
A2+A3,dual_branch,single_task,,3540,1,0.7424160838127136,375.01434326171875,
A2+A3,dual_branch,single_task,,3556,0,0.6707828044891357,1500.057373046875,
A2+A3,dual_branch,single_task,,3684,0,0.4978240430355072,2100.080322265625,
A2+A3,dual_branch,single_task,,3718,0,0.5509359240531921,1845.070556640625,
A2+A3,dual_branch,single_task,,3828,1,0.6561156511306763,975.0372924804688,
